employee_id,name,department,age,tenure_years,tenure_months,distance_km,wage,dept_wage_diff_pct,overtime_ratio,leave_days_taken,years_since_promo,manager_change_count,appraisal_score,duration_months,event_observed,attrition_prob_true,will_leave
1448,Synthetic Employee 1448,Operations,23,3.6,43,32.15742775944221,11250817,-0.04334733029034435,0.3483773663803545,14,1.3,0,3.8,51,1,0.5532456625864993,1
1115,Synthetic Employee 1115,Marketing,44,1.0,12,47.68657683098702,12029708,-0.09994198649540188,0.25280127150076037,14,0.4,0,3.0,24,1,0.601384356020213,1
1065,Synthetic Employee 1065,Human Resources,40,0.7,8,30.423164366906533,10159577,-0.18944687015890177,0.48503609566451655,14,0.3,0,1.4,20,1,0.95,1
2288,Synthetic Employee 2288,Human Resources,25,3.6,43,20.626865278436156,11852896,-0.05652709673899728,0.6942451773112971,15,3.2,1,3.1,55,0,0.6232886496471632,0
1538,Synthetic Employee 1538,Human Resources,30,1.0,12,52.41152051280798,10523356,-0.24405198803919753,0.26691718490769306,15,0.9,0,3.8,24,1,0.95,1
669,Synthetic Employee 0669,Sales,36,6.0,72,37.89757321444977,17750186,0.3101262054328787,0.4138256394510146,19,3.2,1,3.0,84,0,0.8107711790462842,0
1584,Synthetic Employee 1584,Engineering,38,0.7,8,47.33808054286583,16459845,-0.10250650709223857,0.40622723225338286,16,0.7,3,3.0,20,1,0.7101436250309472,1
2405,Synthetic Employee 2405,Sales,21,1.9,22,12.125293268133507,14476907,0.03230496178158865,0.3457005926125134,19,0.5,0,3.4,34,0,0.3224961659315037,0
498,Synthetic Employee 0498,Human Resources,36,2.5,30,15.643300669768617,12139170,0.04371083526793948,0.4876559073996569,18,1.8,0,3.3,42,0,0.3917436540719039,0
2481,Synthetic Employee 2481,Engineering,39,6.0,72,16.731719519104907,19908355,0.14287413661898635,0.5887564857941135,22,0.9,0,2.4,84,1,0.5843518160223519,1
472,Synthetic Employee 0472,Engineering,38,1.6,19,36.72619642163057,14904398,-0.2146129830310883,0.42735183798902626,11,0.5,0,3.1,31,1,0.9007585146369274,1
247,Synthetic Employee 0247,Human Resources,45,2.6,31,8.562750401648467,11918207,-0.06335229941265028,0.3432233548343159,10,1.5,0,2.9,43,1,0.28580253935360844,1
924,Synthetic Employee 0924,Human Resources,49,3.3,39,28.469132698796432,11153798,-0.12382674588709028,0.3212824558048973,23,0.6,1,4.1,51,0,0.3690590876253712,0
1132,Synthetic Employee 1132,Consulting,40,2.1,25,10.051380685826379,12528490,-0.06718858005500504,0.6631792965574426,24,1.2,0,4.5,37,1,0.6043902030360839,1
671,Synthetic Employee 0671,Human Resources,45,1.1,13,33.25696217705222,11376231,-0.1600496194350292,0.40940074738016363,15,0.5,0,2.9,25,1,0.9492322092664458,1
917,Synthetic Employee 0917,Sales,25,7.9,94,25.862413731525923,15358483,0.0032352616113777155,0.5352566029693409,17,5.7,1,4.1,106,1,0.5867718488314155,1
1415,Synthetic Employee 1415,Sales,21,0.8,9,19.92618973150551,13928082,-0.005228860963417764,0.38250006272659987,15,0.8,3,2.0,21,1,0.457100017563448,1
1607,Synthetic Employee 1607,Sales,45,3.4,40,81.2056119810783,14743210,-0.06484665351517363,0.38928939193368006,8,1.7,1,3.9,52,0,0.6211010297414304,0
403,Synthetic Employee 0403,Sales,41,18.2,218,44.97479802780204,14563466,-0.02601630475577657,0.7162760241045818,15,1.4,1,3.9,230,0,0.7464572867492829,0
1104,Synthetic Employee 1104,Consulting,42,0.3,3,25.934841151178627,13948388,0.00228731817551478,0.40800592712109973,17,0.3,2,2.9,15,0,0.45734165959390793,0
2073,Synthetic Employee 2073,Operations,23,4.7,56,32.993835376311935,14147813,0.24771519733124128,0.4692110109163792,14,4.1,0,3.9,68,0,0.7124790830565861,0
720,Synthetic Employee 0720,Sales,42,0.5,6,46.515221092191496,13157165,-0.12205375226246869,0.6245256364476847,13,0.3,1,2.7,18,1,0.8762671782053517,1
2012,Synthetic Employee 2012,Marketing,26,12.2,146,52.188415431297926,13745891,-0.0031047192688843928,0.7658033070939224,10,4.1,0,2.9,151,1,0.8733249259862983,1
2437,Synthetic Employee 2437,Sales,32,1.0,12,38.290173536748846,15085204,0.025861068612129973,0.5186376414344959,21,0.6,0,2.5,24,0,0.7692185396016589,0
197,Synthetic Employee 0197,Engineering,37,0.7,8,30.597459831263695,10599270,-0.49315443686366783,0.4407337742269514,18,0.2,0,3.8,17,1,0.95,1
892,Synthetic Employee 0892,Marketing,35,0.4,4,95.0,14556368,0.22484960554968297,0.5398293159609416,14,0.4,0,4.7,16,1,0.8360522084690637,1
1265,Synthetic Employee 1265,Engineering,32,8.9,106,32.00495190148242,17427529,-0.08983095243791556,0.4165847348442679,14,0.9,1,4.3,117,0,0.572343725756395,0
1035,Synthetic Employee 1035,Consulting,46,1.8,21,21.20815887402805,11762565,-0.17478068329679597,0.7062355251491262,11,0.6,0,3.4,33,0,0.8644459470417554,0
1326,Synthetic Employee 1326,Engineering,37,7.7,92,30.534238256271728,21698965,0.1799232034212852,0.40001860892767904,30,2.5,1,4.6,104,1,0.6317052104997503,1
510,Synthetic Employee 0510,Consulting,26,1.5,18,36.55911463456856,9987629,-0.3804005037365432,0.4614656802406306,12,0.5,1,3.2,30,1,0.95,1
1428,Synthetic Employee 1428,Sales,37,0.8,9,25.851843889113002,12174954,-0.18454014733063945,0.5213318080696369,9,0.4,1,3.6,21,0,0.7065729062594983,0
195,Synthetic Employee 0195,Sales,44,0.3,3,13.606970073235384,10625020,-0.39597929146464006,0.25548679868923074,14,0.2,0,3.1,15,1,0.6521363036329846,1
1180,Synthetic Employee 1180,Marketing,35,11.2,134,12.089512348084455,17824518,0.38810950028980573,0.7180205816742771,15,4.9,0,3.2,144,1,0.6299457628687977,1
2033,Synthetic Employee 2033,Marketing,42,0.6,7,6.6372755454913435,9138919,-0.3990185708426852,0.49789818174016975,14,0.5,0,3.7,18,1,0.95,1
933,Synthetic Employee 0933,Marketing,34,0.3,3,34.63827473030453,10424960,-0.26401335879421145,0.8732783538060396,24,0.3,1,4.0,15,1,0.95,1
1125,Synthetic Employee 1125,Operations,44,4.6,55,27.292279513483123,10232945,-0.24381334273438787,0.8123177834176714,14,3.4,0,2.8,63,1,0.95,1
1823,Synthetic Employee 1823,Engineering,26,5.1,61,34.189446374894786,17526803,-0.008703996254260493,0.66088420338761,21,4.2,1,2.3,73,1,0.95,1
1367,Synthetic Employee 1367,Engineering,29,3.6,43,45.71371339527701,13870145,-0.27593952775245667,0.7137874818429978,21,0.9,1,4.4,46,1,0.95,1
1993,Synthetic Employee 1993,Operations,53,0.4,4,52.397966195354314,11442004,0.05864010870479977,0.40504150274470085,13,0.3,0,2.8,16,1,0.6346116207685162,1
1259,Synthetic Employee 1259,Engineering,24,4.8,57,40.23157346342762,18126096,-0.05520386463947033,0.6500474230259761,17,4.7,0,2.9,69,1,0.8689132784472733,1
2275,Synthetic Employee 2275,Sales,51,0.3,3,14.223581366925213,11967037,-0.1877710596185396,0.6174603336962754,19,0.2,0,3.7,15,1,0.9482888934349571,1
1274,Synthetic Employee 1274,Consulting,34,5.2,62,11.216930461091417,11838388,-0.16239786509642068,0.6664523414644157,21,2.7,1,3.0,74,1,0.8933066556100364,1
1937,Synthetic Employee 1937,Consulting,32,2.1,25,10.744623354557916,14008788,0.029216197929430865,0.5157592234169044,13,1.7,0,2.5,37,0,0.4323125825567332,0
1267,Synthetic Employee 1267,Sales,46,11.6,139,2.204185656140469,18581226,0.32463668503625676,0.5915729058453376,22,1.9,0,3.2,151,0,0.48954041363669454,0
773,Synthetic Employee 0773,Finance,31,0.5,6,31.911985370955673,16697077,0.04764557507954875,0.5923348647312583,16,0.3,0,3.4,18,1,0.7698537621247523,1
1609,Synthetic Employee 1609,Sales,36,3.2,38,18.569958065321575,10868212,-0.17970528403386435,0.645495087738321,12,1.6,2,4.1,50,1,0.9387386245667299,1
1312,Synthetic Employee 1312,Consulting,34,0.5,6,52.752605089115114,13368007,-0.08506224224356632,0.6787143022358552,22,0.3,0,2.7,18,1,0.8180400046260394,1
135,Synthetic Employee 0135,Marketing,21,0.3,3,14.51386700508832,11525379,-0.0453865376277774,0.38488764390197455,14,0.3,1,3.9,15,0,0.38836854029255286,0
1856,Synthetic Employee 1856,Human Resources,24,0.3,3,16.40476334417885,9731385,-0.2981482670386427,0.3913130850457516,13,0.3,0,3.7,4,1,0.6861676638128105,1
2400,Synthetic Employee 2400,Consulting,34,0.3,3,40.14692043719071,9526534,-0.4851116649721089,0.6374063255591114,17,0.3,0,4.2,5,1,0.95,1
421,Synthetic Employee 0421,Engineering,32,2.1,25,35.65145613865449,18161278,0.0006534282361019828,0.5471295518951987,10,1.1,3,3.3,37,1,0.7409962745306558,1
1756,Synthetic Employee 1756,Engineering,39,0.5,6,6.692178293924095,16163077,-0.22046957680322937,0.5395030580670832,16,0.3,0,4.6,18,1,0.8128608562587833,1
708,Synthetic Employee 0708,Operations,29,2.6,31,34.290087801270595,11614078,0.003955385172593168,0.5984275344115467,22,1.4,0,3.9,43,0,0.7414597096352331,0
94,Synthetic Employee 0094,Sales,58,1.4,16,58.107352089989455,12037555,-0.3128544695446722,0.37342630269141586,17,0.3,0,3.1,18,1,0.9471593647535964,1
57,Synthetic Employee 0057,Finance,33,1.1,13,22.380057792756894,17190578,0.03527307112679265,0.7783701876565763,13,0.4,0,4.1,25,0,0.5599436525438415,0
219,Synthetic Employee 0219,Consulting,39,1.6,19,59.019243503525736,10829888,-0.13640709143413268,0.32788977214053266,18,1.4,0,4.9,31,1,0.6009091361993492,1
1037,Synthetic Employee 1037,Marketing,24,2.6,31,21.314726838410554,12361007,-0.09150529535360988,0.6459886199018653,18,1.2,1,4.1,43,0,0.5755768135725223,0
1294,Synthetic Employee 1294,Engineering,53,0.5,6,47.3458322825833,14715120,-0.3414777916046443,0.9025953048987517,19,0.4,1,3.3,13,1,0.95,1
1953,Synthetic Employee 1953,Engineering,32,10.3,123,20.048071870940518,18901280,0.008001901643574949,0.3467335107445405,23,3.5,0,2.3,135,1,0.5781853830084714,1
1450,Synthetic Employee 1450,Human Resources,41,3.8,45,17.597732892069907,10528236,-0.13628060628772937,0.7004622683673185,22,2.2,1,2.1,57,1,0.7384294351428493,1
2360,Synthetic Employee 2360,Human Resources,42,4.6,55,22.638586053430856,8760646,-0.3636340701570839,0.2143704182707356,17,4.3,0,4.6,60,1,0.893923717115806,1
1466,Synthetic Employee 1466,Sales,50,6.0,72,14.226965340711976,13944295,-0.11626749030715314,0.545209197601138,14,0.3,0,4.0,84,1,0.44455857532831855,1
299,Synthetic Employee 0299,Sales,38,0.9,10,8.213002673892554,12544315,-0.16946301366513175,0.5080202452084004,15,0.5,0,2.5,19,1,0.8000456686583521,1
2178,Synthetic Employee 2178,Engineering,48,7.2,86,53.3259300378046,20787185,0.008216594879457195,0.3898977865087423,19,1.7,3,2.5,98,1,0.6110713802224479,1
179,Synthetic Employee 0179,Finance,38,5.5,66,6.416950661445032,17834623,0.08494507739116922,0.5848981263834284,15,2.9,0,3.5,78,0,0.45967147538736,0
1188,Synthetic Employee 1188,Sales,44,4.0,48,59.82581196036556,12457986,-0.2419506433226849,0.570467778815994,17,0.5,0,3.5,60,1,0.95,1
1473,Synthetic Employee 1473,Consulting,44,3.1,37,21.331192318999022,12079146,-0.215316234188908,0.461101994220125,15,1.8,0,3.2,49,1,0.731008558381635,1
189,Synthetic Employee 0189,Consulting,35,1.4,16,29.710740242939163,12640601,-0.07881035451811653,0.34501185658683464,14,1.0,1,4.0,28,0,0.3772033198443137,0
573,Synthetic Employee 0573,Sales,41,12.2,146,14.6543621668432,16397847,0.17196641604086035,0.6316380705005723,20,6.4,2,4.4,158,1,0.7227586597401603,1
434,Synthetic Employee 0434,Marketing,32,1.3,15,13.7937379222534,13493191,-0.05438591884876187,0.5066956540094708,19,0.3,2,2.4,27,1,0.7312747831226519,1
519,Synthetic Employee 0519,Human Resources,24,2.8,33,19.68728933938603,9325634,-0.2960872732562545,0.3079450941329662,19,2.5,0,2.3,45,1,0.8027246263572305,1
2347,Synthetic Employee 2347,Human Resources,35,3.4,40,33.07920419349437,14867665,0.24651569639636364,0.4173370228797215,14,2.2,0,4.1,46,0,0.658754366406322,0
2272,Synthetic Employee 2272,Engineering,40,2.3,27,30.18273599376053,15368410,-0.09724195877773857,0.597443817119871,20,0.3,1,3.8,36,1,0.8199842687935639,1
1085,Synthetic Employee 1085,Marketing,37,4.9,58,29.285237773974877,9536566,-0.3923599193097261,0.6217728595243011,16,4.1,2,3.1,62,1,0.95,1
1289,Synthetic Employee 1289,Finance,36,1.6,19,46.31861301540095,16762867,-0.03993781064495408,0.35739405888564524,21,0.9,0,4.1,31,0,0.5837703364879807,0
1124,Synthetic Employee 1124,Marketing,46,2.7,32,21.111200510611617,13051615,-0.029665398641530782,0.4652388283254215,18,1.9,1,2.9,44,0,0.385466871931118,0
1342,Synthetic Employee 1342,Engineering,40,0.3,3,80.54319207378838,16750403,-0.12495351178354458,0.3868197882930773,10,0.2,3,2.8,4,1,0.8877095407220617,1
2257,Synthetic Employee 2257,Engineering,49,4.8,57,42.40887018498088,15146170,-0.185746937572545,0.5116831752861372,24,1.6,0,3.3,69,1,0.95,1
1491,Synthetic Employee 1491,Consulting,36,9.4,112,9.992194778112701,18565974,0.4,0.4120472315173869,15,2.2,1,2.6,124,0,0.32507322482486833,0
44,Synthetic Employee 0044,Marketing,41,7.1,85,34.50583005331114,13316079,0.005113131898346612,0.2832522768223809,19,0.4,2,3.9,97,1,0.5812106375102667,1
1879,Synthetic Employee 1879,Engineering,23,0.3,3,25.912518225254743,13082764,-0.31994780930090216,0.4765420190045929,30,0.3,0,2.6,15,1,0.95,1
451,Synthetic Employee 0451,Engineering,40,1.9,22,24.11217067997675,16192453,-0.271331773662592,0.6610459247146679,11,0.9,1,3.6,34,0,0.851792858920107,0
2046,Synthetic Employee 2046,Finance,32,1.9,22,22.857134541444598,13011580,-0.34531224373061536,0.42795569227479424,18,1.7,0,2.1,34,0,0.8323275938369423,0
45,Synthetic Employee 0045,Marketing,36,20.0,240,53.724658766512604,14205882,0.12950813543830206,0.7564609684801337,12,2.0,0,2.0,252,1,0.8413090711744375,1
1284,Synthetic Employee 1284,Finance,27,0.3,3,4.552918156525116,12439411,-0.45367776013565053,0.5003328283528767,9,0.3,0,2.8,15,1,0.8754931919388055,1
1968,Synthetic Employee 1968,Consulting,33,0.8,9,6.297120867421132,14276335,0.04737139668617876,0.4649577984628465,12,0.4,0,1.7,21,1,0.48408818356959704,1
2091,Synthetic Employee 2091,Marketing,55,8.5,102,14.694753366947753,14735850,0.11783267795214294,0.500447812783782,20,0.4,0,3.0,114,0,0.456025387579459,0
255,Synthetic Employee 0255,Sales,54,4.1,49,33.982907944848264,13378631,-0.1589450316958792,0.43999952949821497,14,1.2,0,4.3,61,1,0.95,1
1946,Synthetic Employee 1946,Finance,41,1.7,20,95.0,15811221,0.0275993126338569,0.7684597327124727,13,0.6,0,2.9,32,1,0.9379687251594924,1
1875,Synthetic Employee 1875,Human Resources,25,10.8,129,12.768147900874649,17016225,0.4,0.7967224940823956,14,2.3,0,3.7,140,1,0.5149822983430707,1
1863,Synthetic Employee 1863,Sales,35,1.8,21,6.046207991486883,14030572,-0.01639996894196996,0.3572308087178229,18,1.3,2,1.7,33,0,0.40792462644099037,0
565,Synthetic Employee 0565,Marketing,33,1.1,13,44.91178357777303,9040453,-0.41040480477264807,0.4421211612392461,13,0.5,0,2.8,25,1,0.95,1
213,Synthetic Employee 0213,Sales,21,8.2,98,34.447384731821124,13548449,-0.11320298099592654,0.7241361350364677,8,7.8,0,4.0,110,1,0.95,1
867,Synthetic Employee 0867,Consulting,21,7.1,85,39.30420572840595,11526629,-0.21306443808005893,0.45662254312748807,18,2.2,3,3.6,97,1,0.95,1
743,Synthetic Employee 0743,Operations,45,3.1,37,26.271845910722817,7149630,-0.45998116210926077,0.22101324528335758,20,1.0,0,4.1,49,1,0.7396837086793402,1
1252,Synthetic Employee 1252,Marketing,42,5.9,70,25.249088999510533,13086022,-0.0943078823581267,0.5712310022061531,15,2.4,0,3.8,82,0,0.4558446806177229,0
1048,Synthetic Employee 1048,Operations,34,1.1,13,50.263213646452016,7936555,-0.4026891558200423,0.3631840310116478,18,0.4,0,3.4,25,1,0.95,1
1737,Synthetic Employee 1737,Human Resources,34,0.8,9,9.73523651895293,10415935,-0.1808855006031166,0.2692202537918814,15,0.3,2,1.9,21,1,0.8347816710617268,1
1018,Synthetic Employee 1018,Human Resources,45,11.1,133,19.09816906111851,15234537,0.2946277645123916,0.5449819381378749,19,3.2,1,2.8,138,1,0.597494942678605,1
171,Synthetic Employee 0171,Finance,37,3.2,38,15.091711051725241,16092957,-0.18065333985181312,0.754561675571195,9,2.8,3,4.3,50,1,0.95,1
2097,Synthetic Employee 2097,Operations,24,3.5,42,2.0,11405521,-0.02976043861904637,0.48374699567684887,14,1.7,0,3.7,54,1,0.4273491587895176,1
2488,Synthetic Employee 2488,Marketing,45,4.5,54,6.451015804693414,13712123,0.05746691029794232,0.6089382638228853,7,1.6,0,3.1,66,0,0.43440271387040785,0
2218,Synthetic Employee 2218,Marketing,38,6.1,73,59.76045262753684,13959050,0.16353994531666355,0.5104988823150859,18,2.8,0,3.3,85,1,0.7008396870482241,1
1798,Synthetic Employee 1798,Sales,53,4.0,48,14.186919058099162,12299060,-0.10906375755790279,0.7520012454773669,15,2.7,2,2.9,60,1,0.6805603487336629,1
545,Synthetic Employee 0545,Operations,48,0.8,9,3.830208344178108,11319762,-0.00037844629521435746,0.3743105855992098,16,0.4,1,4.0,21,0,0.3880069639677788,0
1222,Synthetic Employee 1222,Finance,42,2.0,24,12.09047949623439,13699036,-0.23499738936275114,0.26256499537058964,9,1.6,1,2.6,36,1,0.5966181987037651,1
464,Synthetic Employee 0464,Consulting,32,0.4,4,28.223674190415757,12881215,-0.06656271242338567,0.3579982356071535,16,0.4,0,4.3,16,1,0.462039505970003,1
989,Synthetic Employee 0989,Marketing,29,13.2,158,37.54759597181351,13347632,-0.027668638622748543,0.467877353927955,16,4.0,0,3.7,170,0,0.7201056590998274,0
1322,Synthetic Employee 1322,Human Resources,21,3.5,42,10.451795617859883,9149281,-0.2709895173295015,0.6052246509965916,19,1.5,1,4.2,47,1,0.8681629022790457,1
603,Synthetic Employee 0603,Consulting,48,2.8,33,64.63803628505008,14471200,0.09326935620812582,0.4458143661446121,16,0.2,0,2.4,45,1,0.7703280225204914,1
1337,Synthetic Employee 1337,Consulting,31,2.6,31,12.889596675631683,11225085,-0.28065863012144476,0.6117538914836687,18,1.3,0,2.1,36,1,0.95,1
2340,Synthetic Employee 2340,Consulting,35,0.3,3,41.78107286381216,10436488,-0.39466366981268075,0.36701884818658226,15,0.2,2,2.8,15,1,0.95,1
1261,Synthetic Employee 1261,Operations,33,12.3,147,35.26413433306313,15368449,0.4,0.37946800354425647,14,5.3,0,2.2,159,1,0.8013510409923918,1
2115,Synthetic Employee 2115,Sales,29,4.6,55,77.78694845185511,16829033,0.16777704817753128,0.24431537164892364,17,0.5,0,3.5,67,1,0.5361083040616986,1
808,Synthetic Employee 0808,Engineering,46,1.2,14,22.136677333565913,12641635,-0.26289972051077093,0.5577703606171096,15,0.9,0,4.4,23,1,0.95,1
887,Synthetic Employee 0887,Human Resources,43,0.4,4,23.621487742615038,8786184,-0.25292771215637044,0.34564058327489583,11,0.3,1,3.5,16,0,0.8096793633169708,0
1583,Synthetic Employee 1583,Marketing,48,1.7,20,9.59211894147531,11731760,-0.11817405032136963,0.4286140969083764,15,1.1,1,3.4,32,0,0.4219119471343454,0
1615,Synthetic Employee 1615,Consulting,45,4.2,50,24.810172211953805,11825278,-0.2597946259426316,0.4237481716418754,11,2.3,0,3.6,62,1,0.7045494880597252,1
1838,Synthetic Employee 1838,Operations,30,0.4,4,10.190607581476755,9485751,-0.17477763821767153,0.5781423113056732,22,0.4,0,3.8,16,0,0.8476798471655884,0
1874,Synthetic Employee 1874,Marketing,35,1.2,14,30.811139590552568,12299215,-0.05293397151406705,0.7628515498021581,13,0.2,2,3.7,23,1,0.95,1
283,Synthetic Employee 0283,Operations,30,2.1,25,18.825812706130492,10336877,-0.134065236913667,0.4791202005902508,15,1.6,0,4.5,37,0,0.5168536561652702,0
211,Synthetic Employee 0211,Finance,48,0.3,3,28.66617645955828,13042490,-0.29062501666899104,0.5923420507965054,22,0.2,0,2.7,15,1,0.95,1
112,Synthetic Employee 0112,Human Resources,36,1.6,19,54.44592558529282,11002597,-0.07259211163471982,0.45159973471774123,12,0.3,2,3.9,31,1,0.7303479257209675,1
1921,Synthetic Employee 1921,Consulting,29,0.3,3,37.466251003319194,8383301,-0.6101732940357943,0.7267350060192349,18,0.3,3,3.6,5,1,0.95,1
2166,Synthetic Employee 2166,Human Resources,48,4.8,57,14.390493417511776,11161343,-0.08797819761307761,0.5018088996731662,16,4.2,0,2.9,62,0,0.5834064919084866,0
458,Synthetic Employee 0458,Engineering,39,3.1,37,26.93330817023852,17198634,-0.08021509894508477,0.4835496847319607,15,2.0,0,3.6,49,1,0.437293911724949,1
820,Synthetic Employee 0820,Marketing,27,6.0,72,9.863809863080977,15106099,0.17740677226262652,0.9350642312975649,20,5.6,0,3.5,79,1,0.7107179847633183,1
2185,Synthetic Employee 2185,Finance,35,0.3,3,25.176092589598067,15464250,-0.14179829372907077,0.41689895565417195,19,0.2,0,2.6,15,0,0.5921317075831682,0
1656,Synthetic Employee 1656,Marketing,30,6.4,76,17.738050240093077,10238673,-0.363297453582247,0.3928198773800202,13,0.5,2,3.5,88,1,0.7678895656664055,1
253,Synthetic Employee 0253,Finance,31,2.6,31,25.506655994560198,11413224,-0.5046198218172744,0.291873924687558,11,2.6,1,3.7,43,1,0.7235246989125161,1
252,Synthetic Employee 0252,Consulting,30,0.6,7,46.90322622051028,13688430,0.01603594051583282,0.6018152157475386,15,0.6,0,3.7,19,1,0.7685082604093109,1
1540,Synthetic Employee 1540,Operations,34,12.1,145,24.909878521708933,13485018,0.13345228942192722,0.3968651081954953,15,0.2,1,3.0,149,0,0.4070222302947387,0
2130,Synthetic Employee 2130,Engineering,33,2.4,28,28.32555520925576,17676026,-0.07458084917306107,0.6128120757451523,8,1.1,1,3.0,40,1,0.4394873812086426,1
1927,Synthetic Employee 1927,Finance,22,10.4,124,15.517273419980187,22938579,0.3600278034323953,0.6952221842320981,17,0.4,0,3.8,136,0,0.4985622115849875,0
1019,Synthetic Employee 1019,Sales,34,3.0,36,16.65476526994358,12038950,-0.21128724363843213,0.3333354964397874,16,1.8,0,3.6,48,1,0.6992339390031405,1
423,Synthetic Employee 0423,Engineering,31,1.0,12,8.248546560499594,16649164,-0.09887755360306918,0.45775367350339663,20,0.6,2,3.0,24,1,0.7094710285809511,1
1176,Synthetic Employee 1176,Marketing,34,0.8,9,8.198748104991896,7417916,-0.6017428787428396,0.40908110779601564,12,0.5,1,3.6,21,1,0.8314427101828843,1
621,Synthetic Employee 0621,Finance,39,0.9,10,2.0,12315592,-0.3975815503633772,0.4000501254315505,18,0.3,2,3.1,22,1,0.9499140351208342,1
174,Synthetic Employee 0174,Human Resources,34,3.1,37,41.45478747750259,10952543,-0.2186432338317132,0.5977384713353429,14,0.4,0,2.5,49,1,0.95,1
487,Synthetic Employee 0487,Marketing,27,1.9,22,16.844521431351282,12240723,-0.11911285332702935,0.5111089972805863,15,0.2,2,2.5,34,1,0.43321051923856413,1
1986,Synthetic Employee 1986,Marketing,46,14.3,171,10.760851683391092,14024916,0.061414877658085426,0.42315275466207974,17,5.5,0,4.3,183,0,0.39558277130538233,0
1081,Synthetic Employee 1081,Operations,45,3.5,42,25.98790057576293,11728581,0.16219121479965223,0.5508369503974508,14,3.4,0,3.3,54,1,0.5791343461112863,1
1118,Synthetic Employee 1118,Finance,50,0.3,3,13.850647511121164,13923871,-0.12872436772027993,0.30843629754149526,11,0.2,1,3.0,15,0,0.42816216331161866,0
1358,Synthetic Employee 1358,Sales,49,3.8,45,29.014331429720265,11229419,-0.2605449036889964,0.6624169169875069,13,0.3,0,2.7,57,1,0.860176736756502,1
1042,Synthetic Employee 1042,Finance,32,7.6,91,4.491804838046542,18672458,0.1797635358747729,0.3359647123751739,23,2.2,2,4.5,103,0,0.41067011946504867,0
1091,Synthetic Employee 1091,Engineering,29,2.6,31,20.463431121078422,21692633,0.17735216607400522,0.4157714191856252,15,2.5,0,3.3,43,1,0.359615997371975,1
1356,Synthetic Employee 1356,Sales,46,6.1,73,39.35170791887434,12825349,-0.07259874230526278,0.6400322560752154,13,2.4,0,4.8,85,1,0.8039090317010604,1
212,Synthetic Employee 0212,Finance,26,3.9,46,46.615164695685586,15158490,-0.10722174029898274,0.4217367290866892,9,2.0,0,2.6,53,1,0.645986284144273,1
614,Synthetic Employee 0614,Engineering,37,1.4,16,25.052875519886154,21450417,0.2377215895883093,0.6062784184630114,16,1.0,1,2.6,28,1,0.5237579571696432,1
2150,Synthetic Employee 2150,Sales,33,1.4,16,43.48323678164326,13799754,-0.14228458500396676,0.5135638853956276,16,1.1,0,3.9,28,1,0.8571978879107758,1
465,Synthetic Employee 0465,Finance,29,3.2,38,36.663157145193104,16742173,0.012394324941178647,0.5313092130369049,14,1.0,0,3.1,50,0,0.6906665796503335,0
1468,Synthetic Employee 1468,Consulting,28,4.3,51,12.428380340112046,10859512,-0.3028447270828793,0.4931476997739351,16,4.2,0,3.4,54,1,0.95,1
555,Synthetic Employee 0555,Sales,37,2.5,30,24.41096961375466,13502269,-0.10654236765136299,0.32902536442365143,4,0.7,0,3.9,42,0,0.35002710203862236,0
908,Synthetic Employee 0908,Sales,44,1.0,12,29.137981812357424,13053965,-0.18639730912683677,0.5960953672741336,19,0.8,3,4.3,24,0,0.95,0
994,Synthetic Employee 0994,Sales,41,0.6,7,23.34413921047478,9614349,-0.46981290312698887,0.46169739593453435,12,0.3,0,3.3,19,1,0.95,1
1969,Synthetic Employee 1969,Finance,39,1.0,12,47.7931806688649,14443448,-0.18629359322782735,0.5144343930863906,13,1.0,0,2.9,24,1,0.95,1
1789,Synthetic Employee 1789,Marketing,31,2.3,27,6.864294045810621,17847339,0.4,0.6034219617178309,18,0.3,0,3.4,39,0,0.4768581492809926,0
1599,Synthetic Employee 1599,Consulting,27,2.3,27,8.244619011458251,12811747,-0.09199554680126225,0.5446191608818446,17,2.2,0,2.2,39,1,0.5609933650469165,1
97,Synthetic Employee 0097,Sales,37,0.3,3,48.98688131891947,13907177,-0.059902661328070816,0.5300563521168679,14,0.3,0,3.9,15,1,0.744415778592723,1
1965,Synthetic Employee 1965,Consulting,45,16.2,194,38.930798090784435,13972251,-0.022160553989166693,0.26420449868663803,15,4.8,0,3.5,197,1,0.5930772596322587,1
1365,Synthetic Employee 1365,Sales,21,1.8,21,44.73247091783651,12049667,-0.1716466912867514,0.47379065902141027,16,0.5,0,4.5,28,1,0.95,1
1925,Synthetic Employee 1925,Finance,57,6.5,78,31.73877238122973,20798230,0.1971459328954832,0.5559819148371398,23,3.4,0,2.5,87,1,0.8665749361543991,1
612,Synthetic Employee 0612,Marketing,29,3.5,42,28.426265212078714,12802057,-0.057017165098899564,0.6782775785948132,22,2.3,0,3.5,54,1,0.5138177220065476,1
446,Synthetic Employee 0446,Engineering,37,3.4,40,4.351436456023081,20402099,0.1953298408687275,0.8772890656620491,16,0.5,0,2.9,52,0,0.5455409383853738,0
238,Synthetic Employee 0238,Human Resources,47,2.0,24,60.157452061209504,13187593,0.12629367032450078,0.4950791362989076,11,0.2,0,4.2,29,0,0.6158221581636942,0
2311,Synthetic Employee 2311,Marketing,43,6.5,78,54.69824987633974,14581635,-0.0101125592380098,0.4457658257530379,14,3.1,0,3.4,90,0,0.7997144312108506,0
874,Synthetic Employee 0874,Finance,33,5.2,62,44.77210830192589,14606789,-0.21656267357678988,0.44652584102993953,13,5.1,1,4.5,74,1,0.95,1
2498,Synthetic Employee 2498,Operations,33,7.8,93,27.344470858128524,9649025,-0.26720739333386423,0.45179607728846904,12,4.9,1,3.8,97,1,0.8534029016407713,1
2055,Synthetic Employee 2055,Sales,35,5.8,69,29.776477294105632,14675671,0.06549521818280485,0.5084689681873528,16,3.6,0,2.6,78,0,0.5752713110924588,0
1674,Synthetic Employee 1674,Consulting,23,5.9,70,25.840685101418146,17292477,0.3250297815310281,0.7137389979091653,19,2.8,0,4.2,82,1,0.5117469194145663,1
2123,Synthetic Employee 2123,Marketing,56,0.3,3,13.619028171682348,15230455,0.2054853383528747,0.5486169843656488,14,0.2,0,3.6,15,1,0.4996127556223816,1
840,Synthetic Employee 0840,Marketing,37,15.4,184,31.436474611552203,14974979,0.13033637574468268,0.36668577611856645,23,2.0,2,4.1,196,0,0.6205720173131986,0
582,Synthetic Employee 0582,Consulting,40,2.3,27,21.866500041845818,14634432,0.06304010986513356,0.3736013215727376,8,0.4,0,1.5,39,0,0.3846083700403665,0
1282,Synthetic Employee 1282,Sales,38,4.9,58,13.675676056206507,19512682,0.4,0.29795153889862014,17,4.8,3,3.7,66,1,0.41252643089161367,1
980,Synthetic Employee 0980,Operations,30,2.0,24,29.043383046332682,11466501,0.008844175550207223,0.16876499405443043,19,1.2,0,3.1,36,0,0.27295419833524054,0
791,Synthetic Employee 0791,Marketing,37,4.8,57,33.99022228891496,15853068,0.26884211120050416,0.5708070334177695,17,2.6,0,3.6,69,1,0.7137259693569755,1
842,Synthetic Employee 0842,Human Resources,22,4.8,57,50.2880228845771,11806006,-0.02860964278591538,0.6283273005128348,7,4.4,1,5.0,69,0,0.8228316441435937,0
483,Synthetic Employee 0483,Operations,29,1.4,16,24.15426327757334,8380888,-0.40459293503002486,0.32379932908587505,17,0.8,2,3.3,21,1,0.7410638121440449,1
1911,Synthetic Employee 1911,Engineering,42,6.5,78,30.18032642277504,18189975,0.08348836109298524,0.6715089339112094,19,5.2,0,3.2,90,1,0.8829225014951387,1
622,Synthetic Employee 0622,Human Resources,57,7.5,90,67.34522092448637,12256805,-0.015088766018113792,0.3178660911682034,11,7.5,0,3.1,102,0,0.592102505527097,0
1503,Synthetic Employee 1503,Operations,29,0.3,3,16.544053522556425,7799428,-0.4818055616927774,0.502480139336546,18,0.2,2,3.3,15,1,0.95,1
333,Synthetic Employee 0333,Sales,47,0.4,4,24.27525288088047,11139844,-0.280708774086066,0.7095506001091085,15,0.3,0,2.2,16,1,0.95,1
479,Synthetic Employee 0479,Sales,43,2.9,34,7.100937471470027,12499073,-0.14666743825124626,0.411125821533301,15,0.6,0,3.4,38,0,0.4170152300293243,0
1495,Synthetic Employee 1495,Engineering,38,0.3,3,38.36713352289117,21858628,0.18174611084296466,0.5415030968047911,16,0.3,0,2.9,15,1,0.6848208671053415,1
508,Synthetic Employee 0508,Engineering,40,3.4,40,40.88478617948301,13665695,-0.24994668738786938,0.6613005150769291,16,1.8,3,3.0,52,1,0.95,1
1451,Synthetic Employee 1451,Engineering,36,0.4,4,15.967046736573144,11937784,-0.42273850820367614,0.8348604793596794,9,0.2,1,3.5,16,1,0.95,1
2424,Synthetic Employee 2424,Human Resources,21,0.3,3,30.951914154644864,10238128,-0.1338093539768564,0.4246587549777525,24,0.3,0,3.1,15,0,0.7627044513937707,0
644,Synthetic Employee 0644,Operations,41,3.9,46,26.133057393094212,9162232,-0.1433939417985432,0.57204247746236,16,3.5,0,4.8,52,1,0.7254718936894609,1
481,Synthetic Employee 0481,Engineering,32,0.5,6,28.59302754663919,13906813,-0.2837809441123123,0.5295472640603468,16,0.2,0,3.5,18,1,0.9116732339368971,1
1456,Synthetic Employee 1456,Consulting,47,7.3,87,32.095100220125026,13651744,0.04290370379601899,0.3990742345785,18,6.4,0,3.0,99,1,0.64284078568198,1
2395,Synthetic Employee 2395,Finance,44,4.6,55,21.399901266672046,13934705,-0.2239997692002499,0.6018932576626638,19,2.6,0,3.7,67,1,0.7864301121455459,1
1012,Synthetic Employee 1012,Marketing,45,1.7,20,55.527146815356645,9196790,-0.4508017774628424,0.4056384629373919,23,1.6,1,3.5,32,1,0.95,1
765,Synthetic Employee 0765,Human Resources,32,1.6,19,21.28388135786137,13723042,0.04104467559922259,0.28934501430912096,21,0.9,0,4.0,31,0,0.3147166040065539,0
1290,Synthetic Employee 1290,Human Resources,26,4.1,49,32.112304808890485,10332844,-0.1923117570365925,0.6379155433793762,15,3.3,0,3.7,50,1,0.95,1
1224,Synthetic Employee 1224,Consulting,32,3.2,38,3.534728236425283,12797154,-0.16835294991853594,0.442436345436521,12,0.4,2,4.0,50,1,0.8818821767222259,1
1334,Synthetic Employee 1334,Finance,45,3.6,43,7.752836368073268,12796678,-0.329937759006398,0.3264218384835339,12,1.9,0,3.5,55,1,0.6264981147753894,1
618,Synthetic Employee 0618,Marketing,21,5.5,66,28.62972195516977,14273279,0.1005868168325035,0.6474661435751236,8,1.6,1,4.2,78,0,0.44919052020103456,0
522,Synthetic Employee 0522,Engineering,43,0.9,10,23.208329184576094,16503788,-0.004213418764146326,0.2804315901712328,17,0.8,1,3.8,22,1,0.37112084524794514,1
583,Synthetic Employee 0583,Human Resources,37,10.0,120,23.502361535553472,14281287,0.11051046037507284,0.4615902506623943,14,6.9,0,3.1,132,0,0.46034527018547033,0
1059,Synthetic Employee 1059,Human Resources,53,2.3,27,13.53368377078488,10260986,-0.13095386864313263,0.541924568118039,10,1.0,1,4.4,39,0,0.514438879073051,0
1407,Synthetic Employee 1407,Operations,31,4.4,52,23.647642021760234,10496462,-0.19806625468506617,0.6820059639039147,22,1.4,3,2.9,64,1,0.95,1
297,Synthetic Employee 0297,Sales,25,2.7,32,32.376989669917116,13706580,-0.11000845775573509,0.6095985489050973,15,0.9,2,3.5,43,1,0.7865875936934272,1
2443,Synthetic Employee 2443,Consulting,49,1.2,14,39.61680952586769,11347898,-0.17463923288515845,0.47424679255213964,15,1.1,0,2.9,16,1,0.95,1
1062,Synthetic Employee 1062,Engineering,29,2.5,30,21.710578817405832,14807033,-0.2516199017091372,0.6525151034621486,16,1.7,0,1.7,42,1,0.95,1
858,Synthetic Employee 0858,Engineering,44,0.9,10,23.400625452163446,18201690,-0.13457466367711976,0.1849862319175182,15,0.4,0,3.4,14,0,0.2841961449369051,0
1693,Synthetic Employee 1693,Sales,34,3.5,42,66.09292420310354,14111617,-0.13613915485182626,0.4561025278455906,26,2.5,0,3.1,54,0,0.6649087077967655,0
408,Synthetic Employee 0408,Sales,42,3.2,38,83.40035322030306,11746791,-0.21033721663193308,0.5725415783765704,11,1.7,1,3.5,50,1,0.95,1
1079,Synthetic Employee 1079,Marketing,46,18.6,223,14.479680524623603,10093956,-0.25968115450891904,0.31049495516610975,7,0.6,0,3.0,235,0,0.6568385874465107,0
1084,Synthetic Employee 1084,Marketing,22,19.2,230,38.31795066588907,14518278,0.09378751776103567,0.3977478106457,11,6.5,0,3.0,242,1,0.6804693869807961,1
169,Synthetic Employee 0169,Operations,29,9.5,114,10.513001443412406,12954642,0.15353082373819016,0.681270124743935,13,2.3,0,4.2,126,0,0.47865563492830177,0
2181,Synthetic Employee 2181,Operations,27,5.6,67,15.12822375206169,13787058,0.15931575686143618,0.49827220338848105,20,3.0,0,4.3,79,0,0.4946162169487747,0
240,Synthetic Employee 0240,Engineering,47,3.4,40,8.442896966140154,17199391,-0.11777534818530827,0.4188885825808349,14,0.7,0,3.5,52,1,0.4959888031226337,1
2306,Synthetic Employee 2306,Engineering,31,1.6,19,36.37556201373862,14438062,-0.15596550390829467,0.4104505194075534,12,0.9,0,3.9,31,0,0.95,0
1998,Synthetic Employee 1998,Operations,35,4.6,55,68.6122022440071,11010064,-0.0885205153254347,0.32826644533331373,18,4.2,0,3.6,67,0,0.681914604693328,0
1902,Synthetic Employee 1902,Marketing,30,0.7,8,16.02993942679236,10025335,-0.29785454234795794,0.5087861524510431,13,0.4,1,2.9,20,0,0.8938601226862921,0
1051,Synthetic Employee 1051,Finance,34,3.1,37,23.286609655472553,16135086,-0.069726488161684,0.4362206260243683,8,1.0,0,3.4,49,0,0.3038417752868231,0
1913,Synthetic Employee 1913,Consulting,34,0.3,3,42.38195772336804,11605332,-0.22573658085563952,0.6450492349603141,12,0.3,0,3.1,15,1,0.95,1
1868,Synthetic Employee 1868,Finance,48,2.6,31,55.326145039247365,15325466,-0.19722374031659606,0.6469918485954195,8,0.8,0,3.4,43,1,0.95,1
2096,Synthetic Employee 2096,Operations,50,3.6,43,35.552667319282556,9078549,-0.32306757781276124,0.44663954566000796,18,1.4,0,4.8,55,1,0.95,1
523,Synthetic Employee 0523,Engineering,41,0.6,7,34.29010359686092,18869640,0.08298456444123775,0.44632459106634376,14,0.5,0,3.6,19,0,0.7209708854985764,0
1738,Synthetic Employee 1738,Finance,30,1.9,22,8.579332070861177,13030064,-0.28578328193861985,0.41309129464956007,13,1.5,0,2.9,34,1,0.7095655625018769,1
2473,Synthetic Employee 2473,Finance,33,1.5,18,26.17462255222607,14897605,-0.1289887164285673,0.5573997433016977,16,0.6,0,3.5,30,0,0.5427719281244754,0
1848,Synthetic Employee 1848,Human Resources,28,2.3,27,27.476148805992928,10227510,-0.09628924186560413,0.5671258686762969,17,0.3,0,4.1,35,1,0.5494952432293632,1
2369,Synthetic Employee 2369,Sales,41,0.7,8,49.392562397370064,10670623,-0.3242377695439346,0.3192489542213307,12,0.3,0,3.0,20,1,0.95,1
2250,Synthetic Employee 2250,Operations,33,6.3,75,10.748181210002743,11950425,-0.07278526565354576,0.39723918253022994,11,2.1,0,4.0,87,1,0.3049269711084644,1
1884,Synthetic Employee 1884,Operations,34,1.4,16,26.75390304899699,9955298,-0.06937739637501518,0.6382582664111124,21,0.3,0,2.6,28,0,0.6621123145951116,0
1512,Synthetic Employee 1512,Human Resources,22,0.3,3,22.516604908935037,11238301,-0.09475629238039598,0.5293979230027136,14,0.2,1,2.8,15,1,0.4288314184407598,1
1460,Synthetic Employee 1460,Human Resources,32,1.9,22,5.9893555169860235,11476007,-0.06903171127541949,1.0631475689025336,13,0.7,2,2.8,34,1,0.7596813192927094,1
1939,Synthetic Employee 1939,Engineering,39,1.7,20,23.530276928162237,16477871,-0.13876412830585919,0.5967405319552943,12,0.6,1,3.2,21,1,0.5377873489474824,1
1724,Synthetic Employee 1724,Operations,31,5.5,66,15.804637235252246,16021702,0.4,0.4150093310760659,11,2.7,0,3.0,78,1,0.34340261270129846,1
2026,Synthetic Employee 2026,Human Resources,22,4.1,49,9.204836361289807,6446171,-0.4898933645520028,0.48992463985303975,21,3.2,2,3.5,55,1,0.95,1
1608,Synthetic Employee 1608,Operations,31,0.5,6,10.604259204979291,10346520,-0.04818414059232244,0.4737434388829211,14,0.3,1,2.8,18,1,0.588048162887218,1
1978,Synthetic Employee 1978,Operations,27,0.5,6,19.06210159203755,8438564,-0.4115560254998887,0.8602484002872273,20,0.4,0,3.0,18,1,0.95,1
509,Synthetic Employee 0509,Marketing,42,5.8,69,18.561180357179975,12599238,-0.015638841538288567,0.7054682896710587,10,3.3,1,2.3,81,1,0.8997311211078965,1
633,Synthetic Employee 0633,Sales,37,0.5,6,51.28450750427281,12742046,-0.12822626850080962,0.6216732929805113,18,0.4,1,2.9,18,1,0.8954685220345433,1
916,Synthetic Employee 0916,Sales,52,2.8,33,34.27636532067589,14980491,-0.09787795591677845,0.4136682847945763,21,1.5,0,4.1,45,1,0.6330271197424814,1
260,Synthetic Employee 0260,Sales,43,0.3,3,22.12345912127596,9022421,-0.4240446605934126,0.4712168776209076,17,0.3,0,3.2,9,1,0.95,1
1396,Synthetic Employee 1396,Consulting,32,2.5,30,16.04482160748881,9608519,-0.40504397587705554,0.4919867263564074,14,2.5,3,2.5,34,1,0.95,1
2296,Synthetic Employee 2296,Consulting,42,0.7,8,23.984323114686777,11254368,-0.3052287005975304,0.23800684705123493,17,0.4,0,4.1,20,1,0.6592419171743458,1
2322,Synthetic Employee 2322,Engineering,43,6.3,75,63.66761330980944,20395490,0.07875678878124542,0.3236448458107141,14,4.0,0,3.4,87,1,0.605720556827,1
803,Synthetic Employee 0803,Sales,40,1.4,16,46.20110347548934,11679194,-0.16680541857737918,0.49885113774659295,15,0.7,0,4.4,28,1,0.95,1
1936,Synthetic Employee 1936,Human Resources,42,1.8,21,15.530853837938867,10012825,-0.17589885313791007,0.37445899565979546,23,0.6,0,3.8,33,1,0.6839485187847427,1
1197,Synthetic Employee 1197,Finance,40,0.5,6,8.671467020647018,17288312,-0.003241838575119116,0.25938172869146947,16,0.3,3,3.8,18,0,0.34572688403361146,0
1945,Synthetic Employee 1945,Finance,46,0.4,4,34.9444953460304,12031871,-0.47634104744299754,0.22863638036872075,9,0.4,0,4.1,16,1,0.95,1
757,Synthetic Employee 0757,Engineering,40,6.9,82,59.41721123775263,21145321,0.23539063951847172,0.6683397689622639,24,5.0,1,3.8,84,0,0.8082351353094339,0
802,Synthetic Employee 0802,Marketing,27,0.3,3,52.37474546303118,11911660,-0.10748322095333537,0.4510061934980775,12,0.3,0,3.2,15,1,0.8236817341794618,1
234,Synthetic Employee 0234,Finance,40,4.3,51,59.803523966311296,12998616,-0.3166744652840603,0.4062571537236288,26,2.0,0,3.3,63,1,0.95,1
1515,Synthetic Employee 1515,Marketing,48,2.7,32,21.1650411211105,13078322,-0.06827949364090258,0.42495308226570516,11,1.8,0,2.8,44,0,0.31268686303439747,0
941,Synthetic Employee 0941,Consulting,35,7.6,91,37.56675412570583,18308997,0.33128475974183574,0.6094053735392325,19,3.7,1,3.2,99,0,0.7057335045909852,0
999,Synthetic Employee 0999,Operations,24,1.0,12,43.51527720035929,11195387,0.009281351890087997,0.4882746696939727,14,0.9,0,3.5,24,0,0.7327169075143124,0
1103,Synthetic Employee 1103,Finance,36,1.6,19,15.706395257980308,15816212,-0.058377111783935676,0.4645400834569575,11,0.6,0,3.1,31,1,0.4159712233679481,1
1464,Synthetic Employee 1464,Engineering,29,11.8,141,33.06169253697115,20579293,0.1390699280118819,0.6683244440752407,19,4.0,2,3.9,153,1,0.95,1
1877,Synthetic Employee 1877,Finance,34,2.6,31,18.797444063051554,15323850,-0.20113867875769686,0.5322958115524474,13,0.3,0,3.9,43,0,0.6881428272346852,0
1226,Synthetic Employee 1226,Human Resources,45,1.8,21,28.067122138124592,10713532,-0.13429095507289435,0.296051433725741,16,1.7,2,3.4,33,1,0.3769944014432075,1
325,Synthetic Employee 0325,Engineering,53,6.8,81,34.00808406361483,17162527,-0.07446188599497083,0.4343777723246312,14,6.3,1,3.5,93,1,0.8065257762508968,1
1764,Synthetic Employee 1764,Engineering,29,2.5,30,19.37546526934576,14334559,-0.20284429377163543,0.5031870060849395,8,1.1,2,2.8,42,0,0.7787923617037831,0
1954,Synthetic Employee 1954,Marketing,28,0.3,3,14.153417342760934,10372843,-0.38879360991353457,0.7117812859573295,15,0.2,0,4.0,15,1,0.95,1
1378,Synthetic Employee 1378,Marketing,25,1.5,18,24.603579465930995,9370607,-0.37735577682850263,0.592907514301592,18,0.3,1,3.9,21,1,0.95,1
101,Synthetic Employee 0101,Operations,32,2.3,27,34.85675620598198,9987634,-0.2333652867734045,0.4352941628387167,22,0.8,0,2.5,39,1,0.95,1
2482,Synthetic Employee 2482,Operations,36,3.1,37,5.311491633080093,10177866,-0.15039383248405602,0.49700833533040145,14,2.2,0,3.5,40,1,0.8178623338925124,1
1341,Synthetic Employee 1341,Consulting,54,0.3,3,47.82994188194173,11317746,-0.24091602391460473,0.5309461004820268,17,0.2,2,3.2,15,1,0.95,1
388,Synthetic Employee 0388,Sales,37,4.4,52,20.544687758708253,15055724,0.12461853345112361,0.3716890007992836,11,0.6,0,3.0,64,0,0.2977729202237994,0
1955,Synthetic Employee 1955,Consulting,35,0.9,10,29.7362272994771,7932090,-0.40125428781844596,0.7275735911701005,20,0.5,0,3.2,22,1,0.95,1
180,Synthetic Employee 0180,Consulting,29,8.0,96,29.181487345933892,15812279,0.07988568728984247,0.5875738224944788,8,4.2,0,3.6,101,0,0.5654206702984541,0
1695,Synthetic Employee 1695,Engineering,30,8.4,100,43.11526456272484,25730763,0.4,0.5667230818036111,18,2.8,0,3.1,112,1,0.716582462905011,1
1663,Synthetic Employee 1663,Sales,23,3.2,38,33.264519497440745,10147997,-0.38668568737919706,0.5200172654255864,17,1.7,0,4.9,50,1,0.95,1
1305,Synthetic Employee 1305,Human Resources,38,4.3,51,15.470409174299569,9130595,-0.23195677486797536,0.3954343462134773,14,2.9,2,2.7,63,1,0.6968216169397736,1
928,Synthetic Employee 0928,Sales,49,14.5,174,34.9805481331371,20061863,0.4,0.3561405126719363,8,3.3,1,3.8,186,1,0.5908193435481421,1
1431,Synthetic Employee 1431,Finance,42,1.9,22,70.67894023060823,14498410,-0.24813812006809907,0.34525242780622933,17,1.6,0,3.4,34,0,0.95,0
2269,Synthetic Employee 2269,Consulting,31,9.2,110,23.9466328004101,15157391,-0.00640862625048616,0.6420067514473131,10,2.2,0,3.7,122,1,0.4556618904052476,1
142,Synthetic Employee 0142,Sales,43,6.2,74,27.616241115679475,16718612,0.2104764408263531,0.3042753573165722,10,0.7,1,2.6,86,1,0.2748971000486402,1
369,Synthetic Employee 0369,Human Resources,33,7.8,93,6.48502202880141,13187140,0.05841100269821664,0.8503195409338646,13,7.6,0,2.8,105,0,0.6589894714614821,0
2446,Synthetic Employee 2446,Operations,33,3.0,36,9.244797425444926,12668156,0.1020985040391037,0.44121707212692085,16,2.6,0,3.4,48,1,0.3707407801955378,1
1086,Synthetic Employee 1086,Sales,34,2.1,25,11.790217086289964,14454499,-0.008268263595336472,0.6294534647144475,10,1.7,1,3.1,37,1,0.39944697012004526,1
368,Synthetic Employee 0368,Sales,37,3.8,45,10.678084593790658,11742940,-0.3525175412106991,0.9228683921980194,8,0.6,1,3.5,57,1,0.9131031498154455,1
1675,Synthetic Employee 1675,Human Resources,35,8.2,98,56.64298455506895,11911576,-0.0016079012386348845,0.65886772420452,14,5.7,2,2.3,108,1,0.95,1
1045,Synthetic Employee 1045,Sales,32,6.2,74,35.87813386243032,15581938,0.0040572417789508375,0.46895542322441863,16,2.0,0,3.2,86,0,0.6812075185028372,0
319,Synthetic Employee 0319,Operations,42,1.1,13,31.677742553125725,9717344,-0.21998539902252293,0.3990070822413265,16,0.6,0,3.5,25,1,0.95,1
1539,Synthetic Employee 1539,Finance,35,0.3,3,15.549316313092202,14434142,-0.18798664065811085,0.47229143624710923,9,0.2,1,4.1,15,1,0.6928416021491905,1
248,Synthetic Employee 0248,Finance,21,1.8,21,11.229456690388904,13170271,-0.36162103038198473,0.3770199380117711,15,1.6,0,2.7,33,1,0.6526655826432959,1
322,Synthetic Employee 0322,Operations,53,1.9,22,30.133668998741033,13875733,0.22319193009461832,0.33841147227132884,14,0.7,1,2.5,33,0,0.550455212235972,0
1834,Synthetic Employee 1834,Finance,31,12.3,147,25.720101401828337,23623134,0.4,0.5124331210420646,14,5.9,0,3.6,159,1,0.5683812738917782,1
1840,Synthetic Employee 1840,Consulting,46,5.2,62,42.413680890016074,11134611,-0.334566530378922,0.4721950785246545,12,1.2,0,3.0,74,1,0.9173146219869032,1
1000,Synthetic Employee 1000,Marketing,30,4.8,57,8.022547881494138,14575622,0.03014426477368648,0.39835362705714905,17,2.2,0,3.2,69,0,0.3292390155760017,0
943,Synthetic Employee 0943,Marketing,31,1.7,20,30.263704063976206,13278100,-0.08501779926923253,0.2811655452468418,10,1.4,3,4.7,32,1,0.5446263526691157,1
1773,Synthetic Employee 1773,Marketing,51,0.3,3,28.851745387364062,9240273,-0.14673173950282017,0.3972780154040041,16,0.3,0,3.6,15,0,0.6646378443131213,0
30,Synthetic Employee 0030,Finance,42,2.4,28,5.884373480238087,12949097,-0.32151059754430467,0.6000973763485216,15,0.6,1,3.6,40,1,0.850727265377586,1
1300,Synthetic Employee 1300,Operations,36,0.6,7,25.236907433002948,9608370,-0.2213270315841982,0.33919734386849953,14,0.3,0,2.6,12,1,0.6755752562831798,1
1994,Synthetic Employee 1994,Human Resources,42,0.6,7,49.76724254342632,7444207,-0.4735082047548709,0.3116263051357156,19,0.5,0,3.6,13,1,0.95,1
1915,Synthetic Employee 1915,Engineering,50,3.7,44,47.78196594763587,18483258,-0.02438677803836073,0.42472093855472315,27,1.9,1,3.4,56,0,0.6601218627953225,0
696,Synthetic Employee 0696,Operations,32,3.1,37,47.73983362543833,12067682,0.0346665876497283,0.2798418097434492,17,2.2,3,2.7,49,0,0.5722557067281658,0
2471,Synthetic Employee 2471,Operations,40,0.5,6,17.592120887643688,10517696,-0.15356844503963088,0.3882050009681975,18,0.4,0,2.8,18,1,0.7052974002710952,1
2029,Synthetic Employee 2029,Human Resources,38,0.5,6,7.259769829639217,9652241,-0.23872229153470043,0.6377193578394525,13,0.3,0,4.5,18,1,0.9299614201950468,1
1601,Synthetic Employee 1601,Consulting,34,2.7,32,64.38201967784084,13523833,-0.13389083781058958,0.4216673247254962,15,0.3,0,3.9,44,0,0.6639668509231389,0
2330,Synthetic Employee 2330,Operations,32,1.2,14,23.374009238283534,11336891,-0.07333665150636956,0.45405197883922527,16,1.0,1,2.2,26,1,0.4970345540749831,1
1232,Synthetic Employee 1232,Marketing,24,1.3,15,31.71895737762357,10296977,-0.3164515954308904,0.5871209937097958,19,1.1,0,3.2,27,1,0.95,1
2174,Synthetic Employee 2174,Operations,32,0.4,4,32.955382472958206,12117589,0.025877685977588216,0.503679519174968,18,0.4,0,3.4,16,1,0.6822302653689911,1
1916,Synthetic Employee 1916,Human Resources,33,0.3,3,24.639591792699374,9377585,-0.35163687844961383,0.37424683349429677,11,0.3,3,3.6,6,1,0.827689113378403,1
1730,Synthetic Employee 1730,Operations,28,1.5,18,52.50184700087441,9374657,-0.29450126721612935,0.3624622574017134,20,1.4,1,2.1,29,1,0.95,1
1707,Synthetic Employee 1707,Marketing,43,6.1,73,14.763491443082309,14127744,0.07106632321277725,0.39523963869712875,13,4.1,0,3.6,85,0,0.371767098835196,0
1704,Synthetic Employee 1704,Consulting,48,4.0,48,25.04472446511479,10654857,-0.3529186228493978,0.5891880171331347,16,1.3,0,3.0,60,1,0.7708726447972777,1
756,Synthetic Employee 0756,Human Resources,40,5.0,60,26.22800540996048,13063689,0.07595686559747733,0.318291087606709,22,3.5,0,4.1,72,1,0.4522215045298785,1
1331,Synthetic Employee 1331,Human Resources,45,2.5,30,6.0736450457380355,8874663,-0.4475156074900197,0.5761062410958551,20,1.8,0,2.8,40,1,0.8640097475068395,1
354,Synthetic Employee 0354,Consulting,39,2.9,34,15.790596069555411,13803614,-0.08556366866281792,0.42171798215016854,7,1.6,1,4.0,46,1,0.3292810350020472,1
209,Synthetic Employee 0209,Consulting,35,3.0,36,15.752398185081171,10483479,-0.27086344088629843,0.3860940523336922,22,2.7,1,3.1,48,1,0.6832063346534338,1
2145,Synthetic Employee 2145,Sales,30,2.0,24,47.79666191897447,14919527,-0.11654264136701595,0.6137681191436841,22,0.9,2,3.8,36,1,0.8076550733602317,1
904,Synthetic Employee 0904,Operations,33,1.9,22,46.72814642978865,8244844,-0.22597760984061024,0.5712435062115299,18,1.2,1,2.6,34,1,0.95,1
953,Synthetic Employee 0953,Sales,39,4.5,54,3.529988435202652,14451521,-0.05394128444014254,0.5250035675759167,13,3.0,1,2.6,60,0,0.4741009989212567,0
1338,Synthetic Employee 1338,Human Resources,27,0.5,6,22.028413879608483,10703125,-0.10792516023328286,0.41461241935901655,12,0.5,0,3.8,18,0,0.3886914774205246,0
1552,Synthetic Employee 1552,Engineering,35,0.3,3,13.556747074487491,14788868,-0.3470308176203812,0.6735849284327955,17,0.3,0,3.4,15,1,0.95,1
1568,Synthetic Employee 1568,Human Resources,28,6.0,72,5.824306765419019,7020863,-0.5330683639177172,0.5481929511182154,21,4.7,1,3.8,81,0,0.95,0
1944,Synthetic Employee 1944,Engineering,21,1.7,20,40.325852316275046,14985795,-0.17327227209477275,0.4661269343143661,16,1.6,0,4.3,21,1,0.95,1
486,Synthetic Employee 0486,Marketing,37,10.6,127,16.639346863328562,16738687,0.31768968273317505,0.6325147620934234,18,5.8,0,2.8,139,1,0.5242041333861586,1
1630,Synthetic Employee 1630,Marketing,39,10.2,122,43.3419846064788,10557908,-0.2173641124800645,0.4041194526990639,21,2.1,0,2.6,134,1,0.9342534467557378,1
2040,Synthetic Employee 2040,Engineering,31,0.8,9,16.97069147494485,18342632,0.02114661871420473,0.3622390541437647,22,0.3,1,3.4,21,0,0.3618269351602541,0
200,Synthetic Employee 0200,Marketing,31,1.9,22,18.821435290162114,11436061,-0.16068114304662973,0.4662743237172233,15,1.8,0,4.3,34,1,0.7324568106408225,1
230,Synthetic Employee 0230,Marketing,26,3.4,40,8.21741555156423,15094995,0.1973693521220633,0.8183236652687363,11,2.8,0,3.8,52,1,0.5090306262752461,1
811,Synthetic Employee 0811,Sales,39,3.5,42,11.733902241085927,11338069,-0.2914038286949574,0.7002060941359778,10,2.8,0,2.9,51,1,0.8587577063580738,1
788,Synthetic Employee 0788,Sales,28,10.6,127,20.69193496440524,15708884,0.06562655019559605,0.7701667147675882,21,2.3,0,2.7,139,1,0.5355466801349247,1
411,Synthetic Employee 0411,Engineering,39,8.5,102,56.853714458322116,24623216,0.4,0.36273571015081074,16,0.2,1,4.0,114,1,0.598765998842227,1
630,Synthetic Employee 0630,Engineering,36,3.5,42,11.47902421266945,16195398,-0.04080387421736015,0.3945880273934129,12,0.8,1,2.8,54,0,0.34558464767015556,0
1511,Synthetic Employee 1511,Engineering,41,0.4,4,20.32459325342975,13899265,-0.3120573871289743,0.45374791539958725,17,0.3,2,3.5,13,0,0.8739494163118844,0
663,Synthetic Employee 0663,Human Resources,50,9.8,117,10.875568340965827,15314804,0.27958476693282797,0.5406997674773856,15,6.4,1,2.5,129,0,0.486495934893668,0
2143,Synthetic Employee 2143,Consulting,28,1.6,19,24.742949686575777,8982039,-0.48281300571767405,0.6250695190985007,13,0.4,0,2.3,25,1,0.95,1
1919,Synthetic Employee 1919,Operations,36,7.0,84,52.50823175416602,7933571,-0.41797046289564765,0.5886516926117442,15,2.7,0,2.3,96,1,0.95,1
2335,Synthetic Employee 2335,Finance,26,1.5,18,11.730005908822275,16177991,-0.1587630065442194,0.8564619752910916,17,0.4,0,2.1,30,1,0.9393093530815056,1
1270,Synthetic Employee 1270,Consulting,27,1.3,15,40.76609187584408,14213611,-0.04382407321587578,0.3802367795477407,16,0.5,0,3.2,16,1,0.7104662982733674,1
70,Synthetic Employee 0070,Operations,36,1.4,16,2.074030119097003,10572352,-0.26788969178493455,0.31364374616814394,10,1.0,3,3.0,20,1,0.7102202489270804,1
444,Synthetic Employee 0444,Consulting,51,0.5,6,29.538157708174285,12789891,-0.2938388318099767,0.39523942459241473,13,0.5,0,2.7,18,1,0.7604670388858761,1
2148,Synthetic Employee 2148,Marketing,38,1.3,15,27.838564165884005,12247761,-0.001113844741317191,0.5355376126106981,12,1.3,0,2.9,22,0,0.5973505315309956,0
2242,Synthetic Employee 2242,Sales,48,0.3,3,11.491785399851826,12666072,-0.032671682125849276,0.40789827466213774,17,0.2,2,3.7,15,0,0.4646115169053986,0
1585,Synthetic Employee 1585,Consulting,33,2.2,26,7.851577773442042,12730881,-0.1125565221291971,0.4200027048718157,25,0.7,1,4.1,38,0,0.4047007573641084,0
232,Synthetic Employee 0232,Engineering,36,9.2,110,62.46539191509892,17013744,-0.11605394579281927,0.4360855657137003,22,7.2,0,4.6,122,0,0.8390039583998361,0
441,Synthetic Employee 0441,Marketing,45,1.6,19,17.281125029140014,11495593,-0.17034689945965667,0.5449026106847681,14,0.7,1,2.7,31,1,0.8312727309917349,1
1628,Synthetic Employee 1628,Engineering,38,0.3,3,19.192534677552054,12924724,-0.4006148267634656,0.5256225674301009,16,0.2,0,4.1,15,1,0.95,1
1323,Synthetic Employee 1323,Consulting,36,4.9,58,43.44117654328795,12646926,-0.10408547547609749,0.36267518804950977,20,2.1,0,2.3,70,0,0.7720490526538628,0
1279,Synthetic Employee 1279,Engineering,32,11.9,142,32.32940899318853,21479549,0.25363704580484736,0.5853087778082735,18,2.1,0,2.7,146,1,0.7217864577863167,1
818,Synthetic Employee 0818,Human Resources,41,13.6,163,33.20092050209108,12895279,0.10207345159106265,0.41796075772409946,21,1.3,2,3.0,175,1,0.6269290121627478,1
600,Synthetic Employee 0600,Marketing,48,2.8,33,23.723387905567137,11839069,-0.13168989785614776,0.7974249628885357,17,1.9,3,3.4,45,1,0.7012789896087901,1
1057,Synthetic Employee 1057,Operations,24,0.7,8,20.422473830175466,10738553,-0.14021074064360897,0.43770091777795517,13,0.3,0,3.5,20,0,0.3991562569778274,0
415,Synthetic Employee 0415,Human Resources,50,0.3,3,83.7601388134689,9855476,-0.2052955582000502,0.326696839312152,15,0.2,2,3.9,15,1,0.95,1
680,Synthetic Employee 0680,Human Resources,39,3.9,46,18.06512336731988,10893937,-0.11326187782499768,0.4943493383224208,13,0.5,2,2.8,58,0,0.4963178147302778,0
1519,Synthetic Employee 1519,Consulting,39,4.0,48,4.494145825919494,13730455,-0.06021301064266121,0.27376268585860625,18,3.6,0,3.5,60,1,0.3577535520404097,1
1117,Synthetic Employee 1117,Operations,51,1.2,14,32.11381620950725,11285924,-0.02007221614728863,0.6571112228298155,15,0.5,0,4.1,26,1,0.7839911423923485,1
280,Synthetic Employee 0280,Sales,28,0.8,9,8.682697941507113,12439906,-0.25030263303872335,0.8482967745320966,17,0.8,2,4.2,13,1,0.95,1
1386,Synthetic Employee 1386,Sales,44,1.5,18,35.07911329775368,10490921,-0.2906296260658963,0.3099409378556206,14,0.8,0,3.5,30,0,0.95,0
409,Synthetic Employee 0409,Engineering,40,3.5,42,32.97291618746457,16617609,-0.044018174612070776,0.23271172598471154,22,0.8,1,4.2,50,1,0.5902592832757193,1
1092,Synthetic Employee 1092,Operations,35,0.4,4,38.3118297094871,11195610,-0.05977774204110056,0.5772725058234685,16,0.4,0,2.6,16,1,0.7656363016305712,1
2283,Synthetic Employee 2283,Finance,45,0.6,7,10.994182647096576,11371133,-0.4320573077358878,0.18647244804368462,5,0.6,1,2.7,19,0,0.7411122854522316,0
1217,Synthetic Employee 1217,Sales,37,0.7,8,30.888243484003638,15270541,0.1043975696450048,0.6390759238442807,15,0.6,0,3.1,20,1,0.7789412586763986,1
2079,Synthetic Employee 2079,Consulting,33,6.2,74,60.37950957663284,8434446,-0.5672157240796456,0.3584685290160527,13,4.2,0,2.3,77,1,0.95,1
499,Synthetic Employee 0499,Marketing,39,0.3,3,16.480859609493177,11473448,-0.29249620858621356,0.6057267188674723,11,0.2,0,2.5,15,1,0.9130034812828923,1
1709,Synthetic Employee 1709,Human Resources,41,6.5,78,12.055014395919812,10087287,-0.17362874722955707,0.6143245070782564,21,0.6,0,3.5,90,1,0.8787108619819118,1
2027,Synthetic Employee 2027,Operations,35,4.3,51,27.71999699603382,11810704,-0.06603804036387148,0.5281010951972969,15,1.3,1,4.2,63,1,0.39106830665524306,1
790,Synthetic Employee 0790,Operations,43,20.0,240,15.452145391770031,11716451,0.15622793032004334,0.696477724479123,20,3.0,0,3.5,252,1,0.6439137628541545,1
1071,Synthetic Employee 1071,Marketing,30,3.4,40,25.166715285379944,10707109,-0.3111667360030815,0.5606302416109734,16,2.1,0,2.9,52,1,0.8436764676510726,1
2266,Synthetic Employee 2266,Consulting,36,0.4,4,32.13956381185989,10588875,-0.24773423373229497,0.7087520714158957,17,0.2,1,3.4,6,1,0.95,1
436,Synthetic Employee 0436,Marketing,35,0.9,10,27.265811883178195,11971576,-0.19026436091832838,0.637627459142538,14,0.2,2,2.1,20,1,0.95,1
2044,Synthetic Employee 2044,Finance,50,6.4,76,30.807442867136913,22985638,0.4,0.36193237882084944,12,5.8,0,4.2,88,1,0.6744410660698379,1
1880,Synthetic Employee 1880,Consulting,28,3.6,43,19.215344055696228,14434393,0.03930925207760769,0.5631977055807718,17,0.8,0,4.3,55,0,0.46159535756261605,0
783,Synthetic Employee 0783,Consulting,38,0.9,10,12.82107058140862,9012763,-0.3876930642074896,0.5347981974038113,12,0.4,0,3.6,22,1,0.95,1
1477,Synthetic Employee 1477,Operations,36,5.5,66,4.735147952426445,11190688,-0.02916715813307516,0.5016715091482796,14,3.0,0,3.0,78,0,0.4715680225615183,0
1832,Synthetic Employee 1832,Engineering,26,4.4,52,50.685030902017566,18657132,-0.08599544173582666,0.6349859397528236,10,0.8,2,4.0,64,1,0.7655960631307906,1
1837,Synthetic Employee 1837,Engineering,30,2.0,24,23.9175759860521,14933272,-0.21792373220439562,0.24031711344172724,14,0.3,0,3.3,36,1,0.6103887917636837,1
150,Synthetic Employee 0150,Operations,37,2.7,32,16.519841829259683,10657396,-0.22481809743555015,0.6849992775744338,9,1.1,1,3.1,44,0,0.8504997977208415,0
1195,Synthetic Employee 1195,Sales,37,0.7,8,3.8870695347818587,12253875,-0.17565124633442983,0.6265164438127179,18,0.5,2,3.2,20,1,0.95,1
2452,Synthetic Employee 2452,Engineering,27,3.9,46,31.664054685601002,14129050,-0.3676058822284081,0.26551294169499484,13,2.6,1,3.8,58,1,0.8634436236745985,1
1242,Synthetic Employee 1242,Consulting,30,2.1,25,13.243372758428755,8733644,-0.36305844360923184,0.6922199986167744,16,0.5,0,2.9,29,0,0.95,0
1056,Synthetic Employee 1056,Operations,46,1.0,12,15.46734367406587,13450166,0.21299054332269146,0.5101844953464955,7,0.5,0,3.5,24,1,0.39005165869701874,1
1770,Synthetic Employee 1770,Engineering,22,0.5,6,9.393199797097157,12735297,-0.33883340088047853,0.4785508152388256,14,0.2,0,4.0,11,1,0.95,1
1690,Synthetic Employee 1690,Marketing,27,5.4,64,6.61853264534439,14232403,-0.018362336047828498,0.5069140844448528,11,5.1,0,4.3,76,1,0.5548359436445588,1
2094,Synthetic Employee 2094,Finance,32,1.2,14,68.37984364676839,16602169,-0.04521492716216444,0.4483168472349591,14,0.3,0,3.4,15,1,0.6039287172257886,1
2193,Synthetic Employee 2193,Engineering,21,7.7,92,52.88784055714349,21339020,0.3278849901788497,0.35854351860532213,17,5.2,1,4.0,104,0,0.6274921852094902,0
1930,Synthetic Employee 1930,Engineering,41,1.5,18,30.58032563230058,17338587,0.014507779283413763,0.510345605351205,16,0.6,0,3.2,30,1,0.6400967694983375,1
164,Synthetic Employee 0164,Engineering,29,2.6,31,5.334595555040124,14944170,-0.16294026503723597,0.3763293201059275,14,0.3,0,2.7,43,0,0.6484722096296597,0
439,Synthetic Employee 0439,Operations,54,8.0,96,9.508288123397547,12254872,0.013956982353269864,0.5862122480276868,13,5.7,0,4.9,108,1,0.4252394294477523,1
1026,Synthetic Employee 1026,Marketing,28,6.5,78,54.147256856683235,10565459,-0.30780044901937653,0.5655870648907164,17,0.5,0,2.4,84,1,0.95,1
1383,Synthetic Employee 1383,Sales,43,0.3,3,28.099143537067924,14821879,0.033223965977667164,0.19271821663467886,17,0.2,0,3.4,15,0,0.2943611006577101,0
1979,Synthetic Employee 1979,Marketing,38,6.7,80,33.90719050430784,18743349,0.4,0.39334034892137126,19,4.1,0,3.8,92,1,0.645235297697984,1
830,Synthetic Employee 0830,Finance,41,2.0,24,23.154534179407413,14447989,-0.23098329445100316,0.6933840455234539,16,0.9,0,2.1,36,1,0.95,1
655,Synthetic Employee 0655,Operations,37,0.3,3,16.203863491432152,10401952,-0.05732861445408237,0.46863043554744266,19,0.3,0,1.7,15,0,0.628016521953284,0
529,Synthetic Employee 0529,Marketing,37,1.6,19,40.03142101636509,12659881,-0.09656013867702115,0.8497640547888421,11,1.4,0,2.8,31,0,0.7678339353408759,0
1134,Synthetic Employee 1134,Finance,27,1.7,20,16.887686486037367,16200262,-0.08515107981221398,0.40681923671528597,24,1.2,0,2.1,32,0,0.5414093862802801,0
50,Synthetic Employee 0050,Engineering,30,3.7,44,17.00397215419858,18553542,0.033375375584005884,0.5748682228715088,21,2.6,1,3.2,56,1,0.4808631024040225,1
68,Synthetic Employee 0068,Marketing,28,0.3,3,30.66548282082006,12411561,-0.11556067790274294,0.3808977650304917,27,0.2,0,2.7,15,1,0.8640513742085378,1
2017,Synthetic Employee 2017,Engineering,40,5.9,70,35.98814054035616,14352658,-0.2693256611844811,0.7014690967979661,15,4.6,0,2.1,78,1,0.95,1
1371,Synthetic Employee 1371,Consulting,37,11.0,132,36.43293686594661,17995675,0.3149548303146076,0.7751709284813595,13,6.4,0,4.3,144,1,0.8879478599747808,1
2271,Synthetic Employee 2271,Marketing,43,2.5,30,41.24501302822154,10295935,-0.20395386149119438,0.7679350274250216,10,0.3,0,3.8,42,1,0.95,1
49,Synthetic Employee 0049,Marketing,29,6.8,81,23.75362010469993,14373849,0.049829881168277856,0.5171019343462844,18,2.2,1,3.5,93,1,0.3999885416169596,1
1335,Synthetic Employee 1335,Marketing,32,12.2,146,8.443950720450113,12452898,-0.14949607977013635,0.4369787292886107,16,5.3,1,3.6,158,1,0.6876540442008111,1
1682,Synthetic Employee 1682,Operations,27,4.6,55,36.949766684520554,9212668,-0.2694570852338667,0.42219172506938846,18,1.3,0,3.0,67,1,0.95,1
839,Synthetic Employee 0839,Marketing,34,7.0,84,54.74263960690744,12598827,-0.11077295105949,0.5223482868312306,21,6.1,0,3.4,96,1,0.95,1
2163,Synthetic Employee 2163,Finance,35,3.0,36,27.868655276396787,12439579,-0.3249048409554143,0.5182579173089331,15,0.7,1,4.9,48,1,0.8278122168465012,1
125,Synthetic Employee 0125,Consulting,30,2.1,25,13.30977101446945,9241205,-0.46987995397578264,0.640750861737329,14,1.3,1,2.5,36,1,0.95,1
611,Synthetic Employee 0611,Finance,44,2.5,30,17.506923089085593,14948064,-0.1562148276787913,0.5701562900977016,18,1.1,1,2.1,42,1,0.95,1
1861,Synthetic Employee 1861,Sales,35,1.3,15,49.978183996380096,12975631,-0.06982352305272337,0.7030593145646946,15,0.3,1,4.2,27,1,0.9062566080781145,1
2333,Synthetic Employee 2333,Finance,35,1.0,12,31.505944004268727,16326801,-0.10301296929299561,0.6148106468300683,11,0.6,1,4.0,24,1,0.7561469811124192,1
1513,Synthetic Employee 1513,Sales,29,5.2,62,27.58382520740574,15360015,0.15804877485046637,0.5533369099292054,14,4.2,0,4.1,74,1,0.5798343347801775,1
742,Synthetic Employee 0742,Operations,21,0.3,3,12.185307047690305,11857109,0.011133215342697012,0.6324051764481173,13,0.3,2,3.4,4,0,0.5979734494054729,0
26,Synthetic Employee 0026,Sales,30,0.8,9,19.21805280959373,9989253,-0.36454662899718127,0.23062613897040943,13,0.5,0,2.9,13,0,0.7854753189117145,0
2389,Synthetic Employee 2389,Marketing,56,20.0,240,37.222906357530036,18894626,0.4,0.6616310868934833,21,5.8,0,3.4,251,1,0.8881567043301752,1
1753,Synthetic Employee 1753,Finance,44,3.2,38,35.8475077618244,12200328,-0.35881932499557234,0.5497420877325565,19,2.1,0,3.1,47,1,0.95,1
1534,Synthetic Employee 1534,Sales,34,3.2,38,13.106047824730254,12679056,-0.12084270855092034,0.46764227803339353,10,0.3,0,3.0,44,0,0.4128398378493502,0
1816,Synthetic Employee 1816,Sales,39,0.8,9,17.332438794305407,13064065,-0.16203236084766992,0.4605007062220342,19,0.3,1,3.9,21,1,0.8027401977421695,1
1617,Synthetic Employee 1617,Operations,34,12.0,144,16.48771578079733,14252133,0.27679220204267985,0.356693380458569,19,1.8,0,3.3,156,0,0.32557414652839933,0
1455,Synthetic Employee 1455,Marketing,53,5.2,62,90.65357028844268,13374596,0.03293763708473188,0.6587328966467697,14,5.0,0,3.8,72,1,0.95,1
566,Synthetic Employee 0566,Consulting,31,1.1,13,23.130246955644054,8776357,-0.5370907742027791,0.46159662661374956,11,0.6,0,3.7,25,1,0.95,1
846,Synthetic Employee 0846,Finance,23,2.6,31,23.783876529540667,17967466,0.0511130433820301,0.4053615233619259,12,2.3,2,3.8,43,0,0.33740122654133925,0
2490,Synthetic Employee 2490,Engineering,39,5.2,62,37.26524201997942,17966995,-0.06004805600546889,0.6615551703156675,21,1.8,1,3.0,74,1,0.7551354476883869,1
1457,Synthetic Employee 1457,Engineering,26,3.0,36,29.95070651019204,17453302,-0.14139532376966532,0.5802822137540191,14,1.5,1,3.3,48,1,0.4543790198511253,1
362,Synthetic Employee 0362,Human Resources,36,3.6,43,59.887260690498046,7991579,-0.5048107121476624,0.46242516820457436,6,1.3,0,3.7,55,1,0.95,1
1566,Synthetic Employee 1566,Operations,43,0.5,6,45.95022439613851,8308924,-0.3801871272313713,0.2363107104121356,16,0.5,0,3.8,18,1,0.95,1
2499,Synthetic Employee 2499,Engineering,35,1.0,12,44.32422682536136,14812430,-0.21434050793941176,0.38273884478758585,16,0.3,3,3.0,24,1,0.95,1
2415,Synthetic Employee 2415,Human Resources,32,1.4,16,24.615546892947023,10087993,-0.1254177727477673,0.5179547119782192,11,0.8,0,3.0,28,0,0.48682731935390133,0
1835,Synthetic Employee 1835,Sales,38,9.6,115,43.21061148121212,21869937,0.4,0.713209274689394,17,0.5,0,4.0,127,1,0.7535985969130303,1
1785,Synthetic Employee 1785,Sales,33,2.1,25,33.19975873186107,16481875,0.08782494105095684,0.3718232065553482,21,1.3,2,3.7,27,1,0.6140104978354974,1
431,Synthetic Employee 0431,Sales,37,2.1,25,15.785498019841064,13409248,-0.12385888916359711,0.4491373997368634,17,1.8,0,2.8,37,0,0.3808584719263218,0
2310,Synthetic Employee 2310,Sales,29,2.4,28,18.772728037661796,14322130,0.18017504298607384,0.7402148905814153,18,1.9,0,3.8,40,0,0.5151601693627963,0
638,Synthetic Employee 0638,Engineering,21,8.7,104,11.991978150893132,22506345,0.22819627071041193,0.47046896522190884,13,3.2,1,2.9,116,1,0.4588313102621345,1
2188,Synthetic Employee 2188,Finance,29,0.4,4,27.845394220961193,13317410,-0.32468994928654454,0.6262868711655518,12,0.3,0,2.6,16,1,0.9227603239263545,1
652,Synthetic Employee 0652,Marketing,35,6.8,81,50.128138876999415,15397998,0.1978733316235788,0.3563701326747287,14,4.0,1,4.0,93,0,0.6148836371489241,0
241,Synthetic Employee 0241,Consulting,39,2.8,33,10.57516135300209,14932900,0.019198299484788628,0.577008142093803,18,0.8,0,2.4,43,0,0.5650622797862649,0
694,Synthetic Employee 0694,Human Resources,33,0.3,3,5.369435558401793,11509169,-0.10677792486360257,0.4774479718241012,17,0.2,1,4.2,10,1,0.49168543211074833,1
71,Synthetic Employee 0071,Finance,32,0.4,4,16.37671555003455,14640603,-0.13306959246307823,0.17455707899479866,15,0.3,0,3.0,16,1,0.3334759821185436,1
2233,Synthetic Employee 2233,Sales,42,1.9,22,41.21636922773087,13459199,-0.1746780669730611,0.2879492917013078,15,1.4,1,1.8,34,0,0.9451258016763661,0
651,Synthetic Employee 0651,Operations,28,6.3,75,20.06787598125316,17901948,0.4,0.27235866495404565,13,5.9,0,3.6,87,0,0.3373604261871328,0
2019,Synthetic Employee 2019,Sales,35,0.3,3,27.901615952276362,9729999,-0.4057653197376639,0.6562868015502881,14,0.3,0,3.4,15,1,0.95,1
74,Synthetic Employee 0074,Finance,47,1.6,19,40.09591758518185,17788237,0.060020138766325115,0.6996615864932787,13,1.1,1,3.7,30,1,0.733805244218118,1
1164,Synthetic Employee 1164,Consulting,40,2.0,24,36.10530287469619,10048716,-0.2966737108686731,0.2254254787698368,9,0.7,0,3.3,36,1,0.9469191340555543,1
351,Synthetic Employee 0351,Engineering,35,2.3,27,28.033630058902908,13647536,-0.3284276320589379,0.6324261974607934,15,0.5,3,4.1,33,1,0.9470793352890222,1
2290,Synthetic Employee 2290,Consulting,39,6.1,73,2.0,15587429,0.05677786602561652,0.4457564848673973,12,4.6,0,4.0,85,0,0.5417118157628712,0
2169,Synthetic Employee 2169,Operations,35,4.3,51,27.664530687842124,9174648,-0.32906451231168327,0.5699757670770562,16,3.4,0,3.3,63,1,0.95,1
1099,Synthetic Employee 1099,Operations,42,14.9,178,13.96290432016139,7890099,-0.43291985288451496,0.5815130679449819,19,4.4,0,1.2,190,1,0.95,1
1447,Synthetic Employee 1447,Consulting,39,2.9,34,14.37811537971025,14841528,0.17235535041281774,0.8405275339321976,15,1.9,2,3.2,36,0,0.5931477095010154,0
2329,Synthetic Employee 2329,Engineering,41,4.9,58,18.390680379213254,15698909,-0.09324286194737283,0.6192637593254787,19,2.3,0,2.1,65,1,0.7036938526111342,1
77,Synthetic Employee 0077,Engineering,23,5.0,60,66.35533027644169,21536773,0.2058298528144739,0.6965999429753015,16,3.7,3,3.3,72,1,0.95,1
433,Synthetic Employee 0433,Operations,25,1.1,13,54.82073428653675,10667550,-0.09504589753498753,0.6662879809301157,19,0.6,0,2.8,25,1,0.9119606346604325,1
2350,Synthetic Employee 2350,Marketing,25,3.7,44,30.962810536510045,13829838,0.06718478964989888,0.2244198070968248,16,1.4,0,2.5,56,1,0.526537545987111,1
1293,Synthetic Employee 1293,Human Resources,31,4.4,52,25.388595643295456,10430480,-0.29131939184728994,0.4166573378649956,20,2.6,0,4.4,64,1,0.7385640546021988,1
158,Synthetic Employee 0158,Finance,27,3.1,37,18.135516100524494,16388105,-0.055751609190268475,0.6302312352555933,15,1.2,0,4.2,42,1,0.47236474587156607,1
1799,Synthetic Employee 1799,Finance,32,12.4,148,61.80002885299008,24569857,0.4,0.4958604527250876,16,6.9,2,3.7,150,1,0.9187409267630247,1
1406,Synthetic Employee 1406,Marketing,33,5.1,61,6.0603544592207665,10587446,-0.31677363285690674,0.3652929601825985,16,1.4,1,3.4,73,0,0.6533820288511276,0
2051,Synthetic Employee 2051,Human Resources,44,3.7,44,35.07731368362953,6333750,-0.5898975069803476,0.5319537483143075,17,1.8,1,4.1,51,1,0.95,1
136,Synthetic Employee 0136,Sales,26,0.3,3,37.943495456796974,13462537,-0.25356373007474214,0.7186529324422534,14,0.3,1,3.3,15,1,0.95,1
2138,Synthetic Employee 2138,Marketing,38,0.7,8,4.83789023166892,10356681,-0.2220776618538578,0.33957710793084966,22,0.5,2,3.0,20,1,0.765481590220638,1
1929,Synthetic Employee 1929,Operations,52,7.2,86,16.315463869687893,11251743,0.0007642953936473351,0.6438513746523414,11,6.0,0,3.0,98,1,0.5931783849026556,1
1691,Synthetic Employee 1691,Engineering,36,2.6,31,16.00179467981263,18142807,0.04606954309695038,0.7943777933257588,17,1.4,0,3.7,43,0,0.5263257821312124,0
868,Synthetic Employee 0868,Human Resources,37,1.6,19,27.406820716921352,12737763,-0.03995949718563824,0.33748094623221964,15,1.5,2,2.7,31,1,0.3303946649450215,1
1950,Synthetic Employee 1950,Human Resources,33,1.2,14,16.222550756677236,11608341,-0.1073251524531188,0.7411673955661902,15,0.5,0,3.4,26,1,0.5575268707585334,1
52,Synthetic Employee 0052,Human Resources,39,3.7,44,27.472772021168154,12988284,0.11144911476311556,0.3876701690545976,12,1.8,0,3.3,56,1,0.3062476473352873,1
1901,Synthetic Employee 1901,Engineering,39,1.9,22,21.84313864274812,17364487,-0.010567417502713172,0.4245089975837324,21,1.4,0,4.2,34,1,0.38606251932344504,1
679,Synthetic Employee 0679,Marketing,40,1.3,15,48.73828327882536,9803449,-0.41189343003615625,0.4099020715237036,16,0.4,0,3.0,27,1,0.95,1
1504,Synthetic Employee 1504,Engineering,38,2.0,24,14.073592973208639,17660123,-0.06440126292033155,0.745081004810104,22,1.6,3,3.7,35,1,0.5944226813468292,1
290,Synthetic Employee 0290,Marketing,33,3.4,40,12.185738312733667,9753618,-0.41792507811698026,0.7491584423243003,15,1.9,2,4.1,52,1,0.95,1
2248,Synthetic Employee 2248,Consulting,45,5.9,70,23.051588752337523,12253297,-0.1508910389531066,0.42155049081062235,13,1.3,0,2.8,76,0,0.7119341374269743,0
1421,Synthetic Employee 1421,Finance,46,5.1,61,28.91613335749657,19405204,0.13540788065398401,0.595815247465366,17,1.2,0,2.6,73,1,0.4707282692903024,1
1603,Synthetic Employee 1603,Sales,35,0.3,3,32.42075196725836,12631122,-0.18541365931464016,0.4990992125973108,10,0.3,0,3.0,15,1,0.95,1
533,Synthetic Employee 0533,Human Resources,27,2.1,25,7.576749188607061,11125579,-0.06995331993755585,0.27734711737861223,19,1.3,0,2.8,35,0,0.3407571928660114,0
480,Synthetic Employee 0480,Marketing,39,11.3,135,57.84832024350417,11673918,-0.15005135047145945,0.6136456298094604,13,4.7,0,2.5,147,1,0.95,1
1404,Synthetic Employee 1404,Consulting,33,0.4,4,59.11190293007124,11509743,-0.14814179934209934,0.36193097216369147,13,0.3,2,3.7,16,0,0.6857406722058337,0
1933,Synthetic Employee 1933,Consulting,22,0.3,3,33.4022192352365,11275844,-0.2691464094236346,0.3811126569166043,16,0.3,0,2.7,15,1,0.9453115439366492,1
292,Synthetic Employee 0292,Finance,33,6.6,79,30.232997737564126,12551448,-0.36917492478081154,0.40233049552404754,12,5.0,0,4.5,91,1,0.95,1
1722,Synthetic Employee 1722,Human Resources,34,8.4,100,20.365934549649065,12587595,-0.02060967200631919,0.4688346005352825,12,2.3,0,2.6,103,1,0.4151736881498791,1
1069,Synthetic Employee 1069,Operations,40,0.4,4,31.40504035553384,9307395,-0.2802926935902603,0.4081613251206967,15,0.2,3,3.2,7,1,0.95,1
1024,Synthetic Employee 1024,Operations,30,4.2,50,48.616848612425485,10448499,-0.1125073918098185,0.6566092709608313,19,3.7,0,3.7,62,1,0.95,1
2180,Synthetic Employee 2180,Human Resources,45,1.4,16,16.530397246814864,7740834,-0.5390182387046191,0.24230597720485336,16,1.1,1,2.9,28,1,0.8007456736173588,1
2228,Synthetic Employee 2228,Marketing,28,0.3,3,35.944536211849496,12498367,-0.13733850926377272,0.4395446730680991,18,0.3,0,2.9,15,1,0.7428725084590677,1
706,Synthetic Employee 0706,Marketing,37,1.2,14,59.01783658795572,13309833,-0.09331277809942631,0.4869784929943614,16,0.5,0,4.2,26,1,0.6227539780384213,1
2035,Synthetic Employee 2035,Consulting,38,1.6,19,38.15202757050811,14796996,-0.02037720226822104,0.47647946959258386,17,0.6,2,3.2,31,1,0.6273142514859236,1
407,Synthetic Employee 0407,Consulting,33,4.3,51,28.392633320995305,14914013,0.08443597931841346,0.2300327106926698,15,3.2,1,2.6,63,0,0.33350915899394756,0
2100,Synthetic Employee 2100,Engineering,38,1.7,20,26.829748464084783,13810325,-0.3225727674135942,0.6248166761960765,9,0.9,0,4.1,32,0,0.8336486693349014,0
2024,Synthetic Employee 2024,Engineering,33,1.5,18,30.09884696254573,14210881,-0.31907391100984867,0.444433741091974,11,1.3,0,3.1,26,1,0.95,1
2409,Synthetic Employee 2409,Sales,30,1.9,22,33.41227015408487,9532370,-0.3566514927479345,0.49225089295679236,10,1.2,0,2.9,34,0,0.95,0
979,Synthetic Employee 0979,Finance,29,3.6,43,5.212394733820407,17020918,0.06341839034272795,0.5168260519532306,15,1.1,0,3.1,50,1,0.4406112945469045,1
1746,Synthetic Employee 1746,Human Resources,31,13.5,162,10.640024228614287,15004545,0.3584586987597046,0.5435336893580315,14,7.0,0,3.7,174,0,0.48328943302024885,0
1881,Synthetic Employee 1881,Operations,36,6.5,78,21.202418337051213,14050983,0.2655860053111934,0.44485932128927874,13,5.6,0,3.4,90,0,0.45166060996099805,0
343,Synthetic Employee 0343,Consulting,37,2.9,34,39.65588303473748,13127696,-0.05850097644730415,0.38310812261874866,14,0.9,0,3.4,36,0,0.6003702743332496,0
1991,Synthetic Employee 1991,Sales,31,1.1,13,15.05581424921816,15691290,0.1737402376977143,0.5336449419086077,15,0.9,1,3.3,25,1,0.4994205837344101,1
2477,Synthetic Employee 2477,Consulting,22,9.4,112,3.205379657970206,12295595,-0.15976149366192066,0.7445071249889814,16,2.3,0,2.0,124,1,0.95,1
835,Synthetic Employee 0835,Finance,33,14.6,175,10.043143055977001,11952160,-0.3605628649970045,0.6488138981276665,17,7.0,0,2.6,177,1,0.95,1
1453,Synthetic Employee 1453,Finance,42,1.0,12,66.55248707771366,12512392,-0.3972344102046196,0.547846379410022,17,0.3,0,2.6,24,1,0.95,1
300,Synthetic Employee 0300,Operations,38,4.6,55,24.572950880005152,13626210,0.09352125525205257,0.6156571605284938,15,2.5,0,1.8,67,0,0.5638840049479784,0
1989,Synthetic Employee 1989,Sales,31,0.3,3,63.61339127515768,11528814,-0.28668702042485394,0.5613216142538566,20,0.3,0,2.1,11,1,0.95,1
2294,Synthetic Employee 2294,Operations,40,7.7,92,24.582788265816944,10205773,-0.10390216871802588,0.5594621676263838,11,7.6,1,3.3,98,1,0.7019494069353875,1
496,Synthetic Employee 0496,Marketing,31,0.5,6,20.96167278980704,12275475,-0.1428034626408241,0.6174573444485847,10,0.2,0,4.1,18,1,0.6122880564456038,1
813,Synthetic Employee 0813,Operations,31,1.0,12,16.58648866931049,12942073,0.14174182460077162,0.5043673935068637,14,0.5,1,4.6,24,0,0.4872228701819218,0
930,Synthetic Employee 0930,Operations,40,5.0,60,13.589232110390448,9949582,-0.1582924847731101,0.28964140826196644,8,0.9,0,4.1,69,1,0.6001995943133506,1
1058,Synthetic Employee 1058,Human Resources,47,4.7,56,18.664321601933,15231205,0.3547960672707887,0.4604241087166043,20,1.3,0,3.8,68,1,0.3921187504406492,1
1638,Synthetic Employee 1638,Sales,24,1.5,18,30.67345661735161,15417548,0.09265320235332042,0.5258770248651385,14,1.3,0,2.4,25,1,0.7847455669622388,1
2456,Synthetic Employee 2456,Sales,21,1.4,16,16.66356942408784,14721677,0.017467460676429652,0.32924681890507435,11,0.3,0,3.8,28,1,0.3085891092934208,1
221,Synthetic Employee 0221,Engineering,53,15.6,187,7.6733485004953605,25784646,0.4,0.6628229603556728,16,7.6,0,3.0,191,0,0.6184904288995885,0
2487,Synthetic Employee 2487,Sales,36,9.7,116,33.34995626483266,16410815,0.11693846517552803,0.4073225125789784,24,4.2,1,3.9,128,1,0.669150303522114,1
1660,Synthetic Employee 1660,Engineering,30,3.7,44,15.174174552276805,17781060,-0.14413456857570972,0.8871001013155446,22,0.8,2,3.3,56,1,0.6341880283683525,1
528,Synthetic Employee 0528,Consulting,38,3.2,38,49.20792541625452,13770085,-0.06306028443078829,0.8253172463446957,16,2.1,1,3.4,50,1,0.7809888289765148,1
1487,Synthetic Employee 1487,Human Resources,50,0.7,8,22.529569604196933,9032993,-0.34215769547374164,0.333306155556287,11,0.5,0,4.1,20,0,0.6619257235557603,0
2376,Synthetic Employee 2376,Marketing,31,0.3,3,47.74105438854436,12621706,-0.054226178071645564,0.4338437700372119,14,0.3,0,4.8,15,1,0.6520762556104194,1
1610,Synthetic Employee 1610,Finance,33,9.2,110,8.613609349474698,21535078,0.3804477789108026,0.5084875132627902,16,2.2,2,3.3,122,0,0.5041765037135812,0
597,Synthetic Employee 0597,Sales,38,0.4,4,10.395446814912258,10698721,-0.2942063934888114,0.4361514105505083,22,0.3,2,4.3,16,1,0.8890223949541424,1
85,Synthetic Employee 0085,Sales,45,0.5,6,35.816575612260195,13630704,-0.04210968023428438,0.24773504039008018,22,0.4,0,2.9,10,1,0.7051658113092225,1
2214,Synthetic Employee 2214,Consulting,42,1.3,15,42.2872798888943,12503632,0.020954409075908356,0.24439513358182358,16,1.3,2,4.0,27,0,0.6648306374029107,0
2056,Synthetic Employee 2056,Marketing,44,1.4,16,48.46850907565509,12214970,-0.04898209304554972,0.8251089783851128,13,0.5,1,2.9,23,0,0.9324305139478317,0
1962,Synthetic Employee 1962,Sales,40,2.5,30,28.11132457394283,11093907,-0.3916325856819584,0.5436147985577349,14,1.5,1,4.2,42,1,0.7501121435961657,1
1865,Synthetic Employee 1865,Finance,32,1.6,19,39.70206179905986,16413160,-0.06971601277753961,0.3234415813372168,15,1.1,0,2.6,31,0,0.5502636427744207,0
2327,Synthetic Employee 2327,Operations,47,6.3,75,15.252607294760033,9393090,-0.20870856867929422,0.48479972351672823,17,4.4,0,2.5,83,1,0.95,1
462,Synthetic Employee 0462,Sales,40,4.3,51,35.42241959780942,14054874,-0.07270878932840127,0.2538376929726679,13,3.8,0,2.8,63,1,0.6481745540323471,1
110,Synthetic Employee 0110,Sales,44,0.9,10,20.17157882342631,9381962,-0.32099572845623753,0.43652035936538924,15,0.6,0,4.0,22,1,0.95,1
1963,Synthetic Employee 1963,Consulting,38,0.3,3,15.509005495460942,11757779,-0.21452586298774542,0.6216332009797922,11,0.2,2,3.7,15,1,0.8969572962743418,1
355,Synthetic Employee 0355,Engineering,29,3.2,38,17.691057875574597,19775897,0.02175046421115101,0.6937907417170918,20,2.5,0,4.1,50,0,0.5101614076807857,0
267,Synthetic Employee 0267,Human Resources,47,11.8,141,12.769915490243312,11882894,-0.02443304317463718,0.29023421711604086,15,7.1,0,3.7,153,0,0.35036558079249147,0
1546,Synthetic Employee 1546,Human Resources,40,1.5,18,29.164883938400894,8277655,-0.2858806284250859,0.4432064167600245,23,1.1,0,3.8,30,1,0.9154977966928068,1
531,Synthetic Employee 0531,Finance,36,0.4,4,10.859008646997284,15816049,-0.06546356791339816,0.3171233317604446,11,0.4,0,3.3,16,0,0.4305945328929245,0
2447,Synthetic Employee 2447,Human Resources,52,7.8,93,16.75420059296629,14165472,0.1197442803010128,0.42121413098418914,19,6.7,0,3.7,105,1,0.46903995667557297,1
291,Synthetic Employee 0291,Engineering,29,1.2,14,27.003187389438267,15595340,-0.19581777941386014,0.592958197841259,18,0.6,1,3.7,26,1,0.9374282953955526,1
606,Synthetic Employee 0606,Operations,33,4.5,54,46.1774058715786,12350401,0.16509860568761398,0.6351119478543161,14,3.6,1,2.2,66,1,0.95,1
1561,Synthetic Employee 1561,Marketing,35,5.2,62,33.36590114533981,12692771,-0.20815775075103224,0.7502644897352064,12,1.5,0,3.4,74,1,0.95,1
417,Synthetic Employee 0417,Finance,46,7.9,94,27.778446150552814,20017157,0.285028510974708,0.3555716180988842,12,6.3,0,4.0,101,0,0.35666005306768755,0
473,Synthetic Employee 0473,Operations,32,6.9,82,34.21594166059663,11900147,0.04717547489679286,0.4144660814486397,21,4.3,0,4.0,94,1,0.6591505028056192,1
932,Synthetic Employee 0932,Consulting,30,0.6,7,32.70426199599954,12600129,-0.06205683996086779,0.2669302174215392,19,0.4,1,3.0,13,0,0.6253404608780311,0
2280,Synthetic Employee 2280,Operations,33,4.2,50,19.96698019824838,12353519,0.14256012089481607,0.6728252326728439,12,2.6,1,2.7,62,0,0.47229106514839625,0
2420,Synthetic Employee 2420,Human Resources,38,1.3,15,54.931749795391006,8771965,-0.3156709330558906,0.4513149558099193,15,0.5,0,2.5,21,1,0.95,1
809,Synthetic Employee 0809,Sales,43,3.0,36,33.796678985657,14730910,-0.030569009590764668,0.45438803842788694,18,2.7,2,3.3,48,1,0.7470286507598084,1
799,Synthetic Employee 0799,Human Resources,27,0.4,4,6.707538734499128,10686620,-0.22873188671317612,0.2439843475428352,17,0.3,0,2.1,16,1,0.7505156173119938,1
2492,Synthetic Employee 2492,Marketing,43,2.0,24,14.938440165368492,11736403,-0.1299299096780524,0.42986274690561865,16,0.4,0,4.2,36,0,0.3714615691335732,0
931,Synthetic Employee 0931,Marketing,39,0.4,4,62.05197384613896,12662671,-0.008191386748904544,0.5446924810643952,17,0.3,0,2.0,16,1,0.8805138946980307,1
279,Synthetic Employee 0279,Finance,26,13.1,157,29.298758736557765,19146581,0.11888164100041149,0.47130571136532456,13,7.3,2,3.5,163,0,0.4450655991822908,0
1518,Synthetic Employee 1518,Marketing,49,7.5,90,41.67139743238864,14717514,0.08752218526424876,0.6365971430486252,19,3.8,1,3.7,102,1,0.8731472000536151,1
884,Synthetic Employee 0884,Sales,34,3.6,43,25.908588364689805,14388824,-0.03532258013320702,0.46740364610165686,17,1.9,0,3.3,55,1,0.3485730209084639,1
1015,Synthetic Employee 1015,Consulting,30,0.6,7,28.413724627049483,10784976,-0.29874438877440396,0.5775188653444362,12,0.3,0,3.3,19,1,0.9091052822964422,1
19,Synthetic Employee 0019,Engineering,42,5.4,64,15.408202959347836,19371967,0.07825398678062087,0.42865830586581566,19,4.2,0,4.0,70,0,0.47112432564242834,0
1235,Synthetic Employee 1235,Engineering,49,5.6,67,42.0625131095273,16432395,-0.13038905127335287,0.49717744173359235,13,2.1,0,3.7,79,1,0.6283096836854059,1
2402,Synthetic Employee 2402,Marketing,36,4.2,50,31.947099987952672,12418635,-0.08010093228258575,0.23305836180446632,11,3.7,0,3.9,60,0,0.6416563413052506,0
1973,Synthetic Employee 1973,Finance,39,1.8,21,53.58648950650027,12259306,-0.40851462362222735,0.4877102323260033,13,0.7,1,4.4,33,1,0.95,1
1533,Synthetic Employee 1533,Sales,35,2.5,30,37.37279747012749,17624184,0.11499242995764736,0.31811486335773165,10,2.3,2,4.4,42,0,0.5549721617401648,0
1903,Synthetic Employee 1903,Human Resources,40,5.4,64,39.11397085035798,12907305,0.059920810897568455,0.6831867160514511,18,1.0,0,3.7,76,1,0.7491922804944064,1
2134,Synthetic Employee 2134,Finance,46,0.3,3,38.53378039120578,12442494,-0.3309056651217183,0.44373927422555887,13,0.2,0,2.5,15,1,0.95,1
1502,Synthetic Employee 1502,Sales,35,12.4,148,26.769783915747226,22387570,0.4,0.44199767221208974,8,2.7,1,2.6,160,0,0.30545934821938514,0
1565,Synthetic Employee 1565,Human Resources,31,0.3,3,49.843850484276686,12391118,0.05857530805899752,0.5908982945905805,16,0.2,0,4.4,15,1,0.7694515224853626,1
220,Synthetic Employee 0220,Finance,42,12.9,154,17.119587891899542,21244833,0.25160129773371076,0.36382501285868507,12,2.6,3,2.8,166,0,0.3257710036004318,0
619,Synthetic Employee 0619,Engineering,35,1.2,14,12.650185244315352,13468968,-0.3485705845448677,0.16045917560796225,13,0.6,0,4.0,26,1,0.6215285691702295,1
1248,Synthetic Employee 1248,Operations,40,0.7,8,23.096474269099833,8502554,-0.29977178751743855,0.4450747379916665,11,0.6,1,4.6,20,1,0.8680209266376666,1
304,Synthetic Employee 0304,Sales,24,4.7,56,50.74894777708283,16361571,0.08937599085745129,0.3730825479012718,20,4.0,1,4.4,68,0,0.8033631134123561,0
1739,Synthetic Employee 1739,Human Resources,32,2.7,32,41.69702057151948,9828191,-0.23833938610072322,0.2259016426908838,10,2.5,1,2.7,44,1,0.8403524599534474,1
2377,Synthetic Employee 2377,Consulting,37,10.8,129,16.794696901566635,16534199,0.27600339830846254,0.4948132720887155,18,2.5,0,4.3,141,0,0.39374771618484034,0
2009,Synthetic Employee 2009,Marketing,30,3.1,37,39.63459751479535,17211339,0.3236037332746224,0.2946618699640196,18,2.2,1,3.7,49,1,0.5542053235899256,1
2065,Synthetic Employee 2065,Engineering,53,0.9,10,26.14358106573937,12483226,-0.4020195502039596,0.5397297944841588,22,0.4,0,3.2,22,1,0.95,1
1296,Synthetic Employee 1296,Marketing,30,1.9,22,62.99097408849253,12968308,-0.09872508876663749,0.5762652102895951,16,0.7,0,3.9,34,0,0.7112542588810866,0
2202,Synthetic Employee 2202,Engineering,46,0.4,4,37.31557137076412,18929321,-0.007892817004490904,0.5172710592495955,16,0.3,0,3.3,16,1,0.7488358965898868,1
880,Synthetic Employee 0880,Human Resources,45,3.0,36,2.0,12307161,0.017253579837725685,0.23631711664455138,21,0.3,0,3.5,48,0,0.2998687926604744,0
2159,Synthetic Employee 2159,Operations,31,4.0,48,17.96731676796745,11228478,-0.009774783815188176,0.40854797127192405,11,3.5,0,3.1,60,0,0.3674934319561387,0
1006,Synthetic Employee 1006,Human Resources,35,3.7,44,59.43124619987121,11166783,-0.10340462500346795,0.41701327763083873,16,2.7,2,3.7,56,1,0.6608637177366349,1
1034,Synthetic Employee 1034,Marketing,41,5.6,67,29.472615272788147,15462594,0.16390146721988064,0.3718030350124881,8,2.7,1,3.5,79,1,0.2858048498034967,1
1506,Synthetic Employee 1506,Engineering,34,0.3,3,15.422782295830343,17556154,-0.07862526266590295,0.6155226754201011,15,0.2,1,3.6,15,0,0.5223463491176283,0
1054,Synthetic Employee 1054,Operations,40,0.5,6,33.066855989511886,9926891,-0.1931847324881671,0.5277134400646928,15,0.3,1,3.2,18,1,0.95,1
1870,Synthetic Employee 1870,Marketing,35,2.8,33,10.093332957088776,11076674,-0.20755428339169385,0.4528058642184854,20,1.8,2,3.1,45,0,0.7368856419811758,0
1101,Synthetic Employee 1101,Marketing,33,0.3,3,27.30822614451646,10243233,-0.3486090212013935,0.6590324663157991,11,0.2,0,4.2,15,1,0.9279290905684238,1
193,Synthetic Employee 0193,Marketing,34,0.3,3,22.839436107791332,8743907,-0.38464188635440344,0.45743334253323387,21,0.3,0,4.3,8,1,0.95,1
175,Synthetic Employee 0175,Finance,36,20.0,240,3.9090709756701765,18071878,-0.07796420712928936,0.2747177935714098,19,1.2,0,3.8,252,1,0.3026209821999947,1
766,Synthetic Employee 0766,Operations,35,0.3,3,33.32531348742884,10440979,-0.16668422280922554,0.49041898635377307,14,0.2,0,2.3,15,1,0.95,1
1379,Synthetic Employee 1379,Human Resources,35,8.6,103,38.30015412700988,11994776,0.04714912419020062,0.5154422569919139,16,3.7,0,3.1,115,1,0.8272238319577359,1
1567,Synthetic Employee 1567,Marketing,21,2.9,34,11.379934364240851,13317718,-0.020413759856184932,0.2908962149415265,16,1.6,1,4.3,46,0,0.2951509401836274,0
1905,Synthetic Employee 1905,Operations,29,0.3,3,38.304626189846395,11799355,-0.024361011081927897,0.38034556946783427,20,0.3,1,3.3,15,1,0.6088967594509936,1
701,Synthetic Employee 0701,Consulting,26,2.0,24,24.255647863115744,10682898,-0.2701378536688174,0.41274361027981715,14,1.5,0,3.7,36,1,0.6586682108783488,1
129,Synthetic Employee 0129,Human Resources,56,8.6,103,39.15870887548913,15292921,0.3990086428546024,0.3120913646841729,12,2.5,0,3.4,115,1,0.5350855821115684,1
341,Synthetic Employee 0341,Human Resources,24,1.5,18,30.978245693955557,9561537,-0.20145616350406628,0.44175717780562296,16,1.2,0,3.6,30,1,0.95,1
2128,Synthetic Employee 2128,Consulting,31,4.9,58,17.66199153369676,18787189,0.381174423339267,0.476014765121597,14,1.4,0,3.2,70,1,0.37248413423404714,1
648,Synthetic Employee 0648,Marketing,21,0.8,9,25.88535174756935,12562876,0.027376988354102294,0.3891530137840758,19,0.4,0,3.4,21,1,0.4095628438595412,1
1287,Synthetic Employee 1287,Marketing,39,4.1,49,52.27158694378281,12675992,0.019360674310761355,0.3232281354062386,16,0.9,2,3.3,61,1,0.5804038779137468,1
308,Synthetic Employee 0308,Human Resources,29,6.7,80,44.06055942931506,12758580,0.023689915183964405,0.355766708426823,15,5.5,0,3.0,92,0,0.6847146783595105,0
384,Synthetic Employee 0384,Human Resources,21,2.9,34,43.12193050583898,10894506,-0.11714704698919023,0.519874233666384,11,1.4,0,3.4,42,1,0.6814647854265876,1
1273,Synthetic Employee 1273,Engineering,45,1.3,15,21.630800817520253,12631089,-0.3361531766237122,0.5340378869988884,11,0.7,2,2.4,26,1,0.95,1
2315,Synthetic Employee 2315,Sales,21,3.8,45,20.24853455366687,17389307,0.258783928839352,0.2691498192467962,18,1.7,0,3.5,57,1,0.2970619493891029,1
1264,Synthetic Employee 1264,Marketing,41,4.0,48,28.294307152424263,14219366,0.1609488287706592,0.5335615795212476,11,1.4,0,2.7,60,0,0.42929724226594934,0
178,Synthetic Employee 0178,Marketing,43,3.9,46,16.53008134162232,12626322,-0.10126720582729673,0.4169628649659505,18,1.0,1,2.5,53,1,0.3758496021904661,1
427,Synthetic Employee 0427,Finance,21,5.8,69,42.30710422179305,20255566,0.2751926133010467,0.3590244170809797,14,4.0,0,3.6,81,1,0.6816268367826743,1
787,Synthetic Employee 0787,Consulting,40,1.2,14,16.792153613042682,10632527,-0.26325486892496774,0.8111874714269955,19,0.7,0,2.0,26,1,0.95,1
1747,Synthetic Employee 1747,Sales,37,1.9,22,15.538327049404504,16015421,0.09379289180476932,0.6676142011793769,18,1.4,1,4.3,24,1,0.49483197633022546,1
1100,Synthetic Employee 1100,Human Resources,43,1.4,16,21.37424310234241,7459598,-0.458602347872747,0.7668948880009736,9,0.9,2,2.7,23,1,0.95,1
2390,Synthetic Employee 2390,Engineering,51,0.3,3,23.526676000371133,12381373,-0.35232080142193983,0.8418359988047546,14,0.2,1,4.0,14,1,0.95,1
185,Synthetic Employee 0185,Operations,37,2.4,28,25.999007718764727,9251488,-0.1268336945165643,0.8267986132557628,17,0.6,0,3.8,40,1,0.6222036117116136,1
1592,Synthetic Employee 1592,Operations,50,1.8,21,6.732325188130402,12124718,0.03425444924793111,0.5760763470271258,18,1.2,0,3.3,33,1,0.46920137716759525,1
1990,Synthetic Employee 1990,Consulting,38,12.8,153,28.675906980031137,22010542,0.4,0.42520624273601,15,4.0,0,3.7,165,1,0.5479577479660828,1
2496,Synthetic Employee 2496,Sales,30,1.4,16,28.205596635313587,16404897,0.17814324746100238,0.31249218717877336,10,1.4,0,2.1,28,0,0.4333978124100565,0
2286,Synthetic Employee 2286,Marketing,35,5.5,66,57.27473855902425,15513676,0.2525439463280108,0.34549768638782963,21,1.5,1,3.4,78,1,0.5804393521885923,1
1304,Synthetic Employee 1304,Marketing,30,2.0,24,19.802210742366526,12381634,-0.09516574871921149,0.38922935828585126,16,0.6,1,5.0,36,0,0.41488422032003835,0
962,Synthetic Employee 0962,Consulting,45,6.6,79,13.853021013335407,15698288,0.11627169436845386,0.6811517186104528,16,0.3,1,2.6,91,0,0.4906224812109268,0
1640,Synthetic Employee 1640,Sales,41,1.3,15,50.34257240440293,13483187,-0.10226553287945823,0.6567837224598395,13,0.2,0,3.3,27,0,0.7836994422887551,0
490,Synthetic Employee 0490,Operations,49,0.7,8,7.146779035933716,11095633,-0.15028393122952913,0.4248708224456559,18,0.3,3,3.1,19,1,0.8598638302847836,1
762,Synthetic Employee 0762,Human Resources,41,7.9,94,29.4152439588593,16339174,0.37161352984369833,0.5710029276731846,17,4.0,0,3.1,96,1,0.5967808197484917,1
810,Synthetic Employee 0810,Sales,34,0.7,8,12.297567923986376,13538544,-0.0853630146195575,0.3658358694647944,12,0.4,0,3.6,20,1,0.3750340434501424,1
2278,Synthetic Employee 2278,Operations,40,6.1,73,38.345637016278566,10774363,-0.13019672536579385,0.6418892918799697,16,5.1,0,3.0,85,1,0.95,1
1430,Synthetic Employee 1430,Sales,21,3.6,43,33.12945316992159,11805230,-0.2391197367034647,0.46621005499680773,15,0.9,2,4.3,55,1,0.95,1
1658,Synthetic Employee 1658,Engineering,30,2.6,31,23.612976405412205,15625022,-0.18101156527135925,0.6339228897845554,17,2.6,1,3.9,43,1,0.8681984091396755,1
1526,Synthetic Employee 1526,Sales,24,2.2,26,10.505508177172276,12928562,-0.22038182783866136,0.5717039080650488,11,1.0,0,3.9,38,1,0.7459770942582136,1
2087,Synthetic Employee 2087,Engineering,21,1.2,14,56.4104999615121,17196125,-0.019716527311568866,0.5848592681456586,15,1.0,1,4.0,17,1,0.8731605950807846,1
119,Synthetic Employee 0119,Marketing,21,6.3,75,29.86818950861157,16910082,0.3159014211167025,0.29951446345233346,13,2.7,0,3.7,86,0,0.31906404976665337,0
1554,Synthetic Employee 1554,Human Resources,51,5.2,62,28.04258556918975,15318329,0.24041739984102378,0.4041114714831329,16,3.7,1,2.3,74,1,0.5662512120152773,1
282,Synthetic Employee 0282,Engineering,38,0.9,10,21.665730638090725,13483348,-0.3396394334904934,0.3533529269715671,14,0.7,1,3.9,22,1,0.6795388195520388,1
2186,Synthetic Employee 2186,Engineering,49,4.1,49,52.569045378736995,15987889,-0.1319568208778733,0.5310081030202916,14,1.9,0,2.8,61,0,0.6965822688456818,0
2465,Synthetic Employee 2465,Sales,33,0.3,3,32.12691017321418,15665656,0.18786958592245018,0.567332777585667,21,0.3,1,3.3,15,1,0.7828531777239869,1
1836,Synthetic Employee 1836,Finance,36,6.0,72,30.876407728163798,15626738,0.03242081653162254,0.3280030352286297,15,4.1,1,2.8,73,1,0.7807408498640164,1
650,Synthetic Employee 0650,Engineering,26,0.3,3,8.97506272001343,14187543,-0.39877087138564493,0.5482328322320649,11,0.3,2,2.9,7,1,0.95,1
728,Synthetic Employee 0728,Consulting,38,3.7,44,23.0680814768628,11945102,-0.19981070927504868,0.7497968890115481,17,0.3,1,3.6,56,1,0.9006431289232335,1
367,Synthetic Employee 0367,Engineering,41,3.9,46,46.17317450755135,15455352,-0.15455561165482426,0.5349557773552991,15,3.8,0,4.6,58,1,0.95,1
1352,Synthetic Employee 1352,Engineering,41,1.8,21,69.91900377908875,14220453,-0.2929674133477905,0.46879299708504646,16,1.6,0,3.1,33,1,0.95,1
556,Synthetic Employee 0556,Consulting,34,2.3,27,52.34369850893018,8369786,-0.435339551701799,0.39607077735182117,14,1.4,2,2.8,39,1,0.95,1
1411,Synthetic Employee 1411,Finance,48,4.2,50,36.26014601375558,17269853,0.033472076643775966,0.6382905288643625,15,2.9,0,4.2,62,1,0.7246213480820216,1
2281,Synthetic Employee 2281,Human Resources,44,0.5,6,37.65814274405729,12610248,0.0974564235795779,0.572034118586955,18,0.2,0,4.2,18,1,0.7721695532043474,1
1914,Synthetic Employee 1914,Engineering,34,4.0,48,16.600446643104164,14700724,-0.15520358492612973,0.5398479491148963,16,3.3,0,3.2,49,1,0.95,1
204,Synthetic Employee 0204,Finance,43,0.4,4,40.67721901008822,15228401,-0.006000903249724687,0.21315221460921535,14,0.3,2,3.6,16,1,0.6480826200905803,1
2114,Synthetic Employee 2114,Engineering,54,1.0,12,8.699094906900195,12948196,-0.26094055646626996,0.53104275519426,13,1.0,0,1.7,23,1,0.95,1
121,Synthetic Employee 0121,Consulting,41,1.3,15,7.21698711992334,11424912,-0.2877772658362476,0.41025535586604805,24,1.2,0,2.6,27,1,0.8086714996424935,1
284,Synthetic Employee 0284,Operations,41,4.3,51,3.5774652199913883,11412803,0.0405129176726019,0.558822088927061,13,1.9,0,3.7,63,1,0.444370184899577,1
576,Synthetic Employee 0576,Consulting,49,3.4,40,39.54800313092556,12347264,-0.17839352670817277,0.2531012451680752,24,2.2,0,3.2,52,1,0.903968348647061,1
1302,Synthetic Employee 1302,Consulting,39,2.4,28,26.53140857014589,13565496,-0.09779884339071279,0.7567057718034451,17,0.4,0,2.6,40,0,0.5157776161049646,0
2414,Synthetic Employee 2414,Consulting,51,2.8,33,9.829319197757346,11061089,-0.2591947811124475,0.30147208765541017,19,1.0,2,4.4,45,1,0.6905121845435148,1
276,Synthetic Employee 0276,Finance,31,1.3,15,23.64338427161487,16646602,-0.01308596726073577,0.3473892279791583,17,1.2,2,3.7,27,0,0.44036898383416434,0
966,Synthetic Employee 0966,Finance,21,1.3,15,45.98234772961629,14039987,-0.22508137523165983,0.49510561091859195,20,0.7,0,4.5,27,1,0.95,1
1548,Synthetic Employee 1548,Marketing,44,2.9,34,53.2435350144784,12697835,-0.04070277800855318,0.3903315617341401,18,0.5,0,4.1,40,0,0.5809928372855593,0
361,Synthetic Employee 0361,Human Resources,30,1.1,13,23.076786159707382,10702334,-0.22203455572339786,0.35888185588856825,11,0.7,1,4.3,25,1,0.7422869196487991,1
1128,Synthetic Employee 1128,Consulting,21,17.5,210,28.693568351214765,13278332,-0.17799203244866954,0.5530943079216851,14,4.1,1,2.5,222,1,0.7859664062180718,1
768,Synthetic Employee 0768,Finance,38,1.1,13,29.57767024862145,17735013,-0.04018870982225736,0.3777478062744206,10,0.7,0,4.1,25,0,0.36496938575683774,0
2004,Synthetic Employee 2004,Human Resources,47,0.4,4,55.181029448341405,9762937,-0.11460620591358595,0.3355686139176748,13,0.2,0,3.2,16,0,0.620559211896949,0
1727,Synthetic Employee 1727,Finance,31,5.4,64,41.967208836008666,17061633,0.024921605531606827,0.5875130758142881,16,3.7,0,3.2,76,1,0.8474036612280007,1
1889,Synthetic Employee 1889,Consulting,47,0.3,3,10.339195820984926,12242504,-0.1556495483268694,0.2194267252697109,13,0.2,0,2.4,15,1,0.7276394830755191,1
287,Synthetic Employee 0287,Engineering,47,12.2,146,24.839859228780348,21191740,0.1650165223746474,0.8126909034719944,18,7.5,0,3.5,158,1,0.6684534529721584,1
2103,Synthetic Employee 2103,Marketing,26,1.3,15,30.964177062685582,10463906,-0.16506112773787712,0.297323812226822,17,1.0,0,4.2,21,1,0.9258506674235102,1
1095,Synthetic Employee 1095,Operations,25,2.0,24,62.70831017106228,9841919,-0.07939338037786206,0.25106893422270327,16,1.0,0,3.4,27,0,0.571399301582357,0
889,Synthetic Employee 0889,Sales,23,5.2,62,31.589810481895903,16339984,0.06329261502247646,0.5430114111842672,18,3.4,1,3.4,74,1,0.7491431951315949,1
424,Synthetic Employee 0424,Human Resources,58,4.4,52,14.553460119131573,11488995,-0.037552840883413235,0.6097531157990054,15,2.7,1,4.3,64,0,0.5534308724237216,0
1809,Synthetic Employee 1809,Marketing,44,2.5,30,14.875033645455952,12874101,0.039644380307193916,0.1649775735256408,18,1.6,0,3.3,42,0,0.2678937205871794,0
2348,Synthetic Employee 2348,Engineering,21,8.1,97,35.542619495668895,16002098,-0.08698155153662238,0.5498749596009516,15,6.3,1,1.6,109,1,0.95,1
1588,Synthetic Employee 1588,Marketing,35,5.1,61,11.617242812875364,12231822,-0.1314284785987329,0.6419462362085602,16,2.4,0,3.3,73,0,0.4856449461383968,0
841,Synthetic Employee 0841,Consulting,28,0.6,7,29.722248481265403,10117446,-0.2908471388121902,0.3655784587640535,14,0.5,0,3.1,19,1,0.8272619684539348,1
66,Synthetic Employee 0066,Engineering,31,1.2,14,11.254603016632263,14010698,-0.300497538531043,0.39205295675038515,20,0.8,2,3.8,20,1,0.95,1
1646,Synthetic Employee 1646,Marketing,26,18.2,218,18.082923717007922,14429119,0.1504236417647902,0.5641612819043245,22,7.4,0,4.1,230,0,0.6148651589332109,0
1711,Synthetic Employee 1711,Sales,50,0.6,7,12.290291949016702,13350845,-0.0027479923569587728,0.29610216401274647,12,0.6,2,2.7,19,0,0.413308605923569,0
1458,Synthetic Employee 1458,Consulting,49,1.7,20,37.80778106627693,14221138,-0.06886280979327944,0.5118060927182195,13,1.1,1,3.5,32,0,0.6812057059611014,0
1560,Synthetic Employee 1560,Human Resources,52,5.7,68,19.944236756089165,9856832,-0.25819139467733854,0.37592895664625214,10,4.3,1,3.6,80,1,0.8241601078609506,1
231,Synthetic Employee 0231,Sales,42,6.8,81,36.17815678471163,17271094,0.239325051674287,0.7273648913981181,12,3.5,2,4.1,83,1,0.95,1
1576,Synthetic Employee 1576,Sales,32,5.4,64,9.273532870541317,14921570,0.054781703300896545,0.5109605900228869,21,0.9,2,3.4,65,0,0.4516689652064083,0
1570,Synthetic Employee 1570,Marketing,41,3.8,45,89.47539055623163,10582965,-0.3457940221445141,0.5484475504144555,15,1.5,0,2.0,57,1,0.95,1
1186,Synthetic Employee 1186,Engineering,33,1.2,14,14.030977792349402,10125222,-0.5804918027317235,0.471935738535591,18,0.7,0,2.5,26,1,0.95,1
890,Synthetic Employee 0890,Human Resources,40,9.5,114,12.152815904052224,16071316,0.31829121810185446,0.7182147985556713,18,5.4,0,2.1,120,1,0.7865001435955881,1
1400,Synthetic Employee 1400,Marketing,40,3.7,44,30.490971806997536,12200924,-0.075778439350648,0.42775682659496483,10,0.8,0,3.0,56,1,0.6516719114465901,1
730,Synthetic Employee 0730,Human Resources,40,8.0,96,24.747771026124735,16626300,0.4,0.35801398703451953,18,7.7,0,2.8,101,1,0.38134391636966547,1
737,Synthetic Employee 0737,Human Resources,38,1.6,19,18.21230195904961,9116145,-0.33253193495979194,0.4866397428473983,16,0.6,1,2.8,31,0,0.7421591279972715,0
1074,Synthetic Employee 1074,Finance,27,2.1,25,38.133879281337286,15015765,-0.11439585344116954,0.7032205413574849,12,1.6,0,4.4,37,1,0.8176017515800957,1
375,Synthetic Employee 0375,Human Resources,30,6.1,73,18.70615063839019,12722740,0.05803192654021838,0.30254627155942254,9,5.8,1,2.9,85,0,0.3958129560366383,0
760,Synthetic Employee 0760,Consulting,40,0.3,3,13.140974291141198,10294713,-0.289783379607005,0.4861512562381842,15,0.2,1,2.9,15,1,0.7939223517466916,1
2251,Synthetic Employee 2251,Finance,26,1.6,19,13.575998441328327,15077002,-0.16704355185013303,0.5807628840429752,14,0.5,1,2.5,31,1,0.8413136075320331,1
1668,Synthetic Employee 1668,Human Resources,38,1.5,18,47.55476355885166,10527294,-0.08801635016896517,0.5558260010364836,16,0.7,0,4.2,30,1,0.7115312802902154,1
298,Synthetic Employee 0298,Finance,31,5.9,70,41.67158292023241,17800427,0.01718179884517651,0.5830661812956033,14,1.3,0,3.3,82,1,0.705158530762769,1
599,Synthetic Employee 0599,Marketing,27,6.9,82,45.74432638025752,17032821,0.3097572078954254,0.4814310088895616,13,0.4,0,3.0,94,0,0.5865006824890773,0
1972,Synthetic Employee 1972,Operations,38,1.3,15,6.094196757456892,12093871,0.06519851171043933,0.2167007441774394,17,0.2,0,4.5,27,1,0.301076208369683,1
100,Synthetic Employee 0100,Operations,47,0.3,3,6.48801256320254,8386791,-0.364171028739125,0.3299807333442234,11,0.2,0,2.6,12,1,0.6609946053363825,1
1055,Synthetic Employee 1055,Human Resources,49,0.3,3,18.032230525542694,9902841,-0.20780357217602136,0.3485520211032983,11,0.3,1,2.5,15,0,0.6661945659089235,0
1780,Synthetic Employee 1780,Consulting,41,6.0,72,18.833657256793714,12689707,-0.0762921555203628,0.2934762201708174,15,5.5,1,3.7,84,1,0.4245733416478289,1
1238,Synthetic Employee 1238,Consulting,30,2.2,26,35.10252528943928,12806270,-0.13902356928732065,0.39219168917095526,14,1.8,1,4.1,38,1,0.6029136729678675,1
530,Synthetic Employee 0530,Finance,38,1.3,15,42.923913739315516,14100303,-0.24802084030926233,0.716001506946528,17,0.2,0,3.8,27,0,0.95,0
1934,Synthetic Employee 1934,Operations,41,3.9,46,9.353231225116268,10179915,-0.11796378567145796,0.39509666365707197,12,2.6,3,3.5,58,1,0.4645270658239801,1
1613,Synthetic Employee 1613,Consulting,48,4.0,48,14.323563378367565,11142985,-0.2154168624654165,0.2966429880664189,10,0.6,0,3.4,60,1,0.6649600366585973,1
1209,Synthetic Employee 1209,Marketing,22,1.2,14,20.752336607357073,10680934,-0.23802159097437262,0.31859497388180436,8,0.3,1,3.3,26,1,0.6458065926869052,1
637,Synthetic Employee 0637,Human Resources,21,7.0,84,6.980894806850484,12573747,0.07052033916884107,0.5318061524165989,13,0.9,1,3.6,96,0,0.4368057226766477,0
2197,Synthetic Employee 2197,Marketing,44,0.3,3,38.21811449886301,12410359,-0.1833071465929361,0.4286127249068894,12,0.2,1,4.0,15,1,0.95,1
186,Synthetic Employee 0186,Finance,21,2.1,25,16.05853747798,15813372,-0.10948854285165238,0.6034729784251903,13,0.5,2,5.0,37,0,0.6309724339590534,0
1997,Synthetic Employee 1997,Operations,35,1.2,14,23.70479250304168,9834751,-0.18567601401283287,0.18454782271875864,18,0.6,0,4.3,26,0,0.6482733903612524,0
945,Synthetic Employee 0945,Finance,42,1.2,14,17.519366051324038,15833336,-0.033036501578658256,0.5817473328543458,12,0.5,2,2.2,26,1,0.8730892531992169,1
1805,Synthetic Employee 1805,Consulting,38,3.7,44,19.44218129143475,15822896,0.11156063317780157,0.8265653468420421,19,2.9,0,3.3,46,0,0.5433382971157718,0
1657,Synthetic Employee 1657,Consulting,37,7.1,85,22.35395194287463,19619715,0.4,0.40618250430642555,15,4.5,2,4.3,97,1,0.5234311012057992,1
1779,Synthetic Employee 1779,Engineering,40,2.8,33,37.20306101484422,15578724,-0.1422351613351376,0.13482045265435463,24,2.6,0,2.9,45,0,0.5708497267432193,0
512,Synthetic Employee 0512,Operations,34,3.4,40,23.38611090303544,10054113,-0.20805687978459517,0.4817875229286508,12,1.0,0,3.2,52,0,0.7248005064200223,0
801,Synthetic Employee 0801,Operations,46,9.9,118,24.285427169104622,17794663,0.4,0.3007895804219392,13,7.2,1,3.4,130,1,0.345321082518143,1
1135,Synthetic Employee 1135,Marketing,32,11.0,132,95.0,14193156,0.22050685654813346,0.7118900140770813,15,2.7,0,3.0,144,0,0.8152292039415829,0
1395,Synthetic Employee 1395,Marketing,30,0.9,10,36.71496131437874,9745830,-0.32453375417414143,0.5576535831153406,16,0.3,0,3.8,22,1,0.95,1
2406,Synthetic Employee 2406,Marketing,53,1.3,15,33.90737028703753,10654350,-0.2589311772328572,0.781864631705147,15,1.0,2,3.1,19,1,0.95,1
608,Synthetic Employee 0608,Human Resources,24,5.1,61,36.791500566086526,14962733,0.2966757693468696,0.4929480498048343,19,4.1,0,3.4,62,1,0.7391254539453536,1
1208,Synthetic Employee 1208,Sales,26,1.4,16,20.714270147049405,12913921,-0.15342181994138832,0.5386081826147259,15,0.3,0,2.5,19,0,0.7354102911321232,0
152,Synthetic Employee 0152,Human Resources,28,1.3,15,39.73742985795223,12068672,0.09548128017454065,0.457615087897995,11,0.4,0,3.5,27,1,0.6413322246114386,1
1558,Synthetic Employee 1558,Sales,37,0.8,9,13.076010027279894,11796155,-0.0671387640395565,0.5170162513009612,15,0.2,0,3.1,21,1,0.5025645503642692,1
857,Synthetic Employee 0857,Human Resources,47,1.9,22,42.95101872745557,9033839,-0.25807190569778377,0.5076457655913148,9,1.5,0,2.3,34,0,0.95,0
1136,Synthetic Employee 1136,Human Resources,41,0.3,3,21.563554628330095,14249905,0.188065172693971,0.5603420693760632,12,0.3,0,3.1,15,1,0.42409577942529764,1
875,Synthetic Employee 0875,Finance,51,0.4,4,5.831723896373181,11620958,-0.19640262628874658,0.4820068160998523,18,0.2,1,4.3,16,1,0.95,1
2276,Synthetic Employee 2276,Marketing,42,1.1,13,26.312072339281837,15093662,0.2028127640343704,0.5351380006852156,14,0.2,1,3.5,25,0,0.42503864019186033,0
24,Synthetic Employee 0024,Engineering,21,2.2,26,17.0098033904717,18377589,0.12056565815196321,0.3102941665090172,19,0.5,0,2.6,38,0,0.3125823666225248,0
159,Synthetic Employee 0159,Human Resources,46,0.8,9,28.70945211921355,9808250,-0.22464254964811914,0.316167402164483,29,0.7,0,3.2,21,1,0.7291268726060551,1
332,Synthetic Employee 0332,Sales,42,3.6,43,18.57257580831022,17251069,0.100126044522649,0.2996717463270416,13,3.3,0,3.3,55,1,0.34500808897157165,1
1111,Synthetic Employee 1111,Marketing,40,2.7,32,20.712207467933798,14178768,0.08203055967984607,0.5122641376943191,19,2.0,0,3.0,44,0,0.4026339585544093,0
2388,Synthetic Employee 2388,Consulting,21,2.8,33,14.870986098366618,13111451,-0.07344982928014793,0.48886995522373855,16,1.9,2,3.3,41,0,0.43098358746264676,0
1718,Synthetic Employee 1718,Sales,38,4.6,55,21.42888467014665,18568245,0.27704614355270607,0.427292760548056,29,3.9,0,2.9,67,0,0.5107419729534557,0
2366,Synthetic Employee 2366,Consulting,37,1.4,16,9.23571254898493,13924186,-0.010478393468634412,0.5320181017765527,19,0.7,0,3.2,28,0,0.5149650684974347,0
2450,Synthetic Employee 2450,Engineering,38,0.5,6,53.124047350141964,18426247,0.02129950621136034,0.43312617790958396,20,0.4,2,2.3,15,1,0.8403753298146837,1
643,Synthetic Employee 0643,Operations,42,6.9,82,23.130590533009673,11326425,-0.08329875544870022,0.4333390799989679,13,2.7,0,3.0,94,0,0.356534942399711,0
1438,Synthetic Employee 1438,Marketing,34,10.8,129,29.27502835801631,16498610,0.25158677096929166,0.5841642922511912,20,3.2,0,2.9,141,0,0.6124660018303336,0
312,Synthetic Employee 0312,Operations,22,0.7,8,14.925619386508057,7562157,-0.4413175456939872,0.36585781675047624,15,0.6,0,3.5,12,1,0.95,1
352,Synthetic Employee 0352,Operations,23,7.5,90,39.74225713321172,14979516,0.36512680915404794,0.5708635962466484,20,5.4,0,3.1,95,1,0.8587418069490615,1
549,Synthetic Employee 0549,Finance,37,1.0,12,30.003307988269295,17629462,0.05996388228362379,0.21840669328308435,11,1.0,0,3.0,24,1,0.5275538741192637,1
1745,Synthetic Employee 1745,Human Resources,27,1.6,19,10.742575966711126,13284326,0.0533697468861003,0.1993715190091084,16,1.4,0,3.9,31,0,0.2695240253225504,0
1126,Synthetic Employee 1126,Sales,45,3.6,43,31.18166921144274,14753832,0.02968775719275038,0.6029089244504957,14,1.4,1,4.1,52,0,0.7107144988461389,0
307,Synthetic Employee 0307,Consulting,60,5.0,60,28.70504612641692,17147217,0.1972248272386392,0.7627875107323259,17,0.5,0,3.9,72,0,0.5174805030050512,0
288,Synthetic Employee 0288,Engineering,44,2.8,33,23.957000180376053,11919201,-0.362571218022643,0.23691162763849358,14,0.7,0,3.9,45,1,0.7201352557387781,1
695,Synthetic Employee 0695,Human Resources,42,2.8,33,26.77090045379022,9729689,-0.3330270372703467,0.5810372713328211,11,2.3,0,3.0,45,1,0.7485904359731899,1
963,Synthetic Employee 0963,Marketing,40,1.4,16,17.188500039018958,10119357,-0.32842240498530506,0.3743951479047438,21,0.9,0,3.1,28,1,0.7134306414133282,1
631,Synthetic Employee 0631,Human Resources,43,3.9,46,15.233276241441741,14325695,0.27071209538312035,0.5535349023783077,21,1.5,1,3.5,58,0,0.47488977266592614,0
1813,Synthetic Employee 1813,Finance,28,0.6,7,22.924723346042747,13220987,-0.30613871807313836,0.34944363670291767,18,0.5,2,2.1,19,1,0.869244218276817,1
950,Synthetic Employee 0950,Human Resources,31,2.7,32,18.78590938880228,12100504,0.029118173899036814,0.37593388971530795,15,2.6,0,3.3,44,0,0.3149614891202862,0
1390,Synthetic Employee 1390,Finance,39,7.9,94,34.33763495363219,14334449,-0.19810568326084851,0.36592329471080765,12,3.3,1,3.4,96,1,0.95,1
987,Synthetic Employee 0987,Engineering,33,6.1,73,15.512796178418789,18139478,0.01849762822871509,0.2691540092862841,18,0.7,1,3.2,85,0,0.29706312260015955,0
991,Synthetic Employee 0991,Consulting,43,2.0,24,15.466981836989092,9836208,-0.3567252701520153,0.5436839167419378,16,0.7,0,3.2,36,1,0.9156314966877427,1
1591,Synthetic Employee 1591,Consulting,48,6.5,78,14.563476919539088,10138384,-0.394885847628592,0.587277110741536,18,3.1,0,4.5,86,1,0.95,1
782,Synthetic Employee 0782,Operations,42,2.0,24,27.132244025633046,11074651,-0.08531069912880118,0.5847987752567579,26,0.5,2,4.2,36,1,0.5655436570718924,1
1377,Synthetic Employee 1377,Operations,41,3.3,39,25.39413251500572,9174731,-0.18667807649385532,0.6579082566563762,17,2.0,2,4.2,51,1,0.95,1
837,Synthetic Employee 0837,Human Resources,44,1.8,21,23.741546904625505,9539920,-0.20191421350049366,0.6761330918471653,12,1.1,0,4.3,33,1,0.8600172657172063,1
1436,Synthetic Employee 1436,Human Resources,37,3.4,40,16.826832369032132,14015493,0.16525346338408003,0.39619375087674874,15,2.8,0,4.0,52,0,0.3541342502454896,0
2418,Synthetic Employee 2418,Human Resources,40,9.2,110,16.595439844124247,13611288,0.12050877238625338,0.6200332279369386,13,0.9,0,2.0,122,1,0.5571093038223429,1
14,Synthetic Employee 0014,Engineering,29,0.7,8,48.41634766014414,16259164,-0.09563330123677413,0.33514479885094745,14,0.3,0,4.0,18,1,0.6244405436782653,1
1221,Synthetic Employee 1221,Operations,29,1.1,13,19.637132096643064,10680286,-0.19127892897892226,0.29072872607166955,15,0.5,2,3.4,25,1,0.7238040433000674,1
1408,Synthetic Employee 1408,Marketing,48,2.6,31,19.4354406226423,13478514,-0.04350969623617573,0.553921764170505,23,1.2,1,4.2,43,0,0.4829980939677414,0
515,Synthetic Employee 0515,Operations,21,2.5,30,34.99938470629733,12555941,0.13923458192308763,0.43185992282197294,14,0.5,0,3.6,42,1,0.5766207783901525,1
410,Synthetic Employee 0410,Finance,35,5.5,66,27.739096916580625,18302683,0.13063531894895958,0.38492380942256177,16,1.1,0,2.9,78,0,0.3549786666383173,0
862,Synthetic Employee 0862,Operations,41,8.0,96,23.157151222704492,11812351,0.03706879282279482,0.42221757746821365,16,1.8,0,3.7,108,1,0.4181209216910998,1
314,Synthetic Employee 0314,Marketing,43,0.3,3,16.608198225097095,12176750,-0.09308873533555041,0.33530568504613345,17,0.3,1,4.6,15,0,0.38648559181291736,0
1871,Synthetic Employee 1871,Human Resources,42,8.0,96,9.527665899238796,17398519,0.4,0.5612415085879442,14,7.0,0,3.3,108,0,0.4882476224046244,0
1303,Synthetic Employee 1303,Sales,49,2.8,33,47.85944877773759,11419390,-0.3274713783796932,0.27654097237024616,14,2.3,0,4.0,45,1,0.9253314722636689,1
1280,Synthetic Employee 1280,Consulting,45,5.6,67,6.628953755435441,11153383,-0.25220417081008345,0.6642689048077339,9,3.5,3,4.8,79,1,0.95,1
2500,Synthetic Employee 2500,Finance,21,1.3,15,26.23916835602902,13117806,-0.3236743336533529,0.2571690846483786,9,1.1,0,2.6,27,1,0.632607343701546,1
2359,Synthetic Employee 2359,Consulting,40,3.1,37,15.304468672893773,17501574,0.2525214864193271,0.6748943093376263,13,1.4,0,3.7,43,1,0.4768704066145354,1
383,Synthetic Employee 0383,Operations,33,0.8,9,52.142386787552034,15001411,0.3556043563040079,0.5346069586335438,10,0.4,2,4.4,21,1,0.8085899484173923,1
1200,Synthetic Employee 1200,Engineering,21,1.3,15,42.225108769357455,17565594,-0.07315712076214537,0.600385379236898,15,0.5,0,3.3,27,1,0.7681079061863315,1
1624,Synthetic Employee 1624,Engineering,34,0.7,8,9.431721579809482,14489172,-0.2897512532455369,0.6677871264699016,17,0.4,0,3.6,20,1,0.95,1
1878,Synthetic Employee 1878,Human Resources,32,1.8,21,50.36240080694185,11977019,-0.05155634341893306,0.3424371299783579,10,0.4,0,4.2,33,1,0.5690823963939402,1
1510,Synthetic Employee 1510,Consulting,35,8.6,103,18.041024901248353,14512702,0.08872822970854749,0.6668250973378169,23,2.4,1,2.2,115,0,0.6102110272545889,0
1002,Synthetic Employee 1002,Consulting,22,2.5,30,33.1158600210748,11226457,-0.20313741455923628,0.3856619464748357,14,1.8,0,2.5,42,1,0.901085345012954,1
2241,Synthetic Employee 2241,Finance,34,6.7,80,29.83530652561597,18174035,0.09541567970116299,0.6138991055091301,13,2.2,2,3.1,92,1,0.5216917495425565,1
264,Synthetic Employee 0264,Operations,40,4.8,57,6.666073701433386,13061776,0.19729985674281333,0.49398632072572385,11,0.6,1,3.5,69,1,0.41821616980320264,1
1291,Synthetic Employee 1291,Operations,39,9.2,110,22.97023452565209,14009999,0.34308603435813917,0.38625149811637016,16,7.6,2,4.8,113,1,0.43325041947258364,1
2160,Synthetic Employee 2160,Human Resources,42,4.0,48,48.30706312819726,12729581,0.01244288234305757,0.4366495267924087,14,0.8,1,4.7,60,1,0.6114618675018745,1
1784,Synthetic Employee 1784,Finance,35,0.9,10,10.446907998334972,13332361,-0.2884844876121401,0.564221391126794,14,0.4,0,3.1,22,1,0.9133819895155023,1
416,Synthetic Employee 0416,Engineering,54,2.4,28,39.100598200636604,11801557,-0.35283800542244725,0.38456066255555765,16,1.1,0,1.4,40,1,0.95,1
1114,Synthetic Employee 1114,Sales,50,2.2,26,56.01485488975949,14195846,-0.02254499729634782,0.1764102404486584,16,0.9,0,3.2,38,0,0.5130948673256244,0
359,Synthetic Employee 0359,Sales,33,0.5,6,66.58926100430747,11993334,-0.20954285096484235,0.3262185155727315,10,0.3,1,3.9,18,0,0.95,0
1174,Synthetic Employee 1174,Human Resources,53,0.8,9,14.110394966832772,7957523,-0.4351166657105964,0.6461396318121206,20,0.3,0,4.2,21,1,0.95,1
9,Synthetic Employee 0009,Operations,37,2.9,34,49.606230006213465,11186322,0.02241534691885952,0.5690180074609549,13,0.5,1,2.8,36,0,0.6445250420890674,0
2021,Synthetic Employee 2021,Finance,47,3.3,39,19.80529017518347,14888003,-0.07536034584033525,0.186350158438933,9,1.0,0,3.3,51,1,0.2752780443629012,1
317,Synthetic Employee 0317,Human Resources,34,4.7,56,15.826661886103906,9320515,-0.3190834697620346,0.4052131674763497,12,2.5,0,3.0,66,1,0.7841596868933779,1
305,Synthetic Employee 0305,Consulting,44,0.3,3,19.906897049249906,6997164,-0.5195622792638827,0.534922785680576,15,0.2,0,4.1,15,1,0.95,1
428,Synthetic Employee 0428,Finance,34,1.1,13,49.596103444871524,14740006,-0.1531401904167202,0.47246705810804235,22,0.5,0,3.4,25,1,0.95,1
106,Synthetic Employee 0106,Sales,36,1.4,16,38.0437309671742,15725640,0.11006463114549361,0.7828075617947452,22,1.3,0,2.9,28,0,0.8471861173025288,0
2045,Synthetic Employee 2045,Human Resources,30,6.8,81,61.71897401865204,11929716,-0.019602940906392863,0.46130380576811614,18,5.4,0,4.2,93,1,0.7262650656150726,1
122,Synthetic Employee 0122,Consulting,32,5.0,60,17.21408507237936,13926115,-0.024163057270671112,0.4052626642731444,19,4.4,0,2.6,72,1,0.46457354599648043,1
822,Synthetic Employee 0822,Human Resources,41,2.8,33,21.015602829011677,12372649,-0.07861423706868437,0.331549550273211,18,2.4,0,2.8,45,1,0.34803387407649905,1
1553,Synthetic Employee 1553,Consulting,34,0.3,3,46.06826299880593,13909060,0.085469532035454,0.5459161033336524,12,0.2,0,2.7,15,1,0.7408565089334227,1
2291,Synthetic Employee 2291,Marketing,30,17.5,210,50.10464754229792,17876966,0.35260510503603504,0.4410588236891795,12,5.4,0,4.5,222,1,0.6965964706329704,1
1399,Synthetic Employee 1399,Human Resources,42,1.4,16,17.742605337079354,13742491,0.3049294743678826,0.5367945675416947,16,0.2,1,4.0,28,1,0.5043024789116746,1
1776,Synthetic Employee 1776,Consulting,24,5.7,68,8.788113773702351,13188564,-0.1568226689290391,0.611900452069063,14,1.8,1,2.8,80,1,0.7692321265793376,1
2300,Synthetic Employee 2300,Engineering,34,2.8,33,16.268077767196054,16292329,-0.011227839567770598,0.6508134721657705,20,1.6,0,4.1,45,1,0.5849277722064158,1
116,Synthetic Employee 0116,Finance,41,1.0,12,17.921954454112083,13001572,-0.43748367828208745,0.46288389468443425,13,1.0,0,3.6,24,0,0.7062074905116416,0
1514,Synthetic Employee 1514,Operations,36,3.2,38,34.7717998887799,6378961,-0.5251139302313708,0.3063319681752698,15,1.9,0,3.9,50,1,0.95,1
745,Synthetic Employee 0745,Consulting,29,1.8,21,40.6080676065665,11133456,-0.3293229836463821,0.8194015459437823,16,0.4,0,4.5,28,1,0.95,1
1559,Synthetic Employee 1559,Engineering,26,1.6,19,26.253855594585485,20742620,0.0977506385953481,0.48617011275983213,12,1.1,0,2.3,31,0,0.43212763157275297,0
2334,Synthetic Employee 2334,Sales,34,0.3,3,47.62185112910632,15326134,0.08338934547826451,0.5564036499363243,11,0.3,1,3.1,15,1,0.7397930219821709,1
912,Synthetic Employee 0912,Operations,41,1.9,22,11.78193052326561,7146654,-0.44611504690874393,0.7479732213635022,14,0.3,0,4.8,26,1,0.95,1
1489,Synthetic Employee 1489,Operations,31,4.1,49,31.86634635965055,10988920,-0.013070462212063427,0.5148296914289022,22,1.4,0,3.9,61,0,0.6653523136000927,0
673,Synthetic Employee 0673,Human Resources,41,1.4,16,21.72209224857417,8500730,-0.4171422099866573,0.6632011389043468,15,0.4,1,2.2,28,1,0.95,1
2307,Synthetic Employee 2307,Marketing,27,1.6,19,20.351687008560774,9811595,-0.3025919137468919,0.46695250266977684,24,1.4,0,2.9,31,1,0.7686467007475375,1
2052,Synthetic Employee 2052,Finance,34,0.9,10,9.538205712380087,14730593,-0.11866098831695596,0.5712633126401685,24,0.2,1,2.9,22,0,0.6553537275392473,0
1641,Synthetic Employee 1641,Consulting,31,2.1,25,25.88838968584252,8555820,-0.5082365607173691,0.24631110962286534,16,0.5,0,3.2,37,1,0.7307671106944023,1
310,Synthetic Employee 0310,Engineering,37,0.3,3,65.18706939230078,16415306,-0.07176941351565506,0.6826896861928446,16,0.3,0,3.8,8,1,0.9045531121339965,1
592,Synthetic Employee 0592,Consulting,29,0.3,3,33.01067595046042,9264312,-0.3946610624948798,0.38750464329206996,20,0.3,0,3.7,15,1,0.95,1
463,Synthetic Employee 0463,Human Resources,29,4.7,56,6.526218358126887,13196704,0.09327364810766839,0.21361272338879836,12,0.4,2,3.3,68,0,0.28371156254886354,0
1988,Synthetic Employee 1988,Engineering,36,0.8,9,16.563250031750233,18141049,0.02794576935567608,0.543545329544066,14,0.6,0,3.2,21,0,0.42739269227233845,0
942,Synthetic Employee 0942,Sales,45,3.1,37,41.622017656862326,10814883,-0.2893070791448039,0.9113196272708564,21,1.9,2,3.7,49,1,0.95,1
1648,Synthetic Employee 1648,Sales,30,1.9,22,11.838200354703035,12184503,-0.2966989920683674,0.623737648023649,18,1.0,0,3.3,34,1,0.8693465414466217,1
2367,Synthetic Employee 2367,Human Resources,30,1.9,22,11.97603786160765,9607602,-0.2469458879828912,0.57141707334847,8,1.1,0,3.5,34,0,0.8146967805375716,0
553,Synthetic Employee 0553,Operations,42,1.4,16,7.284851967266084,9679054,-0.17962238241298326,0.6090500096762126,19,0.8,1,3.8,28,1,0.9459340027093396,1
88,Synthetic Employee 0088,Human Resources,39,3.6,43,27.170292871867836,14245600,0.21510750828412328,0.5129642544481461,12,2.0,1,2.8,55,0,0.42752999124548086,0
691,Synthetic Employee 0691,Operations,28,7.9,94,14.104154816495718,12160266,0.03273270069005599,0.28522378215182237,19,3.8,0,3.3,106,0,0.36496265900251024,0
1692,Synthetic Employee 1692,Operations,21,1.3,15,31.8317396280849,8591329,-0.2535681790395682,0.5545222903630413,10,1.2,0,3.9,27,1,0.95,1
2413,Synthetic Employee 2413,Sales,38,10.4,124,18.30871686164128,17134694,0.18226707597249683,0.42475930435990716,17,2.8,0,3.4,136,1,0.336632605220774,1
1616,Synthetic Employee 1616,Operations,29,7.2,86,38.83515458681459,12269069,0.05615078859644554,0.33683087427395336,9,5.0,0,3.0,95,1,0.589412644796707,1
1162,Synthetic Employee 1162,Engineering,40,6.4,76,44.84947742959875,16597263,-0.006180676955552952,0.25778783065324284,7,5.2,0,4.7,88,0,0.632580592582908,0
2421,Synthetic Employee 2421,Finance,34,13.8,165,11.196411880013077,23401991,0.3439446637954743,0.3559042310546722,18,2.3,3,2.6,177,0,0.3475531846953082,0
1414,Synthetic Employee 1414,Consulting,29,3.3,39,15.61219572038516,8534176,-0.5655488136457925,0.33362163489145535,16,2.4,0,2.6,51,1,0.7552140577696075,1
2220,Synthetic Employee 2220,Human Resources,33,6.6,79,34.665759774044055,10818846,-0.09006622403530976,0.7538048933315712,16,4.6,1,3.3,87,0,0.95,0
544,Synthetic Employee 0544,Sales,51,1.6,19,33.5879835441762,16950044,0.25984559226183696,0.6325370662810728,15,0.6,1,3.4,31,1,0.7230103785587003,1
1761,Synthetic Employee 1761,Consulting,29,5.5,66,24.759007152191682,12398626,-0.15558308982151456,0.5079156351273173,20,3.0,1,2.5,67,1,0.95,1
2217,Synthetic Employee 2217,Sales,44,5.6,67,36.86590094204317,17508737,0.32465179726987725,0.5939029847840867,17,1.8,2,5.0,79,1,0.7820928357395442,1
495,Synthetic Employee 0495,Consulting,42,5.4,64,20.228625902340525,11345258,-0.31535697722213535,0.5185369902483359,24,2.6,1,4.0,76,1,0.8638903572695341,1
366,Synthetic Employee 0366,Human Resources,42,3.9,46,35.164643645253356,13743342,0.1824072241451436,0.6607668812163562,16,0.5,0,2.0,58,1,0.8305147267405798,1
2259,Synthetic Employee 2259,Engineering,32,5.6,67,39.99270298613696,15684303,-0.271708415698529,0.5014058242089371,13,5.5,1,3.0,68,1,0.95,1
1551,Synthetic Employee 1551,Operations,21,1.3,15,18.890136945069496,10725753,-0.04153579777682398,0.3059158497914457,14,0.2,3,3.2,19,0,0.42405643794160475,0
274,Synthetic Employee 0274,Marketing,33,5.6,67,63.09609556042783,10607543,-0.24896787486599678,0.35031213946779893,11,1.5,2,4.2,79,1,0.95,1
789,Synthetic Employee 0789,Consulting,53,3.2,38,17.70985699622917,12912913,-0.17313275639464193,0.3439747568861483,21,1.2,0,3.1,46,1,0.7222129319281215,1
72,Synthetic Employee 0072,Consulting,39,0.9,10,20.869800948706306,13074815,-0.0637056312216702,0.3068977451638028,22,0.7,0,3.9,20,0,0.39853136864586475,0
1243,Synthetic Employee 1243,Finance,32,1.8,21,22.333358887738438,15516046,-0.12802550459054446,0.7153011727946588,13,1.4,0,2.6,33,1,0.5749843283825045,1
1812,Synthetic Employee 1812,Sales,43,3.7,44,3.385411204500859,12273805,-0.2627595253382808,0.15706339909055378,18,3.0,0,3.7,56,1,0.6983777517453551,1
64,Synthetic Employee 0064,Engineering,24,0.4,4,8.492951411370864,16346167,-0.09693715294995,0.6501852290003898,25,0.4,0,2.9,16,1,0.6814518641201093,1
395,Synthetic Employee 0395,Marketing,38,1.3,15,20.50894994278846,11009139,-0.14349565456713856,1.045656110871994,15,0.8,0,4.2,27,0,0.7521837110441584,0
1205,Synthetic Employee 1205,Human Resources,28,2.3,27,40.04417188870501,13003863,0.16792263577845468,0.5177378991117056,12,1.8,0,3.8,39,0,0.6261666117512776,0
344,Synthetic Employee 0344,Engineering,29,16.2,194,19.060652052494866,20789481,0.13099403503372753,0.5420669474308191,16,6.3,1,3.4,202,1,0.49087874528062936,1
1375,Synthetic Employee 1375,Marketing,47,7.0,84,26.988271955614785,15527745,0.1682732967801429,0.4761130565521168,12,2.1,0,3.5,96,0,0.36451165583459266,0
1381,Synthetic Employee 1381,Human Resources,50,0.7,8,13.733507492069647,11158262,-0.1678997903848654,0.26039637376246794,20,0.6,0,2.9,20,1,0.677510984653491,1
501,Synthetic Employee 0501,Engineering,34,4.2,50,30.90424140804338,19831994,0.11854268313895541,0.34930409381135513,11,2.6,0,3.5,62,0,0.5750051462671795,0
1673,Synthetic Employee 1673,Engineering,30,0.6,7,34.29432674309804,16172997,-0.05595576454396743,0.6975683923800287,12,0.5,0,2.8,16,1,0.892719149866408,1
678,Synthetic Employee 0678,Finance,33,11.4,136,22.32427791770916,19284830,0.29866513837689457,0.475342402749213,17,6.6,0,3.0,148,1,0.4761958727697796,1
1028,Synthetic Employee 1028,Human Resources,50,1.1,13,39.71657664131402,11874802,-0.20457775206110207,0.4669864889284052,14,1.0,0,2.7,25,1,0.9091562168999534,1
1887,Synthetic Employee 1887,Finance,26,7.1,85,13.69332788761027,17076198,-0.031915381112250174,0.5599983720273667,12,4.0,0,3.6,97,1,0.4798995441676627,1
2466,Synthetic Employee 2466,Marketing,38,7.2,86,46.22381987561268,15917882,0.21889249463506236,0.31842170747750626,15,3.2,1,3.5,98,0,0.6082580780937018,0
273,Synthetic Employee 0273,Engineering,41,6.2,74,60.974547625136765,20461421,0.127381614381171,0.5724635296911305,26,2.7,0,2.3,86,0,0.8457897883135166,0
2474,Synthetic Employee 2474,Human Resources,34,1.3,15,34.8914949302338,8561547,-0.27791966310605387,0.46947147223912816,18,0.4,1,3.9,23,1,0.95,1
206,Synthetic Employee 0206,Consulting,28,2.2,26,32.252631074998405,9196523,-0.3726076805422172,0.29637849558484197,13,2.1,0,2.4,38,1,0.95,1
734,Synthetic Employee 0734,Sales,40,4.7,56,33.70696756292725,16278560,0.03190019232052549,0.6438333403688477,25,3.2,0,1.9,68,1,0.95,1
153,Synthetic Employee 0153,Finance,21,2.4,28,46.303114566371875,17441462,-0.0137008371511331,0.5247684713537876,10,1.7,0,4.1,40,1,0.6728351719790606,1
2371,Synthetic Employee 2371,Operations,52,4.1,49,7.447629442818387,11884734,0.07681585945767616,0.5122307851975919,17,2.2,0,3.3,61,1,0.3946246198553257,1
558,Synthetic Employee 0558,Consulting,39,2.3,27,52.23034385993208,14584438,0.12180891968499433,0.7356833806871512,12,1.4,0,3.3,39,0,0.7398913465924024,0
378,Synthetic Employee 0378,Operations,45,4.6,55,37.81038415813635,11425277,0.01364164653667399,0.5987547133019702,18,2.2,0,2.7,67,1,0.7255513197245518,1
536,Synthetic Employee 0536,Marketing,40,0.9,10,29.08461556700805,9715178,-0.3178741611666273,0.49591622674427516,12,0.8,0,2.5,22,1,0.784656543488397,1
974,Synthetic Employee 0974,Finance,38,0.5,6,14.798650207201517,18706291,-0.006748762150802168,0.5088405935896636,13,0.2,0,4.6,18,1,0.4844753662051058,1
1001,Synthetic Employee 1001,Finance,27,1.1,13,19.257733755104542,14172037,-0.1964039574420427,0.6265283511182682,16,0.5,2,3.3,25,0,0.95,0
1873,Synthetic Employee 1873,Finance,24,12.4,148,27.498817851235543,20545189,0.3188731070479808,0.7028563218281698,11,0.3,1,1.8,160,0,0.5722997701118876,0
199,Synthetic Employee 0199,Operations,33,1.4,16,47.95062426211905,12803123,0.1312161418166051,0.570845679912674,16,1.0,0,3.5,28,1,0.7638367903755487,1
562,Synthetic Employee 0562,Engineering,28,1.0,12,14.905445629259162,16956345,-0.10546030810268006,0.34750071009076705,15,0.5,3,4.2,24,1,0.4397001988254148,1
686,Synthetic Employee 0686,Sales,42,0.3,3,17.484605723785613,11808533,-0.1591672053447577,0.495022155193317,6,0.2,0,3.1,15,0,0.6872062034541288,0
1214,Synthetic Employee 1214,Human Resources,24,1.1,13,13.12206897614116,10024727,-0.24162993206715686,0.6110336389812571,17,0.3,0,3.4,21,1,0.938489418914752,1
591,Synthetic Employee 0591,Consulting,47,2.2,26,16.71902018807681,10053576,-0.4183349571362942,0.1656676440823575,19,1.7,1,3.2,38,0,0.7201869403430601,0
520,Synthetic Employee 0520,Finance,21,0.7,8,19.3771094516564,15870211,-0.09472027699504582,0.4910523877405991,22,0.3,0,4.1,15,0,0.6248946685673679,0
309,Synthetic Employee 0309,Sales,26,5.2,62,28.302141970220767,15502084,0.11962390911098078,0.33332879572613355,8,2.9,1,3.7,74,0,0.2750320628033174,0
605,Synthetic Employee 0605,Marketing,44,1.1,13,30.189923027546776,4604066,-0.65,0.2884733822426159,7,0.5,0,2.7,25,1,0.95,1
2155,Synthetic Employee 2155,Operations,33,4.5,54,54.18828508884192,13723171,0.32403015859971174,0.6875911315659904,8,1.0,0,4.1,66,1,0.7104255168384774,1
2260,Synthetic Employee 2260,Finance,29,0.4,4,41.38307884617696,15797310,-0.0835698859538479,0.5081351863142801,23,0.2,1,2.6,11,0,0.7820778521679985,0
60,Synthetic Employee 0060,Engineering,30,7.7,92,28.10248077814703,17233606,-0.08974679740979477,0.252173245351765,15,5.1,3,4.1,104,1,0.6081085086984943,1
584,Synthetic Employee 0584,Sales,37,0.6,7,21.337022634981796,14763895,0.0640979550919287,0.4396747099544659,15,0.3,0,3.9,19,0,0.4023089187872504,0
860,Synthetic Employee 0860,Marketing,40,3.3,39,33.81785493120529,13849509,-0.07738200906165771,0.707915056144286,14,1.6,0,4.0,51,1,0.7401162157204,1
208,Synthetic Employee 0208,Marketing,41,0.3,3,74.29029921548573,8608991,-0.4849367697270689,0.30077753880866287,21,0.3,0,4.0,15,0,0.95,0
2018,Synthetic Employee 2018,Sales,40,5.7,68,64.41791674832699,12866619,-0.040233359663093465,0.4106154790568084,11,5.6,3,3.5,80,1,0.8864723341359064,1
870,Synthetic Employee 0870,Finance,46,4.8,57,39.66522892736899,18161680,0.18363575351045347,0.4837686466217103,13,1.4,0,2.8,69,1,0.673355221054079,1
786,Synthetic Employee 0786,Marketing,37,1.3,15,34.00282237818485,14538228,0.16074142816222908,0.3534523163137977,17,1.0,0,4.6,27,1,0.6361666485678634,1
907,Synthetic Employee 0907,Marketing,41,0.3,3,18.726181424708095,11598420,-0.25999112440555633,0.5128990395981567,14,0.3,1,3.6,15,1,0.8990117310874839,1
2428,Synthetic Employee 2428,Engineering,35,1.5,18,34.75549617634806,15234547,-0.25785530263314177,0.4531988226947604,11,0.7,0,4.3,24,1,0.9079956703545329,1
793,Synthetic Employee 0793,Consulting,33,4.9,58,33.193668930522975,12899626,-0.19572273173349722,0.5329909340390017,11,3.7,1,3.5,70,1,0.95,1
832,Synthetic Employee 0832,Engineering,33,5.9,70,30.339979658661065,21441485,0.2087874428062347,0.5071248619967882,12,3.3,1,4.3,82,1,0.8088949613591008,1
163,Synthetic Employee 0163,Consulting,44,1.9,22,30.18893025115566,13368067,-0.04503064032226334,0.47640481712515764,19,1.0,0,3.9,34,0,0.6090933487950443,0
1308,Synthetic Employee 1308,Marketing,36,1.1,13,92.29425352572547,14065804,0.13355056916363744,0.45384611815877,14,0.5,0,3.2,25,1,0.7154769130844556,1
527,Synthetic Employee 0527,Engineering,40,0.9,10,61.090633209012616,16204114,-0.16068103549500773,0.9272952821360865,16,0.8,0,2.6,20,1,0.95,1
1577,Synthetic Employee 1577,Human Resources,28,7.6,91,26.13392341739846,7694516,-0.43872990998497874,0.4395361080277207,18,1.8,0,2.7,103,0,0.8944701102477618,0
257,Synthetic Employee 0257,Consulting,31,2.2,26,55.30692703607654,13526366,-0.029719668571088292,0.7924846260836915,21,0.6,2,2.8,27,1,0.8536956953034336,1
507,Synthetic Employee 0507,Engineering,25,5.2,62,2.139115666867735,20824393,0.07121694953682967,0.5802379578114267,13,1.0,0,4.1,74,0,0.4503666281871995,0
1957,Synthetic Employee 1957,Marketing,24,4.1,49,10.66997435527415,13288418,-0.00441926382812638,0.8863082943494028,14,0.5,0,3.4,61,0,0.5400663224178328,0
2121,Synthetic Employee 2121,Human Resources,21,5.8,69,40.20942674612985,10862877,-0.2135588866428611,0.48310284598758313,11,3.3,0,2.5,81,1,0.95,1
2229,Synthetic Employee 2229,Operations,34,1.9,22,38.3870368816392,9726879,-0.1008155203314432,0.5944188376038829,8,1.8,0,2.8,29,0,0.7711372745290872,0
2165,Synthetic Employee 2165,Finance,36,1.7,20,11.441040898929145,14246740,-0.3636867339717753,0.4625198296220686,17,1.4,1,3.2,32,1,0.6846055522941792,1
863,Synthetic Employee 0863,Consulting,45,1.3,15,30.737161389615217,10946078,-0.24580377229467784,0.7480533970332527,14,0.3,0,2.5,27,1,0.95,1
1676,Synthetic Employee 1676,Engineering,34,0.6,7,34.30999627458199,11766270,-0.4780310413964416,0.7038199853679032,18,0.3,0,3.9,19,1,0.95,1
21,Synthetic Employee 0021,Sales,36,3.8,45,19.42332356381501,18233801,0.24752362528320926,0.642688108791369,13,3.7,3,3.6,54,0,0.6978526704615834,0
1405,Synthetic Employee 1405,Engineering,21,2.8,33,4.045198150899957,16113305,-0.11595859617747388,0.9394868470216923,17,0.4,0,3.5,45,0,0.653756317166074,0
440,Synthetic Employee 0440,Operations,46,1.7,20,59.95848974402839,9100765,-0.3111418054035432,0.9172860731609445,9,1.6,1,3.2,32,1,0.95,1
1088,Synthetic Employee 1088,Operations,38,9.1,109,55.055061901603864,11071185,-0.10686019059487434,0.34511881774922337,19,4.5,1,2.7,121,0,0.6317332689697825,0
382,Synthetic Employee 0382,Operations,37,1.4,16,22.110916627442034,10858687,-0.034211329937253926,0.7099266501284347,22,1.2,1,4.0,28,1,0.6861794620359618,1
2109,Synthetic Employee 2109,Operations,37,0.3,3,22.08220374560534,7969973,-0.33902198654908644,0.3399972717948919,22,0.3,1,4.0,15,0,0.8520992361025698,0
1262,Synthetic Employee 1262,Marketing,34,0.3,3,35.63408753738712,14809480,0.12358159059091545,0.39804264538356676,17,0.2,0,4.5,15,1,0.7194519407073987,1
539,Synthetic Employee 0539,Consulting,46,1.0,12,21.343972268295133,11206881,-0.23857036313887986,0.5303258134887627,10,0.6,1,4.8,24,1,0.7862912277768535,1
882,Synthetic Employee 0882,Consulting,21,3.4,40,37.17943779950615,12942728,-0.1780878057509721,0.18443844641357596,17,2.5,0,3.4,52,1,0.8567427649958013,1
903,Synthetic Employee 0903,Engineering,28,2.7,32,32.44796536145622,18925564,-0.0004600910967047511,0.3206160691552471,16,1.2,1,3.8,44,1,0.5869724993634693,1
84,Synthetic Employee 0084,Consulting,43,0.3,3,22.447182485438436,11818108,-0.18807458583221454,0.3213271004913054,14,0.2,0,3.5,15,0,0.6705715881375655,0
2104,Synthetic Employee 2104,Sales,37,7.2,86,25.894885792774573,22181166,0.4,0.5317184802651564,19,2.6,1,3.4,98,0,0.4607811744742438,0
1201,Synthetic Employee 1201,Human Resources,40,2.1,25,26.527857221717227,9847344,-0.11250081533219852,0.42151950683421757,22,0.7,0,3.4,37,0,0.44792546191358096,0
1310,Synthetic Employee 1310,Human Resources,21,5.3,63,54.154257919490526,13521990,0.16911865841790452,0.6934825486134379,15,4.7,1,3.5,75,1,0.8730751136117627,1
1227,Synthetic Employee 1227,Engineering,37,2.0,24,49.37595645716223,15892669,-0.17776926049913327,0.3556259866903274,17,1.1,0,3.2,36,1,0.95,1
2131,Synthetic Employee 2131,Finance,36,2.1,25,25.571510234878975,21005556,0.2134780698864529,0.5374445000981953,9,0.9,1,2.7,37,1,0.4223844600274947,1
1750,Synthetic Employee 1750,Engineering,31,0.3,3,12.331952658250628,16855683,-0.1082861600793476,0.5992100692053599,14,0.3,0,3.4,15,1,0.6231788193775009,1
271,Synthetic Employee 0271,Sales,35,2.0,24,43.54226300637217,13967115,-0.1435943399986594,0.3762730183728529,13,1.5,2,2.9,36,1,0.5832564451443989,1
1272,Synthetic Employee 1272,Finance,35,0.4,4,15.141645579753863,11078760,-0.48077639148151585,0.4363091427717791,10,0.3,0,3.4,13,1,0.95,1
1260,Synthetic Employee 1260,Human Resources,37,6.2,74,42.12181857318408,12684486,0.0776997654442807,0.8153685640301165,20,4.3,0,3.8,86,1,0.9272031979284325,1
2061,Synthetic Employee 2061,Marketing,36,8.7,104,17.359646619674894,17761802,0.4,0.6189426141964982,17,2.3,0,4.8,116,0,0.47720393197501954,0
2264,Synthetic Employee 2264,Marketing,40,3.7,44,13.0978099812938,14435789,0.06779469882568573,0.5880401894667759,10,1.9,0,4.9,56,0,0.4405512530506972,0
1600,Synthetic Employee 1600,Marketing,41,6.8,81,24.00433150580829,14256637,0.10301813317138181,0.26964429973504717,26,2.2,1,3.9,93,1,0.36270040392581315,1
1961,Synthetic Employee 1961,Finance,25,9.9,118,20.659211541444538,16934659,-0.10227741067499557,0.4493126847682375,23,5.9,0,3.2,130,1,0.5867075517351066,1
1030,Synthetic Employee 1030,Marketing,29,4.6,55,15.66826318641932,12174824,-0.046676431942462654,0.2760144565656551,12,3.0,0,2.3,62,1,0.5246840478383834,1
430,Synthetic Employee 0430,Marketing,33,2.3,27,47.39007954745689,10188416,-0.31276638702546317,0.7953226145770916,15,2.1,0,3.8,39,1,0.95,1
2005,Synthetic Employee 2005,Human Resources,38,0.5,6,22.236185797492226,7706181,-0.4935268088163034,0.5137263909140293,21,0.4,0,3.0,18,1,0.95,1
2194,Synthetic Employee 2194,Engineering,44,1.3,15,35.01497730121931,15928359,-0.13929318063233387,0.6297614034775826,13,0.8,3,3.1,19,1,0.95,1
2205,Synthetic Employee 2205,Finance,31,8.7,104,15.65087467044161,23085714,0.4,0.3380447871608145,20,1.3,0,2.9,116,0,0.32435254040502803,0
459,Synthetic Employee 0459,Sales,31,2.5,30,49.45306864923718,12183825,-0.20013512221300006,0.390811968787864,14,0.3,1,3.6,42,1,0.9025273512606019,1
79,Synthetic Employee 0079,Operations,26,8.0,96,66.07524963974798,12093872,0.004280089232889583,0.18911160792659534,10,4.8,0,3.0,108,0,0.5520512502194468,0
2430,Synthetic Employee 2430,Engineering,51,5.0,60,16.20089101111534,13816135,-0.2689091201483288,0.2672422725679364,13,4.4,0,2.9,65,0,0.7092278363190221,0
2133,Synthetic Employee 2133,Engineering,54,3.9,46,17.002437962420274,17772054,0.028935271214557523,0.47153409136900937,16,0.7,1,3.4,53,1,0.43192954558332264,1
33,Synthetic Employee 0033,Human Resources,44,1.1,13,9.794041839406388,9633714,-0.32563508661958157,0.29811333337349655,17,0.3,0,2.5,25,0,0.6760717333445789,0
2125,Synthetic Employee 2125,Marketing,41,3.7,44,18.884225664823617,10930487,-0.2502577883761352,0.6895957902917156,13,2.7,1,3.0,49,1,0.8677868212816804,1
1350,Synthetic Employee 1350,Human Resources,42,8.3,99,49.668017455009775,12563599,-0.02407144582937104,0.40849284494083915,16,7.2,0,2.3,111,1,0.8174779965834351,1
2244,Synthetic Employee 2244,Marketing,26,1.2,14,38.2391497917329,9427199,-0.40855990387604646,0.20986401246722763,18,0.8,3,3.5,26,1,0.95,1
381,Synthetic Employee 0381,Finance,29,4.7,56,10.513181930972536,14476615,-0.3167933584969179,0.2636805709911699,19,3.4,0,2.5,68,1,0.7322305598775276,1
227,Synthetic Employee 0227,Marketing,38,15.4,184,12.330725367183298,14568069,0.03750167786360725,0.3613570621763191,11,7.8,0,4.0,196,0,0.42027997740936934,0
1995,Synthetic Employee 1995,Engineering,52,12.7,152,14.265842049762568,25359862,0.4,0.3013816890003828,11,5.0,1,3.1,164,1,0.3374868729201072,1
1193,Synthetic Employee 1193,Engineering,26,8.2,98,33.24947086949272,25179435,0.4,0.3953289098196219,8,6.4,0,3.3,110,1,0.6677920947494942,1
716,Synthetic Employee 0716,Operations,42,1.7,20,79.96315091470666,11625159,0.03714932326261275,0.37408648983847337,14,0.8,0,3.0,32,0,0.5604442171547726,0
1763,Synthetic Employee 1763,Human Resources,37,7.1,85,5.614120615837612,14494397,0.25664756983027004,0.3040602935342042,18,1.4,0,3.0,97,0,0.3068368821895772,0
687,Synthetic Employee 0687,Human Resources,36,6.9,82,17.238433683473673,13941633,0.2589500240369179,0.5259471688434726,19,6.9,1,3.1,94,0,0.4983652072761723,0
2132,Synthetic Employee 2132,Operations,30,2.0,24,21.731416914777437,10444852,-0.10333320908800767,0.3719186155454905,17,1.5,1,2.6,27,0,0.4140372123527373,0
2485,Synthetic Employee 2485,Sales,43,0.9,10,14.215352327454344,14970831,-0.00510205731208202,0.27001456324195655,16,0.4,0,3.8,22,0,0.31200407770774785,0
306,Synthetic Employee 0306,Human Resources,32,4.2,50,33.65161128311542,12200217,0.003961302308024411,0.509310043081637,19,3.3,0,2.8,62,1,0.7437068120628584,1
210,Synthetic Employee 0210,Operations,29,9.1,109,40.3624035956542,15805581,0.4,0.49514863440591045,9,1.2,0,3.1,121,1,0.6605416176336549,1
2154,Synthetic Employee 2154,Consulting,41,1.8,21,37.59143504630606,15038576,0.17908115994809887,0.6521753364256002,18,1.7,0,3.3,33,1,0.7405090941991681,1
1671,Synthetic Employee 1671,Finance,35,1.8,21,52.799071731199795,13398397,-0.389710756128834,0.4272042546981014,11,1.0,2,3.0,28,1,0.95,1
2478,Synthetic Employee 2478,Human Resources,39,4.3,51,21.2184166420354,12665161,0.026990354817510026,0.3432046008065466,15,3.9,0,3.9,63,0,0.365197288225833,0
1072,Synthetic Employee 1072,Human Resources,39,3.9,46,14.094752279536372,11281453,-0.042455849824006825,0.581062088571941,15,3.0,1,4.6,58,1,0.6015973848001435,1
1935,Synthetic Employee 1935,Consulting,41,2.4,28,25.740941183036888,12464401,-0.16380700758217256,0.5062234043764225,14,1.0,0,2.9,40,1,0.8204425532253983,1
1138,Synthetic Employee 1138,Human Resources,21,1.0,12,8.61773620968281,9700123,-0.38135116466836516,0.7468238536419263,17,0.8,0,3.8,24,1,0.95,1
2008,Synthetic Employee 2008,Sales,29,1.4,16,43.19477642694658,15437847,0.029272258421246256,0.7429654840617521,15,1.4,0,3.6,28,1,0.8080303355372906,1
938,Synthetic Employee 0938,Operations,34,4.0,48,27.633950943484198,9969376,-0.0033759278582880525,0.3798386844023818,27,3.2,1,3.3,60,0,0.5932548316326669,0
192,Synthetic Employee 0192,Engineering,24,2.2,26,25.466721998304653,19248812,-0.09583750127921659,0.46359356647958605,15,1.4,3,4.0,38,1,0.41440619861428407,1
1212,Synthetic Employee 1212,Operations,37,0.7,8,34.156549092280486,9470069,-0.11224521118257734,0.32990038397449856,12,0.5,1,2.9,20,1,0.6881721075128596,1
1076,Synthetic Employee 1076,Human Resources,28,0.3,3,30.419189024386803,12568471,0.04916071672260991,0.53185953217492,14,0.2,0,4.4,15,1,0.7449206690089776,1
2457,Synthetic Employee 2457,Finance,27,1.9,22,18.557306522488922,12282039,-0.274695741998029,0.4727626640012393,14,1.8,0,3.1,26,1,0.8877735459203471,1
484,Synthetic Employee 0484,Finance,22,0.7,8,34.0108222179485,13101435,-0.2397998734016072,0.49044656709201,22,0.2,0,3.8,20,1,0.95,1
2384,Synthetic Employee 2384,Sales,34,3.1,37,21.244380080947355,10598107,-0.35386458109895824,0.6232265839796594,16,0.3,2,3.8,48,1,0.9485034435143046,1
1605,Synthetic Employee 1605,Consulting,39,0.5,6,18.807162304660288,13424498,0.07156141052791656,0.4839924116037121,15,0.4,0,3.0,18,1,0.41471787524903936,1
278,Synthetic Employee 0278,Sales,26,1.0,12,27.975938507972785,13406025,-0.09738526487062465,0.6236006206416908,22,0.9,2,3.4,17,1,0.7639081737796736,1
1509,Synthetic Employee 1509,Operations,26,3.5,42,27.983329529317622,12945384,0.07385945463551835,0.7529041405250633,14,1.3,1,2.7,54,1,0.5027131593470177,1
222,Synthetic Employee 0222,Finance,42,0.5,6,64.77293252005894,12607911,-0.26880558052474696,0.5013530725700578,17,0.3,1,3.9,18,1,0.95,1
1230,Synthetic Employee 1230,Operations,33,5.5,66,35.75839481953461,12899837,0.22131710359652934,0.7400742969668559,10,5.5,0,2.7,78,1,0.8661208031507197,1
572,Synthetic Employee 0572,Consulting,37,4.0,48,10.698797751733903,11702550,-0.19404169387065545,0.3475361257620754,16,1.0,0,3.1,60,1,0.7032101152133812,1
412,Synthetic Employee 0412,Operations,35,2.8,33,9.468450357024649,8769096,-0.27659951059691745,0.44956747610972303,19,2.7,0,3.7,45,1,0.7437788933107223,1
1314,Synthetic Employee 1314,Engineering,26,6.4,76,2.2750277890203146,17971813,0.013813660220068136,0.3606395794941259,11,5.9,0,2.9,88,0,0.4200790822583552,0
1678,Synthetic Employee 1678,Finance,30,3.1,37,10.132575922424403,12741727,-0.23859923543294315,0.31153806889019137,24,1.6,0,4.7,49,1,0.6703306592892535,1
2179,Synthetic Employee 2179,Human Resources,49,9.4,112,31.587389183161168,15357767,0.2846489251288327,0.393284062464261,17,3.6,1,3.1,124,1,0.7032195374899932,1
586,Synthetic Employee 0586,Consulting,36,4.6,55,25.15666052472072,12413676,-0.17621581068650383,0.3677073726440214,18,0.4,2,3.2,57,0,0.7050580643403259,0
1731,Synthetic Employee 1731,Operations,30,4.7,56,17.733008206556303,11126398,0.015138804067389239,0.7515739904163239,19,1.9,0,3.5,68,0,0.5223407173165706,0
2020,Synthetic Employee 2020,Consulting,30,1.4,16,63.740427744861556,12754164,-0.05526478132377441,0.24442241628636974,13,0.7,0,5.0,24,0,0.5950382765601836,0
2494,Synthetic Employee 2494,Finance,29,0.3,3,53.8551397205375,15426807,-0.12628951964034352,0.6951033853752171,19,0.2,0,5.0,10,1,0.920028947905061,1
1564,Synthetic Employee 1564,Operations,39,4.5,54,32.12988955245473,16451933,0.4,0.6304184536060612,19,2.6,2,3.1,66,1,0.8003171670096971,1
675,Synthetic Employee 0675,Operations,38,0.3,3,23.011663685405583,7982876,-0.3904197189618073,0.4450570630365467,8,0.3,1,3.7,15,1,0.9460159776502332,1
1178,Synthetic Employee 1178,Finance,32,0.3,3,48.845939950628576,11490985,-0.48728279171696376,0.6224813344348857,18,0.2,0,4.0,15,1,0.95,1
856,Synthetic Employee 0856,Human Resources,23,1.0,12,55.89698115700442,10565158,-0.15991063912630116,0.40686592527785276,17,0.2,1,4.7,24,1,0.95,1
448,Synthetic Employee 0448,Finance,26,1.6,19,8.57536828220139,16230960,0.012216982046354463,0.5092246028437741,21,0.5,0,4.1,31,0,0.40978288879625674,0
1906,Synthetic Employee 1906,Marketing,38,1.5,18,23.12637380148047,10336567,-0.3038262098393049,0.5027915198082664,18,0.8,2,2.8,30,1,0.7428816255463147,1
1531,Synthetic Employee 1531,Consulting,43,7.9,94,61.46620765740338,12876526,-0.08964071622882305,0.4237696065527333,14,2.7,0,3.9,106,0,0.6117554898347654,0
223,Synthetic Employee 0223,Marketing,37,0.3,3,18.151868517797897,13325191,0.00040942224947884687,0.3671637508828482,21,0.3,2,3.0,15,0,0.3959058502471975,0
1725,Synthetic Employee 1725,Operations,55,3.3,39,16.893877184821463,14179471,0.24408062762727264,0.4789308392651547,16,3.2,2,2.3,48,1,0.8231006349942435,1
2226,Synthetic Employee 2226,Consulting,50,0.4,4,21.524105063365635,12452133,-0.17866224416669957,0.5689698606067504,25,0.3,0,4.1,16,1,0.95,1
1629,Synthetic Employee 1629,Finance,49,1.5,18,22.092387941823844,17140576,0.002169870071601715,0.5922231571906871,16,1.5,1,4.2,30,0,0.46572248401339233,0
1557,Synthetic Employee 1557,Finance,33,0.4,4,15.029191306776385,13745671,-0.234559180997443,0.5982774910733724,12,0.2,2,2.6,16,1,0.95,1
970,Synthetic Employee 0970,Finance,41,2.1,25,23.898737604757617,15337183,-0.24831248942840342,0.6219287786236041,13,2.0,0,3.1,33,1,0.8488400580146092,1
46,Synthetic Employee 0046,Sales,25,0.9,10,18.41750609680799,10836679,-0.38893323993443785,0.49391151676543615,18,0.7,0,4.4,22,1,0.808095224694322,1
2190,Synthetic Employee 2190,Marketing,42,0.8,9,30.182828178286417,12018713,-0.17741276708391007,0.33026133671950547,13,0.5,1,3.8,21,1,0.9190731742814615,1
2365,Synthetic Employee 2365,Consulting,39,11.7,140,67.61020248479821,17926811,0.33102764324718814,0.5250245006607457,17,2.7,0,3.1,152,1,0.6482068601850088,1
295,Synthetic Employee 0295,Operations,33,3.6,43,4.1925276663532856,9672891,-0.14145540584630156,0.9181487325565689,19,2.6,0,3.6,55,1,0.6557816451158394,1
1160,Synthetic Employee 1160,Engineering,48,2.0,24,13.710298790787299,16747741,-0.17114318315603966,0.3105441347543172,12,0.5,0,3.2,36,1,0.6220523577312087,1
589,Synthetic Employee 0589,Marketing,29,6.7,80,21.21018154486234,15479255,0.17854235119691872,0.6358673005546418,10,3.0,0,5.0,92,0,0.5869428441552997,0
2054,Synthetic Employee 2054,Engineering,23,2.2,26,5.04419335939721,16236969,-0.10286985917061199,0.25855244993177795,19,1.3,0,3.9,38,1,0.3902946859808978,1
258,Synthetic Employee 0258,Operations,21,4.8,57,43.77602290506135,17305654,0.4,0.39463085891080396,16,3.5,0,3.0,69,0,0.6335966404950251,0
2064,Synthetic Employee 2064,Engineering,45,5.6,67,38.08175266792036,17086812,-0.02292904602571111,0.16012697398281733,12,3.6,0,3.0,70,1,0.7217355527151889,1
2467,Synthetic Employee 2467,Engineering,50,2.9,34,25.16528123579168,19269694,0.0011602574208482985,0.26712292740756655,11,2.2,0,2.7,46,1,0.3019944196741186,1
927,Synthetic Employee 0927,Finance,33,2.9,34,37.89046222545257,12495310,-0.36848222498730715,0.43414148807527875,15,0.7,0,2.8,46,1,0.918659616661078,1
2119,Synthetic Employee 2119,Finance,36,2.3,27,15.52224085759902,17123829,-0.007797947691701085,0.5942023469813436,12,1.2,2,3.5,39,1,0.5121766571547762,1
2298,Synthetic Employee 2298,Operations,40,2.2,26,44.411447563290515,7430075,-0.4353328655824838,0.33300569758880555,17,1.7,1,2.8,38,1,0.95,1
437,Synthetic Employee 0437,Human Resources,50,1.8,21,19.65660104564869,8684708,-0.31065986736500945,0.37803183664968487,17,0.5,0,2.8,29,1,0.8732489142619118,1
977,Synthetic Employee 0977,Marketing,39,1.1,13,41.387266195024736,15084594,0.27910435862551125,0.6826432790891306,10,0.6,0,3.1,25,1,0.7711401181449566,1
2037,Synthetic Employee 2037,Engineering,39,0.3,3,52.068540574550006,16587822,-0.029324386200396013,0.4782775894741859,17,0.2,2,3.2,6,1,0.95,1
394,Synthetic Employee 0394,Operations,40,0.9,10,39.38775418763787,11557232,0.041158720371157365,0.6904336249922388,16,0.5,0,3.0,22,1,0.7973214149978269,1
426,Synthetic Employee 0426,Finance,21,0.7,8,50.294616337609355,13520368,-0.2007220170791688,0.45084641174589235,19,0.5,0,2.9,20,1,0.95,1
535,Synthetic Employee 0535,Engineering,25,1.7,20,17.72031266314586,15746346,-0.18756163747696392,0.5036428941505013,22,1.1,0,2.7,32,1,0.7709200103621403,1
31,Synthetic Employee 0031,Human Resources,53,8.0,96,46.62471694194612,12712027,0.002510375481600713,0.7323499518798886,20,6.4,1,4.1,108,0,0.9039579865263689,0
1643,Synthetic Employee 1643,Marketing,21,1.3,15,44.66496346983493,11260594,-0.18859364686593788,0.3424821692954736,17,0.6,0,4.0,27,1,0.9384950074027326,1
2082,Synthetic Employee 2082,Human Resources,42,19.4,232,34.021505320477,14816911,0.17716498389271396,0.5538124815447358,20,6.6,3,3.3,244,1,0.95,1
1147,Synthetic Employee 1147,Engineering,36,2.7,32,14.023601082622807,19761393,0.14437386317519785,0.4942218038644568,13,0.7,1,2.9,44,0,0.4262821050820479,0
747,Synthetic Employee 0747,Consulting,29,11.9,142,40.72125187388483,13998078,0.005332227604896683,0.6021511411047927,12,7.1,1,2.5,154,1,0.8355023195093421,1
1751,Synthetic Employee 1751,Operations,41,2.8,33,21.339834755985166,13134356,0.16565923075665576,0.45182066782387476,15,1.0,0,1.8,45,0,0.5180097869906849,0
1985,Synthetic Employee 1985,Marketing,31,0.5,6,20.251032980730976,12782775,-0.12343117973006515,0.5435334342927342,16,0.3,0,4.4,11,1,0.5061893616019656,1
1269,Synthetic Employee 1269,Consulting,33,3.3,39,13.899643518039607,12806582,-0.1127532249249307,0.5056246324802051,14,0.5,1,3.0,43,0,0.5202748970944574,0
2343,Synthetic Employee 2343,Finance,39,5.8,69,41.94742809530684,15963373,-0.08781413487348771,0.33994862057499475,19,3.7,0,4.5,81,1,0.7035856137609986,1
1719,Synthetic Employee 1719,Finance,21,1.4,16,14.349804687431401,15206316,-0.034509413099524724,0.6787689499348204,18,0.9,1,3.5,28,1,0.6614553059817498,1
2213,Synthetic Employee 2213,Human Resources,41,0.3,3,48.66759904302586,11888716,0.0228944025526453,0.5713763400681944,13,0.2,1,2.3,15,1,0.8719853752190945,1
1413,Synthetic Employee 1413,Human Resources,34,2.6,31,23.398787692850828,10001121,-0.285657136421855,0.36550544555019393,28,1.9,0,2.3,43,1,0.7688415247540543,1
1712,Synthetic Employee 1712,Engineering,37,1.2,14,24.789517909095512,13247981,-0.212279464184169,0.3398497614724933,18,0.9,0,4.5,26,1,0.6917579332122981,1
2013,Synthetic Employee 2013,Consulting,38,2.8,33,30.50783518667162,15481381,0.045620440854162336,0.7283451359751824,16,1.2,3,4.3,45,1,0.8157366380730511,1
345,Synthetic Employee 0345,Human Resources,41,0.6,7,21.454377757391526,11036463,-0.14637986933725383,0.3270230217064495,11,0.3,0,3.0,17,0,0.43336644607780583,0
557,Synthetic Employee 0557,Sales,32,5.2,62,25.514937426683332,12577603,-0.12704872029817468,0.43167298939029825,10,0.9,1,4.1,74,0,0.4835684370292835,0
1424,Synthetic Employee 1424,Human Resources,39,13.6,163,15.776308750134575,17515922,0.4,0.5523743372322024,19,1.5,0,3.7,175,1,0.41386481442501666,1
1038,Synthetic Employee 1038,Marketing,32,12.7,152,5.16950138978208,16023874,0.12294268200910158,0.3680130502236215,16,2.8,0,3.1,164,0,0.35024365406261404,0
681,Synthetic Employee 0681,Finance,29,3.3,39,12.877840842969722,23901592,0.4,0.5676526325922501,18,2.0,1,3.5,51,0,0.46684273712583,0
2230,Synthetic Employee 2230,Engineering,31,0.3,3,45.384515489801736,16367343,-0.12163355370739015,0.40450501675064837,15,0.3,0,4.7,15,1,0.6478614046901816,1
1107,Synthetic Employee 1107,Marketing,37,10.8,129,54.30611860199242,13529101,0.0018244962328572423,0.6670695844826149,16,0.6,1,2.7,141,1,0.7366794836551323,1
571,Synthetic Employee 0571,Operations,45,0.3,3,21.605897950266364,9951727,-0.13362911834538366,0.4275427794194635,14,0.2,0,3.1,15,0,0.5751119782374499,0
353,Synthetic Employee 0353,Finance,39,1.8,21,9.176771530922109,11685970,-0.3933870386695663,0.5293585372370886,14,1.0,0,4.1,25,1,0.95,1
92,Synthetic Employee 0092,Consulting,32,9.2,110,42.25596669218109,17862038,0.37363422131415774,0.7008466473942698,11,3.9,0,2.3,119,1,0.95,1
1211,Synthetic Employee 1211,Marketing,43,5.7,68,34.2681187596783,12627115,-0.06738741854954922,0.525950916136501,17,3.1,0,3.6,80,1,0.8441662565182203,1
2107,Synthetic Employee 2107,Human Resources,31,16.6,199,20.03945546384066,15709714,0.24238023721411545,0.5685585187009117,17,6.4,1,4.1,206,1,0.5960963852362553,1
1271,Synthetic Employee 1271,Finance,39,2.7,32,34.879169473873894,13176009,-0.2731631572069744,0.3856584721527401,16,2.7,0,4.3,44,1,0.95,1
2277,Synthetic Employee 2277,Marketing,42,0.3,3,95.0,11997034,-0.0665186871235824,0.3754832123996956,16,0.3,0,1.6,15,1,0.8291352994719148,1
262,Synthetic Employee 0262,Marketing,36,2.8,33,27.876091822022083,15315183,0.2542823228790984,0.26979041924236424,14,1.0,2,3.7,45,0,0.30744131738786196,0
1463,Synthetic Employee 1463,Human Resources,25,4.9,58,41.03446762380603,9128213,-0.3148270654418688,0.5243767873020284,22,1.2,2,4.3,70,1,0.95,1
749,Synthetic Employee 0749,Consulting,54,2.1,25,38.105768671266695,10657249,-0.2476462907304326,0.6346444487535781,12,1.1,0,3.6,37,1,0.95,1
1412,Synthetic Employee 1412,Operations,31,2.6,31,47.25379764770693,12502455,0.08120381148104783,0.5003419608539383,23,0.4,0,4.6,43,0,0.6317957490391028,0
1766,Synthetic Employee 1766,Sales,27,4.0,48,41.370126144032014,12451243,-0.08522981441228722,0.49254960436802875,17,3.4,3,3.1,60,1,0.8151138892230481,1
2438,Synthetic Employee 2438,Engineering,39,3.2,38,13.203987839893685,12211746,-0.44731500807455293,0.3781846297204724,12,1.2,0,3.2,50,0,0.7516916963217322,0
1384,Synthetic Employee 1384,Human Resources,21,1.9,22,15.417399897727233,8997997,-0.2565901076924197,0.5422212654695853,12,0.2,0,3.9,34,0,0.8225219543314839,0
1005,Synthetic Employee 1005,Human Resources,43,0.6,7,47.12578836638487,9827797,-0.23997783555664035,0.4432176130421075,14,0.4,0,3.5,8,1,0.95,1
568,Synthetic Employee 0568,Consulting,32,2.8,33,6.044908244173987,11279124,-0.2189018069536017,0.6573458297427395,16,1.1,1,3.4,45,0,0.8707568323279671,0
323,Synthetic Employee 0323,Operations,38,1.9,22,22.110228788680686,9946319,-0.2761033377367322,0.540694235943957,8,1.7,2,2.6,34,1,0.893394386064308,1
1894,Synthetic Employee 1894,Human Resources,37,1.4,16,13.148784604944582,10584492,-0.17188935040577163,0.7424611350329235,17,0.5,0,3.4,28,1,0.95,1
2084,Synthetic Employee 2084,Operations,27,0.4,4,13.260085333125506,10936966,-0.18542831688687567,0.37390025055009457,19,0.3,0,4.6,16,0,0.6530920701540265,0
349,Synthetic Employee 0349,Finance,32,3.4,40,26.613694687687264,15156938,-0.1710445440037452,0.4572573883179254,19,2.4,0,3.6,52,0,0.7459320687290192,0
1090,Synthetic Employee 1090,Marketing,41,7.5,90,16.008995527408562,13105584,-0.11412435533874873,0.3056570450901071,8,5.3,0,2.9,102,1,0.32668397262522997,1
1851,Synthetic Employee 1851,Human Resources,32,2.6,31,18.997168156401763,9362580,-0.27117210761462474,0.40784215473313135,15,1.6,0,4.3,43,1,0.7160958033252767,1
301,Synthetic Employee 0301,Finance,34,0.7,8,11.725017247213893,18679033,0.09346981703058066,0.6607128302186993,15,0.6,1,2.2,9,1,0.6549995924612358,1
1659,Synthetic Employee 1659,Human Resources,26,0.5,6,14.515244971781609,7851014,-0.5080186153411373,0.3382394632959964,12,0.5,0,3.5,7,0,0.8116070497228789,0
1317,Synthetic Employee 1317,Marketing,37,4.8,57,25.648708857545802,12102492,-0.1740975969150429,0.49121679814946706,10,3.6,0,3.7,69,1,0.8564407034818508,1
2015,Synthetic Employee 2015,Finance,35,3.0,36,29.035141282096625,16420523,-0.07895959669107416,0.5076063393761752,17,1.9,0,3.5,48,1,0.393329775025329,1
1011,Synthetic Employee 1011,Marketing,27,3.4,40,6.361255051380785,12228103,-0.0887239100327363,0.6780126829681913,20,3.3,0,3.1,52,1,0.7711435512310937,1
965,Synthetic Employee 0965,Operations,25,0.7,8,13.419735812034025,7440655,-0.4272734103715968,0.5074998530903845,16,0.2,1,3.2,12,1,0.95,1
2370,Synthetic Employee 2370,Marketing,40,5.5,66,51.65473675679429,15305507,0.10314028290379862,0.48030740827667157,19,1.9,1,3.5,78,0,0.6436860743174682,0
2356,Synthetic Employee 2356,Marketing,34,3.3,39,32.71598419233588,11989237,-0.2108546749239284,0.2602149530470817,7,0.2,0,2.4,51,1,0.9053601868531828,1
1129,Synthetic Employee 1129,Consulting,34,1.3,15,18.199304969952784,9445576,-0.3630282362432196,0.4833843832948995,27,1.3,1,4.1,27,1,0.9122476273225718,1
316,Synthetic Employee 0316,Human Resources,31,3.5,42,24.716724573358633,9916803,-0.18367446153870182,0.6979404204994467,13,3.1,2,3.6,49,1,0.95,1
2070,Synthetic Employee 2070,Sales,45,10.6,127,72.05211963922507,18776540,0.398948027296213,0.39959237254518526,15,2.8,1,4.4,139,0,0.657785864312652,0
454,Synthetic Employee 0454,Finance,26,3.7,44,8.293505680275059,18452711,0.04831796305619068,0.2653965032330958,20,1.5,1,2.9,56,0,0.3040110209052668,0
914,Synthetic Employee 0914,Consulting,48,20.0,240,45.07994398215078,14750196,0.11836850132375115,0.5393163871457343,6,7.0,0,2.6,252,1,0.7939085884008056,1
602,Synthetic Employee 0602,Engineering,45,10.1,121,35.59839699594625,28570826,0.4,0.3851738654926027,16,1.7,0,1.7,133,1,0.6129486823379289,1
176,Synthetic Employee 0176,Human Resources,29,0.3,3,86.28546872175542,12065593,-0.046141420587260784,0.25609195955630104,13,0.2,0,3.8,15,0,0.5878057486757643,0
901,Synthetic Employee 0901,Engineering,28,5.5,66,25.951698003951684,15247641,-0.1707944893380532,0.4500534425887526,20,2.8,1,4.7,78,0,0.7479149639248508,0
2273,Synthetic Employee 2273,Finance,34,7.3,87,31.56222602550715,18939720,0.038968441168924006,0.5825761572385983,13,4.4,1,4.0,99,1,0.8340213240268075,1
1299,Synthetic Employee 1299,Marketing,21,0.3,3,54.57359105786151,11544621,-0.0827644655139264,0.34419002889541633,16,0.3,1,3.0,5,1,0.6349732080907167,1
38,Synthetic Employee 0038,Engineering,27,0.4,4,46.582758384009075,12972381,-0.45477195598551357,0.3942838296515429,10,0.2,0,2.2,16,0,0.95,0
975,Synthetic Employee 0975,Human Resources,38,5.4,64,8.010457428060885,10684437,-0.17073315185472976,0.5257862765862954,23,2.2,3,3.1,72,1,0.8451201574441627,1
124,Synthetic Employee 0124,Sales,43,4.4,52,18.990845756971257,14000336,0.07110798139952149,0.506290773440179,15,2.4,0,4.5,64,0,0.3849614165632501,0
1742,Synthetic Employee 1742,Operations,46,1.5,18,8.713877639336255,8970193,-0.3713127781492968,0.3073637326578046,23,0.4,1,3.6,30,0,0.7199618451441853,0
2419,Synthetic Employee 2419,Engineering,28,1.1,13,20.19769535923479,19334735,0.010667249746800667,0.639844939818843,13,0.6,0,3.8,25,0,0.521156583149276,0
40,Synthetic Employee 0040,Consulting,42,6.8,81,23.89400207725012,15854252,0.18429270100478226,0.11958319484084208,13,4.2,1,2.1,93,0,0.3754832945554358,0
2417,Synthetic Employee 2417,Engineering,21,1.4,16,9.93251855854843,15959210,-0.09821676608551623,0.3988847941438236,13,1.3,0,3.0,28,0,0.3882877423602706,0
2010,Synthetic Employee 2010,Marketing,21,3.4,40,14.478236481552239,12524549,0.012744004630303118,0.5416293622220524,6,0.4,0,2.9,52,1,0.4983562214221746,1
1772,Synthetic Employee 1772,Consulting,42,3.5,42,16.097734137777525,11435577,-0.37052676970862347,0.4606425819831744,16,2.0,0,3.4,54,1,0.6800799229552889,1
1966,Synthetic Employee 1966,Finance,29,3.6,43,21.1028579523823,19885507,0.25580291244971065,0.8010107514176896,16,3.4,2,4.5,55,1,0.7541830103969531,1
1499,Synthetic Employee 1499,Operations,42,3.4,40,50.89072446180936,13293959,0.2552153137200555,0.3762220038601894,13,0.5,0,4.4,52,0,0.557042161080853,0
635,Synthetic Employee 0635,Engineering,34,0.7,8,34.671450944313996,20563783,0.134824852538991,0.48397111380824803,12,0.5,1,3.1,20,1,0.7235119118663095,1
1967,Synthetic Employee 1967,Consulting,28,7.3,87,31.177002062252093,16670982,0.3279736080056669,0.49081288900365905,11,7.3,1,4.5,99,1,0.7065276089210246,1
580,Synthetic Employee 0580,Consulting,43,0.3,3,19.58845513425678,11988440,-0.11860709609332662,0.24876658901405493,20,0.2,0,3.9,15,0,0.3742546449239354,0
1536,Synthetic Employee 1536,Finance,27,2.0,24,32.546031988235804,17037532,-0.06269815164962808,0.4828885878845321,16,1.3,0,4.1,36,1,0.632408804607669,1
893,Synthetic Employee 0893,Consulting,34,9.4,112,9.129931509538215,14582685,0.020247364310837235,0.38789090535686144,19,0.2,2,2.3,124,0,0.4205094534999212,0
781,Synthetic Employee 0781,Sales,26,1.7,20,18.595794954356162,12394828,-0.16391780241563708,0.4123782923208461,9,0.8,0,3.5,25,1,0.6933659218498369,1
160,Synthetic Employee 0160,Engineering,45,9.4,112,42.82904132720843,19728705,0.09410159962411721,0.3474542911394001,8,7.8,3,4.5,124,1,0.6403872015190321,1
1653,Synthetic Employee 1653,Marketing,24,4.3,51,26.06243956529474,14621019,0.13574823181200021,0.6501921094953842,22,1.4,2,2.9,63,1,0.5678537906587077,1
1152,Synthetic Employee 1152,Operations,21,0.3,3,20.031477322939317,7440474,-0.4330801314378576,0.6126166546295343,12,0.3,0,4.1,5,1,0.95,1
62,Synthetic Employee 0062,Human Resources,28,2.3,27,13.418563438875093,8698952,-0.30439131704642086,0.636911530257392,12,1.4,0,4.4,39,1,0.95,1
850,Synthetic Employee 0850,Consulting,53,0.3,3,8.072783742839086,11374435,-0.19608564082835436,0.6518853076297204,11,0.2,1,4.2,6,1,0.9259278861363217,1
1545,Synthetic Employee 1545,Sales,24,9.5,114,79.38940456143649,16107830,0.15894068825272595,0.43115407098981257,19,7.6,0,3.1,121,1,0.8059231398771476,1
2411,Synthetic Employee 2411,Human Resources,40,1.4,16,23.172964871424206,8776266,-0.2988483488886547,0.39601412335778785,15,0.3,1,2.9,28,1,0.95,1
1044,Synthetic Employee 1044,Finance,46,2.9,34,65.94981626919925,16041734,-0.1368346597849889,0.3302635185139544,15,2.6,0,3.0,46,1,0.5895737851839074,1
2204,Synthetic Employee 2204,Finance,28,2.4,28,19.024599453792746,15370220,-0.16830704352078318,0.36798699384775824,12,1.3,0,3.6,33,1,0.6929363582773722,1
2167,Synthetic Employee 2167,Operations,25,1.5,18,50.58344400711046,10380214,-0.07135820389654304,0.4804075570633568,13,1.4,1,3.1,30,1,0.6784141159777399,1
54,Synthetic Employee 0054,Marketing,35,0.5,6,56.98578073859056,12400760,-0.021036372447445745,0.3665499866078882,11,0.4,0,3.5,18,1,0.6944339962502087,1
1547,Synthetic Employee 1547,Operations,38,2.0,24,21.827715437545656,9330276,-0.22846340141216304,0.5310009798895896,16,1.2,0,3.1,36,1,0.754580274369085,1
506,Synthetic Employee 0506,Marketing,31,1.8,21,27.686326768462806,11413386,-0.31171725589737276,0.4186595576897286,25,0.8,1,3.5,33,1,0.839924676153124,1
753,Synthetic Employee 0753,Consulting,42,2.6,31,8.534440519914194,15094717,0.15426231222179285,0.5956745132448921,19,2.0,1,4.9,43,0,0.4786888637085698,0
1380,Synthetic Employee 1380,Consulting,31,3.7,44,25.014999095671296,14141510,0.019373463382242412,0.5737718203659207,22,1.1,0,3.2,49,0,0.48455610970245777,0
1422,Synthetic Employee 1422,Consulting,27,8.2,98,11.240285472504812,17470696,0.2938767751769403,0.5126104116047134,13,2.1,0,4.4,110,0,0.34523091524931976,0
1392,Synthetic Employee 1392,Sales,21,6.4,76,90.14267721851577,14630924,0.00571853044270898,0.6178147475583706,17,0.4,1,3.1,88,1,0.7968881293163439,1
2375,Synthetic Employee 2375,Consulting,35,0.3,3,80.20842836256902,11715870,-0.17370740754683067,0.6097611653192107,12,0.3,1,3.7,15,1,0.95,1
2284,Synthetic Employee 2284,Operations,34,4.0,48,27.229395448663254,12106766,-0.014904798331913272,0.6739873931189824,17,2.7,0,3.8,55,1,0.492616470073315,1
772,Synthetic Employee 0772,Human Resources,42,0.3,3,27.986369647182805,8506847,-0.3965675173766072,0.528893753441277,10,0.3,2,3.4,14,1,0.95,1
2339,Synthetic Employee 2339,Sales,43,2.9,34,38.97661196245464,13644386,-0.1337483194247045,0.4034678330710564,13,1.1,0,4.1,46,1,0.6020709932598958,1
2235,Synthetic Employee 2235,Sales,32,0.9,10,46.51675611387676,13249171,-0.15126279697997982,0.5155781454556186,12,0.4,2,3.8,20,1,0.95,1
1194,Synthetic Employee 1194,Sales,47,6.9,82,27.609394702913978,17815683,0.21096310069164076,0.3397051916510386,16,1.5,0,2.4,94,0,0.3502174536622908,0
1190,Synthetic Employee 1190,Sales,29,2.0,24,19.604494865749515,13115409,-0.2220643499784438,0.4993240145165967,15,0.8,0,3.7,36,1,0.686910724064647,1
1899,Synthetic Employee 1899,Human Resources,59,0.6,7,17.292182582541027,10338645,-0.2659626380073001,0.36248230846202223,10,0.2,1,4.0,19,1,0.6660950463693662,1
1819,Synthetic Employee 1819,Sales,33,2.0,24,22.369860573318586,15477371,-0.06968823757575487,0.6785787657743398,12,0.2,1,4.6,36,0,0.4739020544168151,0
1866,Synthetic Employee 1866,Operations,44,0.7,8,25.595530823624173,9426810,-0.3007404768844315,0.37345063038295817,15,0.7,3,4.1,20,1,0.8434661765072282,1
1191,Synthetic Employee 1191,Marketing,52,1.3,15,67.39462783238916,12906152,-0.006533193408349597,0.3831798522878971,8,0.4,3,4.9,27,1,0.5983903586406112,1
964,Synthetic Employee 0964,Consulting,51,1.4,16,13.174533236092707,15148994,0.0464612774916503,0.21824299581678247,15,0.9,1,3.4,28,1,0.2935080388286991,1
1667,Synthetic Employee 1667,Operations,33,1.3,15,30.607253266037286,9754881,-0.23582611073907572,0.4654018976278016,11,0.8,1,3.5,27,1,0.95,1
399,Synthetic Employee 0399,Human Resources,42,4.4,52,9.9799175305691,13680934,0.0328823056860687,0.4656100765541227,14,2.6,2,3.8,64,0,0.3622708214351543,0
585,Synthetic Employee 0585,Sales,38,8.5,102,59.13499735007767,19495406,0.4,0.6728115056143317,12,6.3,1,3.5,114,1,0.8552872215720129,1
949,Synthetic Employee 0949,Operations,27,2.2,26,13.337354619003051,11766770,-0.01487706488357618,0.6002491441036872,23,0.3,0,3.4,38,1,0.4959697603490324,1
705,Synthetic Employee 0705,Engineering,37,3.5,42,25.626063068362583,21692368,0.26706422068601743,0.17883064295456583,17,2.2,0,2.3,54,1,0.30917258002727843,1
432,Synthetic Employee 0432,Operations,34,0.3,3,18.62398726528981,9296735,-0.27215270624600807,0.46465658771581536,20,0.3,1,4.3,12,1,0.8079038445604283,1
293,Synthetic Employee 0293,Sales,36,1.0,12,7.191150163320698,13932287,-0.04611520012401685,0.42457645922227777,19,0.3,0,3.9,23,0,0.48488140858223777,0
1852,Synthetic Employee 1852,Operations,35,1.5,18,37.17819227965376,10327751,-0.16166812825145332,0.23496976106249381,13,0.6,0,4.0,30,1,0.8548915330974982,1
1445,Synthetic Employee 1445,Operations,43,1.6,19,37.169556863013895,8653946,-0.2244797088351146,0.37214288368873083,10,0.6,1,4.1,31,1,0.8813000074328446,1
1602,Synthetic Employee 1602,Consulting,34,1.7,20,12.40715327239874,14495563,-0.007093588893353875,0.44252105581931167,15,0.9,0,2.4,32,0,0.3750058956294073,0
3,Synthetic Employee 0003,Engineering,35,0.3,3,10.6372729044846,17203258,-0.08546357091116599,0.5067368688983602,17,0.2,0,4.2,15,0,0.43448632329154085,0
577,Synthetic Employee 0577,Operations,29,0.8,9,13.006516047992676,8977925,-0.2841315729063143,0.28807319319432795,24,0.7,0,3.7,21,0,0.7012604940944118,0
1791,Synthetic Employee 1791,Sales,42,0.5,6,24.92985300777137,12873493,-0.2642136979908398,0.4018240125316352,16,0.2,1,3.9,18,0,0.7011107235088578,0
340,Synthetic Employee 0340,Marketing,35,5.2,62,49.47722368791238,12916181,-0.0228509961039306,0.6025001984321319,14,4.4,0,3.4,74,1,0.8436000555609969,1
1106,Synthetic Employee 1106,Finance,38,0.8,9,55.19260175412014,14959486,-0.1720359254863189,0.66290018826029,16,0.2,1,3.0,21,1,0.95,1
926,Synthetic Employee 0926,Engineering,35,4.1,49,10.274396624624313,16319533,-0.13801624194235532,0.5206075561380922,10,3.6,1,3.8,53,0,0.5646701157186659,0
266,Synthetic Employee 0266,Marketing,44,3.1,37,45.08433922238069,10174661,-0.30688234961444394,0.8379533186943967,14,1.7,0,2.8,46,1,0.95,1
377,Synthetic Employee 0377,Human Resources,43,1.2,14,81.10582319940849,10268092,-0.32650823427856673,0.4668316580489775,14,0.7,1,2.9,26,1,0.95,1
272,Synthetic Employee 0272,Sales,45,0.6,7,22.881092064969877,10610912,-0.3396284255448249,0.27533334697386647,18,0.4,0,3.0,19,1,0.6736933371526825,1
697,Synthetic Employee 0697,Sales,28,1.5,18,40.21935063773555,13383522,-0.0706632120307042,0.4541512272160919,20,0.5,0,3.2,27,0,0.7798623436205059,0
1619,Synthetic Employee 1619,Sales,31,2.3,27,46.68522747140753,17112414,0.09374583227316674,0.17650998379823346,18,2.2,0,4.4,39,0,0.5211227954635054,0
245,Synthetic Employee 0245,Sales,40,2.6,31,65.19405229464526,12792575,-0.13553867407366227,0.6042595906624981,21,1.7,0,2.9,43,1,0.8258926853854995,1
1652,Synthetic Employee 1652,Consulting,52,1.2,14,41.35021666703709,9539989,-0.2940893111674567,0.3838639927931429,9,0.4,0,2.3,26,1,0.95,1
477,Synthetic Employee 0477,Operations,21,2.1,25,23.351025802063827,10820991,-0.03644937761426892,0.5913128880275067,18,0.2,1,2.3,37,0,0.691867608647702,0
1179,Synthetic Employee 1179,Human Resources,37,4.1,49,24.418547278987145,10912662,-0.05390475035742863,0.3216804501378523,16,2.1,0,4.0,61,1,0.34117052603859865,1
1196,Synthetic Employee 1196,Sales,34,14.9,178,7.799968301255544,14049017,0.058797927978867084,0.8035945802332503,19,4.4,0,4.8,190,1,0.66990648246531,1
1286,Synthetic Employee 1286,Human Resources,22,0.3,3,43.78485361048912,8547550,-0.34341909973791196,0.6304291154421118,18,0.3,0,3.5,6,1,0.95,1
1166,Synthetic Employee 1166,Finance,42,9.0,108,35.44689908938105,22644922,0.4,0.41451560506872265,20,1.9,1,3.6,120,0,0.6292643694192424,0
2253,Synthetic Employee 2253,Consulting,37,7.6,91,30.401898579365344,18243452,0.29556832509226566,0.44010343645191596,17,1.8,0,3.9,103,0,0.5909289622065365,0
251,Synthetic Employee 0251,Finance,44,0.6,7,10.83604181816388,12471094,-0.36696409672372393,0.5793348402385305,14,0.6,0,3.0,19,1,0.8160137552667885,1
414,Synthetic Employee 0414,Sales,35,0.4,4,65.67112065825728,12681520,-0.19823005848771996,0.39356453242582823,14,0.2,0,3.2,16,1,0.9407980690792318,1
2412,Synthetic Employee 2412,Engineering,36,0.3,3,11.285112173207686,11804809,-0.37940739968813686,0.5908930809075272,13,0.3,0,4.4,15,1,0.95,1
2081,Synthetic Employee 2081,Engineering,28,2.8,33,14.802429043210765,21950082,0.19020400428215306,0.4793567997451049,19,2.0,2,3.5,45,1,0.3861199039286294,1
311,Synthetic Employee 0311,Engineering,45,13.5,162,16.346755426160186,22444644,0.19282602981607594,0.692407945312361,14,0.4,0,4.8,174,0,0.485774224687461,0
894,Synthetic Employee 0894,Human Resources,24,7.2,86,3.9289030906046296,13781377,0.13442574650723038,0.7561279341690099,23,5.9,0,2.9,98,1,0.6726158215673228,1
2423,Synthetic Employee 2423,Sales,33,7.6,91,9.563260891828149,14218719,-0.0604510521778755,0.4598677637659906,11,5.6,0,4.0,103,1,0.4478629738544774,1
16,Synthetic Employee 0016,Human Resources,36,1.9,22,32.13242231897827,14559652,0.31188153798199875,0.5815728458677202,10,1.4,0,4.0,31,1,0.6887403968429617,1
722,Synthetic Employee 0722,Engineering,51,2.3,27,14.195599901050267,14545794,-0.31356614845631964,0.19821298603623652,10,1.4,0,3.7,39,0,0.5825996360901462,0
2191,Synthetic Employee 2191,Human Resources,56,1.4,16,24.077767093670932,12511664,-0.07564983292568517,0.576057852548767,22,0.9,0,3.2,28,0,0.5392961987136548,0
982,Synthetic Employee 0982,Engineering,37,1.0,12,14.978585685926227,17171056,-0.09467714394281024,0.22253488230987567,22,0.3,1,4.1,24,1,0.3749097670467652,1
2105,Synthetic Employee 2105,Consulting,26,15.6,187,78.9435181861219,12732091,-0.0772385632979509,0.4224320435899956,12,2.8,0,4.3,189,1,0.7304809722051988,1
1974,Synthetic Employee 1974,Engineering,37,3.8,45,16.16101345342473,18955659,0.05341969135927055,0.48628520542464704,12,2.5,0,3.6,57,0,0.3338598575189012,0
364,Synthetic Employee 0364,Sales,40,5.8,69,35.04612312615528,18567370,0.35252524290075526,0.5922176130155359,16,3.6,1,3.6,81,1,0.84872093164435,1
1620,Synthetic Employee 1620,Operations,21,0.5,6,4.911810261763998,8890627,-0.2624730208103823,0.638991863174869,23,0.3,0,4.6,18,1,0.95,1
183,Synthetic Employee 0183,Operations,21,2.8,33,12.98042423198297,13485350,0.16062101617835645,0.7522660493050166,14,1.1,1,2.3,45,1,0.5981344938054047,1
986,Synthetic Employee 0986,Human Resources,25,2.9,34,22.058804836227424,11169637,-0.11976784670022052,0.27982009269785857,6,2.4,0,3.0,46,0,0.28944962595540036,0
1388,Synthetic Employee 1388,Sales,37,5.2,62,2.2836173819984125,16359092,0.08306380364171789,0.34776502423437256,15,0.7,0,2.3,71,0,0.3484742067856243,0
2120,Synthetic Employee 2120,Engineering,43,6.5,78,38.62704776459418,21230642,0.17314584731330673,0.5241625037792459,17,6.1,0,3.0,85,1,0.8336655010581888,1
2076,Synthetic Employee 2076,Finance,34,3.0,36,27.260473596497928,14342297,-0.14375472156130903,0.5553190973072007,16,2.2,1,3.6,48,1,0.5421893472460162,1
188,Synthetic Employee 0188,Marketing,33,5.0,60,8.822956348699684,14232790,0.10394152143096341,0.6316944383005361,14,1.8,0,2.7,72,1,0.46877444272415003,1
620,Synthetic Employee 0620,Engineering,21,0.7,8,21.676451525423474,16348740,-0.0963295356327286,0.33609836599972437,14,0.6,0,4.1,16,1,0.3747075424799228,1
1122,Synthetic Employee 1122,Engineering,55,2.0,24,36.75035913259844,14717840,-0.22761179540289292,0.3841627577442339,18,0.5,1,3.0,36,1,0.9166655721683855,1
615,Synthetic Employee 0615,Marketing,38,1.7,20,46.171380869129734,11817180,-0.25338282148487523,0.6259098280452315,11,0.6,0,2.7,32,1,0.95,1
2196,Synthetic Employee 2196,Consulting,33,1.0,12,30.77141196742103,16544008,0.10130602450114229,0.894025382243505,14,0.3,0,3.4,24,1,0.8463271070281815,1
995,Synthetic Employee 0995,Human Resources,44,4.8,57,20.1029375902677,10475043,-0.22269607202679514,0.5472486840148509,17,2.2,0,3.1,69,1,0.8439296315241582,1
2034,Synthetic Employee 2034,Sales,40,2.4,28,40.961969148260174,15901556,0.09797417218998292,0.5480149329372386,17,1.6,3,3.1,40,1,0.7692441812224269,1
372,Synthetic Employee 0372,Marketing,37,7.8,93,55.5366410731094,17682119,0.4,0.25513365102601177,17,4.8,3,2.7,105,1,0.6505374222872833,1
1339,Synthetic Employee 1339,Operations,26,0.6,7,12.334683752544924,10276025,-0.15150049834380502,0.5152659402787823,11,0.4,0,3.4,19,1,0.8876744632780591,1
594,Synthetic Employee 0594,Sales,37,10.3,123,34.57123315697782,16754478,0.22360043778622318,0.4103875896530323,19,4.0,1,2.5,130,1,0.7160085251028492,1
727,Synthetic Employee 0727,Consulting,31,0.6,7,14.288144125817961,12063210,-0.2688313137939552,0.4217072993814147,16,0.5,1,4.5,19,0,0.7066780438267961,0
1843,Synthetic Employee 1843,Marketing,26,11.0,132,7.052729767657494,17875229,0.4,0.5461243198153696,16,2.6,2,2.4,134,0,0.6377148095483035,0
688,Synthetic Employee 0688,Consulting,21,1.2,14,3.583552283306402,9961975,-0.37676905999980703,0.33948831118581296,17,0.4,0,4.4,26,0,0.8319567271320276,0
1661,Synthetic Employee 1661,Sales,32,3.4,40,25.59441541868816,9267995,-0.3952456373409779,0.10420392339118867,11,2.8,3,3.5,52,1,0.7520770985495329,1
137,Synthetic Employee 0137,Operations,25,1.2,14,13.776293833557132,8398014,-0.33542908887099165,0.4804634118416418,19,1.1,1,2.6,22,1,0.9099297553156598,1
629,Synthetic Employee 0629,Finance,45,5.3,63,13.026014985227205,16143413,-0.10686409141866338,0.23695412604349178,17,4.3,0,2.6,75,0,0.3434471552921777,0
335,Synthetic Employee 0335,Finance,34,4.1,49,28.9633086308733,14328452,-0.25781812132692583,0.5621317859058685,21,1.6,0,4.1,61,1,0.8640969000536433,1
1481,Synthetic Employee 1481,Consulting,21,8.3,99,27.621567479268002,16769979,0.24194141205589487,0.6465366074702237,14,2.0,1,2.9,111,1,0.47293025009166256,1
2237,Synthetic Employee 2237,Human Resources,29,0.3,3,17.305741253716196,11256776,-0.13997299301089175,0.6768049779683025,14,0.2,0,3.4,15,1,0.6449053938311248,1
1110,Synthetic Employee 1110,Sales,41,7.8,93,41.86222937051181,17256414,0.25774820591672615,0.7330755399454603,10,2.6,1,4.6,105,1,0.7311611511847289,1
1361,Synthetic Employee 1361,Engineering,23,4.6,55,47.08390045298822,21047125,0.16836769691360678,0.3069363707240294,18,2.4,2,3.4,57,0,0.5838421838027283,0
1787,Synthetic Employee 1787,Consulting,52,2.5,30,28.504938550904548,12647032,-0.18043244486627186,0.3679782269137261,14,0.9,1,4.4,42,1,0.6461339035358433,1
711,Synthetic Employee 0711,Marketing,32,3.7,44,17.79339708396602,17569276,0.3572740313116007,0.32789628418299993,12,2.3,2,3.0,56,0,0.31571095957123996,0
1040,Synthetic Employee 1040,Operations,30,3.1,37,24.01244437858508,12452264,0.12256062178239838,0.5903037001297168,12,2.8,0,2.6,49,0,0.4491850360363207,0
1309,Synthetic Employee 1309,Operations,21,4.9,58,42.52992551320788,10762599,-0.07035745794619408,0.9475036002439888,21,0.9,1,3.5,70,1,0.922001008068317,1
1775,Synthetic Employee 1775,Sales,42,0.3,3,23.822823440851646,15944651,0.04776063624712362,0.25343114185990256,19,0.2,0,4.2,15,0,0.3661607197207727,0
2299,Synthetic Employee 2299,Finance,22,2.1,25,20.336379397884002,14332091,-0.13078932298431056,0.45787634044490566,10,0.7,0,4.4,37,1,0.49090537532457357,1
1113,Synthetic Employee 1113,Marketing,35,2.7,32,27.401813333192113,14940194,0.1948589080404472,0.5865463335155109,7,2.4,0,2.5,44,0,0.42813297338434303,0
466,Synthetic Employee 0466,Operations,37,3.4,40,29.838825097321198,13621665,0.17780467441129588,0.37916223055500553,20,2.6,1,2.8,52,0,0.3358654245554015,0
1360,Synthetic Employee 1360,Finance,33,8.2,98,29.731544921366023,17856434,0.08184861567250787,0.822208353981121,17,5.2,1,3.1,103,0,0.667118339114714,0
2472,Synthetic Employee 2472,Consulting,57,1.7,20,49.006784320642936,13156820,0.01128349178098137,0.5628469758421981,12,1.1,0,3.2,32,1,0.7782971532358155,1
2146,Synthetic Employee 2146,Engineering,45,1.9,22,16.66392900986182,19599150,0.005550879977485379,0.6782603269695544,13,1.7,2,3.8,34,1,0.5397128915514752,1
1105,Synthetic Employee 1105,Finance,37,1.4,16,36.657884198990764,12131626,-0.2875239827272056,0.474523495459341,13,1.1,0,2.7,28,1,0.95,1
1387,Synthetic Employee 1387,Human Resources,36,4.3,51,19.451112706828336,11246617,-0.08333419920082169,0.37741563225221847,18,3.9,0,4.6,63,0,0.46007637703062115,0
2000,Synthetic Employee 2000,Engineering,41,4.9,58,15.444428759611286,17523261,-0.014628761378774141,0.32872462650172524,12,4.0,0,3.1,70,0,0.34914289542048305,0
1452,Synthetic Employee 1452,Sales,32,0.8,9,41.00980094113128,11501399,-0.24373899086758674,0.7890126057989473,5,0.6,1,3.5,21,1,0.95,1
2092,Synthetic Employee 2092,Finance,28,5.3,63,43.99233043294878,13058608,-0.2341228325409196,0.6858116210745703,11,4.4,0,3.3,75,1,0.95,1
1860,Synthetic Employee 1860,Finance,29,2.2,26,26.64365958989777,15294671,-0.17035675426160776,0.6420813578573693,10,1.9,0,2.8,35,1,0.8424827802000634,1
1171,Synthetic Employee 1171,Consulting,29,2.1,25,91.79738807980169,14638756,0.046250588541585286,0.34682534712000035,16,0.8,0,2.9,37,1,0.5905110971936002,1
2099,Synthetic Employee 2099,Marketing,51,1.6,19,24.327843918725254,11697068,-0.21561921571265347,0.5038490498062942,13,1.6,3,3.8,23,1,0.7989777339457624,1
817,Synthetic Employee 0817,Engineering,34,3.6,43,9.50720779326009,19867340,0.14105009269250335,0.29010718774035893,19,1.5,0,3.9,55,0,0.3069300125673005,0
1068,Synthetic Employee 1068,Marketing,30,1.1,13,42.05697873596928,13732015,-0.09958130619695266,0.6238362857751659,13,0.9,0,3.3,25,0,0.7666741600170466,0
275,Synthetic Employee 0275,Engineering,37,19.8,237,18.04068921397734,22507952,0.3947789271302366,0.13093022971679308,7,6.7,0,2.9,249,1,0.27376046432070206,1
1702,Synthetic Employee 1702,Engineering,36,4.4,52,30.540910760516933,20168303,0.21970809447533765,0.27458526638723446,10,2.9,0,4.4,64,1,0.5165838745884257,1
866,Synthetic Employee 0866,Sales,25,1.3,15,9.637564493278372,13894076,-0.16738509086298575,0.21503436589005037,14,1.0,0,4.1,27,1,0.5886096224492141,1
102,Synthetic Employee 0102,Operations,28,3.1,37,34.985902105536184,7664754,-0.44164250004678307,0.7919391481944955,16,3.0,2,3.6,49,0,0.95,0
1614,Synthetic Employee 1614,Operations,22,5.9,70,44.19715240591636,11530317,-0.026783164983364527,0.7866313464187176,17,1.0,2,3.2,82,1,0.8360567769972409,1
108,Synthetic Employee 0108,Operations,33,6.9,82,29.186011258468337,14093312,0.23762348156091934,0.2654139481781562,18,1.3,1,2.9,94,0,0.29601590548988377,0
2489,Synthetic Employee 2489,Human Resources,36,0.6,7,28.877121262170704,12353032,-0.018972436209026944,0.2791873574151339,18,0.4,0,4.7,19,0,0.32257246007623747,0
1484,Synthetic Employee 1484,Operations,32,2.7,32,14.521526091556057,10803830,-0.10078606322603706,0.5491326657181144,11,1.4,0,4.3,44,0,0.520457146401072,0
1362,Synthetic Employee 1362,Finance,43,3.4,40,35.56150175713973,18226706,0.13985426949750634,0.6675939273660714,14,1.8,2,3.4,52,1,0.7175262996625,1
1223,Synthetic Employee 1223,Operations,31,8.3,99,50.52900875032661,14123659,0.21760854569563254,0.6641393558197717,17,4.6,0,3.2,108,1,0.872859019629536,1
1369,Synthetic Employee 1369,Engineering,34,4.6,55,9.408426349740676,15105180,-0.25264069269229394,0.7540600465852281,11,1.4,0,2.2,67,1,0.95,1
2173,Synthetic Employee 2173,Consulting,40,0.3,3,22.56361568493869,14254694,-0.06620586880438983,0.3419133367754561,20,0.2,0,3.3,15,1,0.3481357342971277,1
2373,Synthetic Employee 2373,Human Resources,34,10.6,127,22.833075613509116,15906817,0.2648455353859301,0.7090636802249365,10,7.4,0,2.3,139,1,0.7519378304629822,1
1500,Synthetic Employee 1500,Operations,43,3.0,36,7.74603824693473,8663162,-0.3279285647785957,0.3613495669419787,14,1.9,0,3.4,48,1,0.7798778787437539,1
713,Synthetic Employee 0713,Consulting,39,5.1,61,26.340604561371812,14053921,0.07575294105793098,0.737649585087318,20,2.7,1,4.6,73,0,0.522441883824449,0
73,Synthetic Employee 0073,Marketing,31,2.4,28,62.192518213762064,14556331,-0.003051375872128226,0.4321718413404779,11,0.4,0,2.8,40,1,0.6509081155753338,1
1801,Synthetic Employee 1801,Consulting,40,7.6,91,39.42189213628788,18476807,0.4,0.46321195746703925,15,0.6,0,2.7,103,1,0.622899348090771,1
2404,Synthetic Employee 2404,Consulting,21,1.2,14,25.721120186993897,9020505,-0.4558778516203429,0.4419835320765218,15,0.6,1,3.5,15,0,0.95,0
482,Synthetic Employee 0482,Engineering,27,5.1,61,20.979274079842945,14488375,-0.2386959644147487,0.4360420433351794,16,0.3,0,2.9,73,1,0.7279917721338502,1
1666,Synthetic Employee 1666,Operations,40,13.6,163,14.722744833237748,15883302,0.4,0.5078901676242265,24,6.3,0,3.2,175,0,0.5133092469347834,0
1420,Synthetic Employee 1420,Marketing,45,5.6,67,34.19055281878178,14138456,0.019441992708108924,0.510296767822715,9,1.3,2,2.8,79,1,0.6534830949903603,1
1172,Synthetic Employee 1172,Finance,44,4.6,55,45.89041767786573,19045875,0.12573242404392207,0.3093977566993612,9,2.9,2,4.3,67,0,0.5485313718758211,0
2023,Synthetic Employee 2023,Operations,44,3.1,37,26.9010149639293,10149648,-0.18239448947608783,0.199360881267437,11,1.2,1,3.0,49,1,0.5869210467548823,1
1442,Synthetic Employee 1442,Consulting,38,0.3,3,7.751519582204183,9966787,-0.30435882259019775,0.40237485841084497,13,0.2,1,4.8,15,1,0.8335649603550366,1
406,Synthetic Employee 0406,Engineering,33,0.3,3,42.902273971733834,14545101,-0.23985550207752038,0.23498306427185195,18,0.2,3,2.9,15,1,0.95,1
758,Synthetic Employee 0758,Finance,38,0.6,7,16.405855297882937,16051260,-0.027327901209557998,0.32862863316858454,16,0.4,0,4.8,19,0,0.3806160172872037,0
1363,Synthetic Employee 1363,Human Resources,28,8.6,103,29.62722175773973,15171587,0.3091442952786479,0.6751489058705445,16,7.7,0,4.2,104,0,0.6219416936437525,0
1621,Synthetic Employee 1621,Engineering,33,2.4,28,31.102085458068483,14732389,-0.23067426650795547,0.20988900007376415,20,1.7,0,3.3,40,1,0.8758689200206539,1
1612,Synthetic Employee 1612,Operations,47,2.0,24,15.68551823053552,9760847,-0.3031582503922878,0.5307041836335049,13,0.4,2,3.7,36,1,0.9105971714173814,1
2221,Synthetic Employee 2221,Finance,28,5.2,62,16.662300314149338,13524245,-0.23843668913187557,0.5912290993651015,8,1.7,3,3.1,68,1,0.9075441478222285,1
744,Synthetic Employee 0744,Engineering,23,10.4,124,24.20893823174389,18767040,0.15863589947183873,0.5090372304379679,10,3.6,0,3.9,136,0,0.45763042452263103,0
807,Synthetic Employee 0807,Finance,24,5.0,60,27.41918268561519,15348352,-0.2074054922392472,0.5367209682044465,16,3.0,3,3.2,72,1,0.95,1
2309,Synthetic Employee 2309,Sales,41,1.6,19,31.678262371480404,11663240,-0.27505556244156143,0.7515423112480842,13,0.5,0,2.7,31,1,0.95,1
1318,Synthetic Employee 1318,Marketing,24,0.3,3,8.238472690260078,8837409,-0.4087393739267966,0.8986008616789247,13,0.3,1,4.1,4,1,0.95,1
1897,Synthetic Employee 1897,Human Resources,37,4.0,48,13.833477628032677,12177834,0.02403292201166568,0.47546767068801976,16,1.1,1,3.3,60,0,0.38033094779264554,0
1507,Synthetic Employee 1507,Consulting,43,0.4,4,18.03074150227654,15446065,0.17991553936341315,0.8410097449709556,18,0.2,0,3.9,16,1,0.5974827285918677,1
149,Synthetic Employee 0149,Marketing,28,0.3,3,13.29912771820713,9957341,-0.4310828858251895,0.563703478815055,17,0.2,0,5.0,15,1,0.8236369740682155,1
2112,Synthetic Employee 2112,Human Resources,42,0.8,9,48.58132794617197,12885436,0.06538930668039777,0.5388387680626422,13,0.7,0,4.5,21,0,0.6252748550575398,0
1437,Synthetic Employee 1437,Engineering,47,1.5,18,11.485034510403946,14618658,-0.14113493139111152,0.2587600095342002,18,1.0,1,2.9,30,0,0.33155280266957604,0
693,Synthetic Employee 0693,Human Resources,39,4.1,49,6.67915890886822,12351690,-0.004464401997114509,0.3698773511074279,15,3.0,1,4.1,61,1,0.43866565831007986,1
819,Synthetic Employee 0819,Human Resources,41,3.5,42,43.53215122212142,10227733,-0.2695703021220905,0.42179350293870804,18,2.9,1,2.9,54,1,0.9272021808228382,1
1757,Synthetic Employee 1757,Human Resources,21,5.8,69,29.48087994347662,15462447,0.31681391989879015,0.449337515932989,10,3.9,0,3.6,74,1,0.5347145044612369,1
