employee_id,name,department,age,tenure_years,tenure_months,distance_km,wage,dept_wage_diff_pct,overtime_ratio,leave_days_taken,years_since_promo,manager_change_count,appraisal_score,duration_months,event_observed,attrition_prob_true,will_leave
1,Synthetic Employee 0001,Operations,40,5.0,60,11,11201506,0.1791,0.176,5,1.7,0,4.1,72,0,0.0832,0
2,Synthetic Employee 0002,Engineering,42,0.6,7,4,13671398,-0.0886,0.026,7,0.2,1,2.4,19,0,0.2142,0
3,Synthetic Employee 0003,Engineering,35,0.3,3,6,17203258,0.1469,0.032,9,0.2,0,4.2,15,0,0.1246,0
4,Synthetic Employee 0004,Operations,24,3.0,36,7,11786778,0.2407,0.426,9,2.2,1,3.2,48,0,0.1359,0
5,Synthetic Employee 0005,Marketing,35,2.8,33,28,12558506,0.1417,0.136,8,2.5,1,3.4,45,0,0.0871,0
6,Synthetic Employee 0006,Sales,36,6.3,75,21,13671916,0.1393,0.117,4,2.3,2,3.2,87,0,0.1301,0
7,Synthetic Employee 0007,Sales,52,1.7,20,14,8952130,-0.254,0.213,7,1.2,1,3.1,29,1,0.2994,1
8,Synthetic Employee 0008,Sales,47,3.8,45,4,11824957,-0.0146,0.084,9,3.5,2,4.0,53,1,0.2592,1
9,Synthetic Employee 0009,Operations,37,2.9,34,25,11186322,0.1775,0.224,7,0.5,1,2.8,36,1,0.0832,1
10,Synthetic Employee 0010,Engineering,51,4.0,48,16,14939701,-0.004,0.261,11,2.4,0,4.3,56,1,0.2227,1
11,Synthetic Employee 0011,Operations,26,10.7,128,16,13282488,0.3982,0.328,11,5.0,3,3.9,134,1,0.3659,1
12,Synthetic Employee 0012,Operations,39,4.5,54,17,8905645,-0.0626,0.101,11,2.2,0,3.6,66,0,0.0871,0
13,Synthetic Employee 0013,Finance,32,0.3,3,13,12161402,-0.1313,0.237,8,0.3,0,3.9,15,0,0.3894,0
14,Synthetic Employee 0014,Engineering,29,0.7,8,30,16259164,0.0839,0.102,7,0.3,0,4.0,18,1,0.1246,1
15,Synthetic Employee 0015,Finance,33,0.4,4,33,11299116,-0.1929,0.122,7,0.3,0,2.4,16,0,0.4134,0
16,Synthetic Employee 0016,Human Resources,36,1.9,22,18,14559652,0.456,0.29,3,1.4,0,4.0,31,1,0.1359,1
17,Synthetic Employee 0017,Engineering,32,1.3,15,15,14117232,-0.0589,0.225,13,1.2,0,3.0,27,0,0.1978,0
18,Synthetic Employee 0018,Engineering,44,1.9,22,10,14685265,-0.021,0.194,8,1.1,0,3.2,24,1,0.1419,1
19,Synthetic Employee 0019,Engineering,42,5.4,64,7,19371967,0.2915,0.158,10,4.2,0,4.0,70,1,0.1751,1
20,Synthetic Employee 0020,Sales,34,0.3,3,8,12068215,0.0057,0.345,8,0.3,0,3.7,15,0,0.2994,0
21,Synthetic Employee 0021,Sales,36,3.8,45,9,18233801,0.5195,0.32,9,3.7,3,3.6,54,1,0.3659,1
22,Synthetic Employee 0022,Finance,51,4.4,52,19,20734642,0.481,0.424,16,1.2,0,2.4,64,0,0.2315,0
23,Synthetic Employee 0023,Finance,40,3.7,44,7,15537014,0.1098,0.41,9,0.7,0,4.1,56,0,0.2227,0
24,Synthetic Employee 0024,Engineering,21,2.2,26,10,18377589,0.2252,0.102,11,0.5,0,2.6,38,0,0.0497,0
25,Synthetic Employee 0025,Finance,40,8.6,103,35,18425786,0.3161,0.216,6,6.4,1,4.0,115,0,0.1751,0
26,Synthetic Employee 0026,Sales,30,0.8,9,9,9989253,-0.1676,0.037,7,0.5,0,2.9,13,1,0.2689,1
27,Synthetic Employee 0027,Operations,23,0.9,10,7,9329955,-0.0179,0.356,7,0.7,0,2.4,12,1,0.4502,1
28,Synthetic Employee 0028,Operations,40,1.1,13,10,9310696,-0.0199,0.305,11,0.9,0,2.9,25,0,0.2994,0
29,Synthetic Employee 0029,Operations,21,1.1,13,14,8527647,-0.1024,0.085,5,0.9,0,4.2,25,0,0.1246,0
30,Synthetic Employee 0030,Finance,42,2.4,28,3,12949097,-0.0751,0.329,7,0.6,1,3.6,40,0,0.2227,0
31,Synthetic Employee 0031,Human Resources,53,8.0,96,24,12712027,0.2712,0.353,11,6.4,1,4.1,108,0,0.2689,0
32,Synthetic Employee 0032,Sales,36,0.6,7,6,10713003,-0.1072,0.274,8,0.5,1,4.4,19,0,0.2994,0
33,Synthetic Employee 0033,Human Resources,44,1.1,13,6,9633714,-0.0366,0.025,10,0.3,0,2.5,25,0,0.1246,0
34,Synthetic Employee 0034,Finance,52,10.3,123,12,22836925,0.6312,0.161,3,2.8,0,4.0,135,0,0.0832,0
35,Synthetic Employee 0035,Marketing,36,1.6,19,10,14940976,0.3583,0.102,7,1.5,0,2.8,31,0,0.0497,0
36,Synthetic Employee 0036,Consulting,34,2.7,32,8,13205311,0.1483,0.261,6,1.3,0,2.6,42,1,0.2227,1
37,Synthetic Employee 0037,Consulting,37,11.1,133,4,14599785,0.2695,0.183,5,1.0,1,3.8,145,0,0.0832,0
38,Synthetic Employee 0038,Engineering,27,0.4,4,20,12972381,-0.1352,0.119,4,0.2,0,2.2,16,0,0.4134,0
39,Synthetic Employee 0039,Consulting,50,6.5,78,5,12922412,0.1237,0.047,11,1.9,0,2.5,90,0,0.0871,0
40,Synthetic Employee 0040,Consulting,42,6.8,81,13,15854252,0.3786,0.044,6,4.2,1,2.1,93,0,0.19,0
41,Synthetic Employee 0041,Sales,25,0.3,3,17,10749760,-0.1042,0.055,9,0.2,0,3.4,15,0,0.1246,0
42,Synthetic Employee 0042,Operations,30,1.5,18,10,10534763,0.1089,0.122,9,1.4,0,3.5,30,0,0.0871,0
43,Synthetic Employee 0043,Human Resources,24,5.0,60,17,14368330,0.4368,0.133,8,3.5,0,3.4,72,0,0.1091,0
44,Synthetic Employee 0044,Marketing,41,7.1,85,21,13316079,0.2106,0.058,11,0.4,2,3.9,97,0,0.0759,0
45,Synthetic Employee 0045,Marketing,36,20.0,240,24,14205882,0.2914,0.537,8,2.0,0,2.0,252,0,0.2315,0
46,Synthetic Employee 0046,Sales,25,0.9,10,11,10836679,-0.0969,0.173,9,0.7,0,4.4,22,0,0.1978,0
47,Synthetic Employee 0047,Sales,31,0.6,7,9,13572040,0.131,0.423,11,0.3,1,2.8,15,1,0.2994,1
48,Synthetic Employee 0048,Consulting,35,0.3,3,12,13871413,0.2062,0.347,16,0.3,0,4.2,12,1,0.19,1
49,Synthetic Employee 0049,Marketing,29,6.8,81,11,14373849,0.3067,0.245,13,2.2,1,3.5,93,0,0.0832,0
50,Synthetic Employee 0050,Engineering,30,3.7,44,9,18553542,0.2369,0.425,9,2.6,1,3.2,56,0,0.1359,0
51,Synthetic Employee 0051,Engineering,26,2.1,25,5,20778347,0.3852,0.2,7,1.9,1,3.8,37,0,0.0832,0
52,Synthetic Employee 0052,Human Resources,39,3.7,44,14,12988284,0.2988,0.107,7,1.8,0,3.3,56,0,0.0497,0
53,Synthetic Employee 0053,Engineering,30,3.5,42,22,14324398,-0.045,0.114,6,1.9,0,3.2,47,1,0.0871,1
54,Synthetic Employee 0054,Marketing,35,0.5,6,32,12400760,0.1273,0.193,9,0.4,0,3.5,18,0,0.1978,0
55,Synthetic Employee 0055,Consulting,44,2.3,27,16,17121699,0.4888,0.175,13,0.4,0,3.2,39,0,0.0832,0
56,Synthetic Employee 0056,Marketing,21,4.9,58,9,16806549,0.5279,0.028,13,1.3,3,3.6,70,0,0.0759,0
57,Synthetic Employee 0057,Finance,33,1.1,13,11,17190578,0.2279,0.566,9,0.4,0,4.1,25,0,0.19,0
58,Synthetic Employee 0058,Marketing,31,1.1,13,28,13114961,0.1923,0.236,7,1.0,0,3.3,25,0,0.1192,0
59,Synthetic Employee 0059,Consulting,27,1.4,16,8,12242673,0.0646,0.311,6,1.0,3,3.6,28,0,0.4013,0
60,Synthetic Employee 0060,Engineering,30,7.7,92,17,17233606,0.1489,0.216,10,5.1,3,4.1,104,0,0.3775,0
61,Synthetic Employee 0061,Operations,33,3.2,38,17,11486259,0.2091,0.51,5,1.2,0,4.5,50,0,0.1359,0
62,Synthetic Employee 0062,Human Resources,28,2.3,27,8,8698952,-0.1301,0.309,8,1.4,0,4.4,39,0,0.4256,0
63,Synthetic Employee 0063,Finance,40,4.8,57,19,17789920,0.2707,0.165,10,1.0,1,3.5,69,0,0.0832,0
64,Synthetic Employee 0064,Engineering,24,0.4,4,4,16346167,0.0897,0.41,14,0.4,0,2.9,16,0,0.2994,0
65,Synthetic Employee 0065,Human Resources,38,2.3,27,5,11582019,0.1582,0.153,11,1.7,1,3.6,39,0,0.0832,0
66,Synthetic Employee 0066,Engineering,31,1.2,14,6,14010698,-0.066,0.297,13,0.8,2,3.8,20,1,0.4013,1
67,Synthetic Employee 0067,Finance,28,0.4,4,29,13552442,-0.032,0.31,10,0.4,1,2.7,16,0,0.2994,0
68,Synthetic Employee 0068,Marketing,28,0.3,3,13,12411561,0.1283,0.259,14,0.2,0,2.7,15,0,0.2994,0
69,Synthetic Employee 0069,Consulting,47,3.9,46,11,13945597,0.2127,0.167,6,0.7,3,3.8,58,0,0.1246,0
70,Synthetic Employee 0070,Operations,36,1.4,16,1,10572352,0.1129,0.069,6,1.0,3,3.0,20,1,0.1824,1
71,Synthetic Employee 0071,Finance,32,0.4,4,10,14640603,0.0458,0.043,10,0.3,0,3.0,16,0,0.1246,0
72,Synthetic Employee 0072,Consulting,39,0.9,10,12,13074815,0.1369,0.016,12,0.7,0,3.9,20,1,0.1246,1
73,Synthetic Employee 0073,Marketing,31,2.4,28,26,14556331,0.3233,0.262,6,0.4,0,2.8,40,0,0.1359,0
74,Synthetic Employee 0074,Finance,47,1.6,19,18,17788237,0.2706,0.312,7,1.1,1,3.7,30,1,0.1359,1
75,Synthetic Employee 0075,Sales,54,6.1,73,27,19696889,0.6414,0.212,9,5.4,1,4.0,85,0,0.1751,0
76,Synthetic Employee 0076,Operations,31,7.1,85,11,13102003,0.3792,0.394,7,5.2,1,3.4,97,0,0.2689,0
77,Synthetic Employee 0077,Engineering,23,5.0,60,39,21536773,0.4358,0.495,5,3.7,3,3.3,72,0,0.4875,0
78,Synthetic Employee 0078,Engineering,28,0.9,10,30,16593073,0.1062,0.247,3,0.3,2,2.4,14,1,0.4256,1
79,Synthetic Employee 0079,Operations,26,8.0,96,31,12093872,0.273,0.028,4,4.8,0,3.0,108,0,0.1091,0
80,Synthetic Employee 0080,Sales,37,3.1,37,35,16317711,0.3598,0.109,8,1.2,0,3.3,49,0,0.0497,0
81,Synthetic Employee 0081,Consulting,34,5.1,61,6,18333726,0.5942,0.164,6,0.3,1,3.5,73,0,0.0832,0
82,Synthetic Employee 0082,Marketing,21,10.7,128,9,11880317,0.08,0.154,8,5.0,0,3.9,140,0,0.2789,0
83,Synthetic Employee 0083,Engineering,46,0.3,3,12,14707083,-0.0195,0.289,6,0.3,0,1.7,13,1,0.4502,1
84,Synthetic Employee 0084,Consulting,43,0.3,3,14,11818108,0.0277,0.076,9,0.2,0,3.5,15,0,0.1246,0
85,Synthetic Employee 0085,Sales,45,0.5,6,16,13630704,0.1359,0.157,10,0.4,0,2.9,10,1,0.1978,1
86,Synthetic Employee 0086,Consulting,29,5.4,64,4,14511762,0.2619,0.334,6,3.6,1,4.3,76,0,0.2689,0
87,Synthetic Employee 0087,Engineering,31,0.9,10,3,16108567,0.0739,0.36,11,0.3,2,2.7,22,0,0.4013,0
88,Synthetic Employee 0088,Human Resources,39,3.6,43,13,14245600,0.4246,0.262,5,2.0,1,2.8,55,0,0.1359,0
89,Synthetic Employee 0089,Marketing,41,6.5,78,32,15015466,0.365,0.405,8,2.4,0,3.9,90,0,0.1359,0
90,Synthetic Employee 0090,Human Resources,46,1.7,20,12,12875167,0.2875,0.104,9,0.7,0,3.8,32,0,0.0497,0
91,Synthetic Employee 0091,Operations,37,5.5,66,18,13955462,0.469,0.21,8,4.1,2,3.9,78,0,0.2497,0
92,Synthetic Employee 0092,Consulting,32,9.2,110,19,17862038,0.5532,0.392,5,3.9,0,2.3,119,1,0.4134,1
93,Synthetic Employee 0093,Marketing,42,0.3,3,21,14199823,0.2909,0.384,9,0.3,2,3.9,15,0,0.2689,0
94,Synthetic Employee 0094,Sales,58,1.4,16,27,12037555,0.0031,0.149,12,0.3,0,3.1,18,1,0.1246,1
95,Synthetic Employee 0095,Marketing,21,1.2,14,4,11439835,0.04,0.156,2,0.3,0,3.6,26,0,0.1978,0
96,Synthetic Employee 0096,Marketing,47,1.3,15,11,12894179,0.1722,0.108,12,1.1,2,3.1,27,0,0.1091,0
97,Synthetic Employee 0097,Sales,37,0.3,3,29,13907177,0.1589,0.32,8,0.3,0,3.9,15,0,0.19,0
98,Synthetic Employee 0098,Operations,37,7.9,94,8,13622077,0.4339,0.298,6,2.8,1,4.1,106,0,0.1359,0
99,Synthetic Employee 0099,Marketing,39,2.1,25,5,13810085,0.2555,0.116,12,1.9,0,4.3,37,0,0.0497,0
100,Synthetic Employee 0100,Operations,47,0.3,3,3,8386791,-0.1172,0.033,7,0.2,0,2.6,12,1,0.1246,1
101,Synthetic Employee 0101,Operations,32,2.3,27,17,9987634,0.0513,0.196,13,0.8,0,2.5,39,0,0.1419,0
102,Synthetic Employee 0102,Operations,28,3.1,37,21,7664754,-0.1932,0.571,10,3.0,2,3.6,49,0,0.7311,0
103,Synthetic Employee 0103,Engineering,51,0.5,6,10,16024917,0.0683,0.34,12,0.5,3,4.2,18,0,0.4013,0
104,Synthetic Employee 0104,Finance,33,3.2,38,23,15492071,0.1066,0.303,9,3.2,1,3.1,50,0,0.4013,0
105,Synthetic Employee 0105,Operations,42,5.1,61,17,13176087,0.387,0.272,5,1.9,0,3.7,73,0,0.1359,0
106,Synthetic Employee 0106,Sales,36,1.4,16,18,15725640,0.3105,0.389,13,1.3,0,2.9,28,0,0.19,0
107,Synthetic Employee 0107,Finance,51,0.3,3,24,16021362,0.1444,0.101,7,0.3,0,4.4,9,1,0.1246,1
108,Synthetic Employee 0108,Operations,33,6.9,82,14,14093312,0.4835,0.136,14,1.3,1,2.9,94,0,0.0497,0
109,Synthetic Employee 0109,Sales,36,1.3,15,14,13953444,0.1628,0.341,7,1.1,2,3.3,23,1,0.2689,1
110,Synthetic Employee 0110,Sales,44,0.9,10,12,9381962,-0.2182,0.23,8,0.6,0,4.0,22,0,0.3894,0
111,Synthetic Employee 0111,Human Resources,34,2.6,31,6,15481826,0.5482,0.279,8,2.1,0,3.4,43,0,0.1359,0
112,Synthetic Employee 0112,Human Resources,36,1.6,19,28,11002597,0.1003,0.184,7,0.3,2,3.9,31,0,0.2059,0
113,Synthetic Employee 0113,Marketing,40,0.3,3,13,9967417,-0.0939,0.095,12,0.2,0,3.8,15,0,0.1246,0
114,Synthetic Employee 0114,Operations,26,12.0,144,11,13783381,0.4509,0.06,6,0.6,1,3.1,156,0,0.0497,0
115,Synthetic Employee 0115,Operations,39,1.1,13,15,10046760,0.0576,0.143,16,0.7,1,2.4,25,0,0.2142,0
116,Synthetic Employee 0116,Finance,41,1.0,12,11,13001572,-0.0713,0.122,6,1.0,0,3.6,24,0,0.1246,0
117,Synthetic Employee 0117,Sales,24,5.3,63,4,15101028,0.2584,0.368,7,0.4,0,4.0,75,0,0.1359,0
118,Synthetic Employee 0118,Operations,32,11.4,136,18,18131075,0.9085,0.086,12,0.8,0,4.1,148,0,0.0497,0
119,Synthetic Employee 0119,Marketing,21,6.3,75,14,16910082,0.5373,0.152,6,2.7,0,3.7,86,1,0.0832,1
120,Synthetic Employee 0120,Consulting,29,1.4,16,6,14605585,0.2701,0.524,13,0.4,1,2.9,28,0,0.19,0
121,Synthetic Employee 0121,Consulting,41,1.3,15,4,11424912,-0.0065,0.243,16,1.2,0,2.6,27,0,0.1978,0
122,Synthetic Employee 0122,Consulting,32,5.0,60,10,13926115,0.211,0.185,11,4.4,0,2.6,72,0,0.1751,0
123,Synthetic Employee 0123,Engineering,27,4.2,50,8,20038249,0.3359,0.355,8,1.8,0,2.9,62,0,0.1359,0
124,Synthetic Employee 0124,Sales,43,4.4,52,9,14000336,0.1667,0.207,8,2.4,0,4.5,64,0,0.0832,0
125,Synthetic Employee 0125,Consulting,30,2.1,25,6,9241205,-0.1964,0.354,7,1.3,1,2.5,36,1,0.4256,1
126,Synthetic Employee 0126,Engineering,43,1.1,13,24,18295746,0.2197,0.143,11,0.7,0,3.8,25,0,0.0724,0
127,Synthetic Employee 0127,Consulting,35,7.0,84,17,12655320,0.1005,0.129,6,4.5,0,3.0,96,0,0.1824,0
128,Synthetic Employee 0128,Marketing,38,8.0,96,7,13307120,0.2097,0.469,12,3.1,2,4.2,101,1,0.3659,1
129,Synthetic Employee 0129,Human Resources,56,8.6,103,23,15292921,0.5293,0.058,7,2.5,0,3.4,115,0,0.0497,0
130,Synthetic Employee 0130,Marketing,30,0.4,4,9,13784526,0.2531,0.17,9,0.3,0,4.1,16,0,0.1192,0
131,Synthetic Employee 0131,Engineering,32,1.4,16,5,12466763,-0.1689,0.265,12,0.3,0,3.5,17,1,0.525,1
132,Synthetic Employee 0132,Sales,50,0.3,3,8,9713050,-0.1906,0.395,8,0.3,1,2.8,8,1,0.525,1
133,Synthetic Employee 0133,Finance,40,7.8,93,17,25629835,0.8307,0.105,7,6.2,0,5.0,105,0,0.1091,0
134,Synthetic Employee 0134,Operations,26,4.4,52,15,14583377,0.5351,0.243,10,0.5,2,4.0,64,0,0.1246,0
135,Synthetic Employee 0135,Marketing,21,0.3,3,8,11525379,0.0478,0.117,6,0.3,1,3.9,15,0,0.1246,0
136,Synthetic Employee 0136,Sales,26,0.3,3,18,13462537,0.1219,0.363,13,0.3,1,3.3,15,0,0.2994,0
137,Synthetic Employee 0137,Operations,25,1.2,14,8,8398014,-0.116,0.302,9,1.1,1,2.6,22,1,0.2994,1
138,Synthetic Employee 0138,Human Resources,28,0.9,10,4,11433637,0.1434,0.245,5,0.2,2,3.6,18,1,0.2789,1
139,Synthetic Employee 0139,Human Resources,22,1.5,18,18,10175820,0.0176,0.242,9,0.7,0,3.4,30,0,0.1419,0
140,Synthetic Employee 0140,Operations,34,3.2,38,23,8586208,-0.0962,0.337,17,3.2,3,4.2,50,0,0.5125,0
141,Synthetic Employee 0141,Human Resources,40,3.4,40,12,10325176,0.0325,0.058,11,2.9,0,4.5,52,0,0.0871,0
142,Synthetic Employee 0142,Sales,43,6.2,74,13,16718612,0.3932,0.112,6,0.7,1,2.6,86,0,0.0497,0
143,Synthetic Employee 0143,Marketing,41,8.3,99,18,13164179,0.1967,0.255,7,3.2,0,2.9,111,0,0.2689,0
144,Synthetic Employee 0144,Sales,30,1.2,14,3,11711409,-0.024,0.14,6,0.5,2,2.1,26,0,0.2994,0
145,Synthetic Employee 0145,Sales,34,6.2,74,14,12737567,0.0615,0.369,6,4.6,0,4.2,86,0,0.4013,0
146,Synthetic Employee 0146,Operations,41,1.4,16,24,10319571,0.0863,0.14,11,1.3,0,4.7,28,0,0.1246,0
147,Synthetic Employee 0147,Finance,49,3.9,46,15,12463498,-0.1098,0.102,9,3.2,0,3.5,58,0,0.1824,0
148,Synthetic Employee 0148,Finance,28,6.0,72,17,14998248,0.0713,0.305,5,2.9,0,3.4,84,0,0.2227,0
149,Synthetic Employee 0149,Marketing,28,0.3,3,6,9957341,-0.0948,0.159,9,0.2,0,5.0,15,0,0.1978,0
150,Synthetic Employee 0150,Operations,37,2.7,32,8,10657396,0.1218,0.445,5,1.1,1,3.1,44,0,0.2227,0
151,Synthetic Employee 0151,Finance,31,5.6,67,15,19450492,0.3893,0.52,10,3.9,0,3.3,79,0,0.2689,0
152,Synthetic Employee 0152,Human Resources,28,1.3,15,21,12068672,0.2069,0.174,8,0.4,0,3.5,27,0,0.1192,0
153,Synthetic Employee 0153,Finance,21,2.4,28,24,17441462,0.2458,0.321,2,1.7,0,4.1,40,0,0.1359,0
154,Synthetic Employee 0154,Human Resources,33,9.1,109,23,11600086,0.16,0.195,9,1.1,0,3.2,121,0,0.0832,0
155,Synthetic Employee 0155,Marketing,42,4.1,49,33,14717892,0.338,0.083,7,2.5,1,3.5,61,0,0.0497,0
156,Synthetic Employee 0156,Sales,34,0.4,4,14,9788904,-0.1843,0.185,7,0.4,1,1.9,13,1,0.5498,1
157,Synthetic Employee 0157,Sales,33,1.5,18,4,7005213,-0.4162,0.26,8,0.8,0,3.7,30,0,0.4256,0
158,Synthetic Employee 0158,Finance,27,3.1,37,10,16388105,0.1706,0.346,9,1.2,0,4.2,42,1,0.1359,1
159,Synthetic Employee 0159,Human Resources,46,0.8,9,15,9808250,-0.0192,0.101,17,0.7,0,3.2,21,0,0.1246,0
160,Synthetic Employee 0160,Engineering,45,9.4,112,18,19728705,0.3152,0.033,2,7.8,3,4.5,124,0,0.1611,0
161,Synthetic Employee 0161,Consulting,30,4.2,50,26,12635746,0.0988,0.336,8,1.9,1,2.8,58,1,0.2227,1
162,Synthetic Employee 0162,Engineering,34,3.5,42,9,15661900,0.0441,0.214,5,2.1,0,2.9,49,1,0.1419,1
163,Synthetic Employee 0163,Consulting,44,1.9,22,13,13368067,0.1624,0.074,9,1.0,0,3.9,34,0,0.0497,0
164,Synthetic Employee 0164,Engineering,29,2.6,31,3,14944170,-0.0037,0.082,7,0.3,0,2.7,43,0,0.0871,0
165,Synthetic Employee 0165,Sales,41,1.1,13,6,11077812,-0.0768,0.445,9,1.1,3,3.8,25,0,0.4013,0
166,Synthetic Employee 0166,Operations,45,7.6,91,10,9024284,-0.0501,0.153,9,6.8,3,2.7,103,0,0.3775,0
167,Synthetic Employee 0167,Sales,30,1.1,13,21,13503237,0.1253,0.213,10,0.3,1,2.8,25,0,0.1978,0
168,Synthetic Employee 0168,Consulting,46,10.0,120,9,11270144,-0.02,0.225,9,4.1,0,3.5,132,0,0.2789,0
169,Synthetic Employee 0169,Operations,29,9.5,114,6,12954642,0.3636,0.458,5,2.3,0,4.2,126,0,0.1359,0
170,Synthetic Employee 0170,Human Resources,48,0.3,3,7,12036742,0.2037,0.026,8,0.3,0,4.2,15,0,0.0724,0
171,Synthetic Employee 0171,Finance,37,3.2,38,7,16092957,0.1495,0.577,6,2.8,3,4.3,50,0,0.31,0
172,Synthetic Employee 0172,Engineering,38,1.4,16,30,13532822,-0.0978,0.152,10,0.7,1,3.1,27,1,0.1978,1
173,Synthetic Employee 0173,Human Resources,39,0.4,4,43,9133993,-0.0866,0.335,11,0.3,1,2.4,16,0,0.5744,0
174,Synthetic Employee 0174,Human Resources,34,3.1,37,19,10952543,0.0953,0.188,11,0.4,0,2.5,49,0,0.1419,0
175,Synthetic Employee 0175,Finance,36,20.0,240,2,18071878,0.2908,0.085,11,1.2,0,3.8,252,0,0.0497,0
176,Synthetic Employee 0176,Human Resources,29,0.3,3,37,12065593,0.2066,0.028,6,0.2,0,3.8,15,0,0.1141,0
177,Synthetic Employee 0177,Finance,48,0.3,3,39,13270920,-0.0521,0.099,13,0.3,0,3.0,8,1,0.19,1
178,Synthetic Employee 0178,Marketing,43,3.9,46,9,12626322,0.1478,0.146,14,1.0,1,2.5,53,1,0.0871,1
179,Synthetic Employee 0179,Finance,38,5.5,66,4,17834623,0.2739,0.278,8,2.9,0,3.5,78,0,0.1359,0
180,Synthetic Employee 0180,Consulting,29,8.0,96,17,15812279,0.375,0.382,6,4.2,0,3.6,101,1,0.2689,1
181,Synthetic Employee 0181,Engineering,37,3.1,37,23,20883888,0.3923,0.011,8,0.7,1,3.8,49,0,0.0497,0
182,Synthetic Employee 0182,Operations,52,9.7,116,11,12867961,0.3545,0.321,12,5.6,0,4.3,128,0,0.2689,0
183,Synthetic Employee 0183,Operations,21,2.8,33,6,13485350,0.4195,0.524,9,1.1,1,2.3,45,0,0.2315,0
184,Synthetic Employee 0184,Engineering,39,3.2,38,18,19433538,0.2956,0.099,5,2.4,0,3.8,50,0,0.0497,0
185,Synthetic Employee 0185,Operations,37,2.4,28,14,9251488,-0.0262,0.597,11,0.6,0,3.8,40,0,0.2227,0
186,Synthetic Employee 0186,Finance,21,2.1,25,8,15813372,0.1295,0.36,7,0.5,2,5.0,37,0,0.31,0
187,Synthetic Employee 0187,Consulting,23,4.3,51,6,15936955,0.3858,0.161,14,3.0,3,2.7,63,0,0.2497,0
188,Synthetic Employee 0188,Marketing,33,5.0,60,5,14232790,0.2939,0.291,12,1.8,0,2.7,72,0,0.1359,0
189,Synthetic Employee 0189,Consulting,35,1.4,16,14,12640601,0.0992,0.132,11,1.0,1,4.0,28,0,0.1246,0
190,Synthetic Employee 0190,Operations,32,4.6,55,20,13578573,0.4293,0.21,13,0.7,1,4.3,67,0,0.0832,0
191,Synthetic Employee 0191,Marketing,44,8.0,96,9,15756129,0.4324,0.219,6,4.4,3,2.4,102,1,0.3894,1
192,Synthetic Employee 0192,Engineering,24,2.2,26,13,19248812,0.2833,0.208,11,1.4,3,4.0,38,0,0.1246,0
193,Synthetic Employee 0193,Marketing,34,0.3,3,10,8743907,-0.2051,0.232,8,0.3,0,4.3,8,1,0.3894,1
194,Synthetic Employee 0194,Human Resources,32,4.3,51,23,11988493,0.1988,0.261,8,1.9,0,3.0,63,0,0.1359,0
195,Synthetic Employee 0195,Sales,44,0.3,3,6,10625020,-0.1146,0.038,8,0.2,0,3.1,15,0,0.1246,0
196,Synthetic Employee 0196,Human Resources,38,0.5,6,16,9459642,-0.054,0.339,9,0.3,0,2.5,18,0,0.2994,0
197,Synthetic Employee 0197,Engineering,37,0.7,8,13,10599270,-0.2934,0.225,7,0.2,0,3.8,17,1,0.3894,1
198,Synthetic Employee 0198,Operations,34,0.4,4,12,9953394,0.0477,0.54,10,0.3,1,2.7,7,1,0.2994,1
199,Synthetic Employee 0199,Operations,33,1.4,16,24,12803123,0.3477,0.412,6,1.0,0,3.5,28,0,0.19,0
200,Synthetic Employee 0200,Marketing,31,1.9,22,9,11436061,0.0396,0.24,10,1.8,0,4.3,34,0,0.1419,0
201,Synthetic Employee 0201,Finance,30,11.5,138,18,25202718,0.8002,0.068,15,5.1,1,3.7,150,0,0.1091,0
202,Synthetic Employee 0202,Consulting,39,0.3,3,30,9897530,-0.1393,0.084,13,0.3,0,2.7,4,1,0.2689,1
203,Synthetic Employee 0203,Sales,34,0.3,3,21,13061956,0.0885,0.356,10,0.2,0,3.1,15,0,0.2994,0
204,Synthetic Employee 0204,Finance,43,0.4,4,17,15228401,0.0877,0.098,7,0.3,2,3.6,16,0,0.1824,0
205,Synthetic Employee 0205,Engineering,37,1.1,13,10,13967193,-0.0689,0.358,14,0.9,0,3.3,25,0,0.2994,0
206,Synthetic Employee 0206,Consulting,28,2.2,26,16,9196523,-0.2003,0.029,7,2.1,0,2.4,38,0,0.3208,0
207,Synthetic Employee 0207,Operations,41,2.1,25,9,11451377,0.2054,0.421,4,0.3,0,3.1,37,0,0.1359,0
208,Synthetic Employee 0208,Marketing,41,0.3,3,37,8608991,-0.2174,0.141,13,0.3,0,4.0,15,0,0.3775,0
209,Synthetic Employee 0209,Consulting,35,3.0,36,7,10483479,-0.0884,0.141,12,2.7,1,3.1,48,0,0.0871,0
210,Synthetic Employee 0210,Operations,29,9.1,109,19,15805581,0.6637,0.368,6,1.2,0,3.1,121,0,0.1359,0
211,Synthetic Employee 0211,Finance,48,0.3,3,12,13042490,-0.0684,0.328,14,0.2,0,2.7,15,0,0.2994,0
212,Synthetic Employee 0212,Finance,26,3.9,46,24,15158490,0.0827,0.183,8,2.0,0,2.6,53,1,0.1419,1
213,Synthetic Employee 0213,Sales,21,8.2,98,15,13548449,0.129,0.508,4,7.8,0,4.0,110,0,0.4013,0
214,Synthetic Employee 0214,Sales,36,3.3,39,16,14469231,0.2058,0.215,10,1.1,0,3.4,51,0,0.0832,0
215,Synthetic Employee 0215,Marketing,44,2.4,28,8,11243822,0.0222,0.196,7,0.3,0,3.4,40,0,0.1419,0
216,Synthetic Employee 0216,Consulting,35,3.5,42,6,12970660,0.1279,0.621,12,1.5,3,3.1,49,1,0.31,1
217,Synthetic Employee 0217,Sales,40,1.1,13,1,12077463,0.0065,0.168,5,1.1,0,3.7,16,1,0.1978,1
218,Synthetic Employee 0218,Finance,51,5.0,60,9,18040314,0.2886,0.077,13,2.3,1,3.2,72,0,0.0497,0
219,Synthetic Employee 0219,Consulting,39,1.6,19,26,10829888,-0.0583,0.129,11,1.4,0,4.9,31,0,0.0871,0
220,Synthetic Employee 0220,Finance,42,12.9,154,10,21244833,0.5175,0.022,6,2.6,3,2.8,166,0,0.0759,0
221,Synthetic Employee 0221,Engineering,53,15.6,187,4,25784646,0.719,0.326,8,7.6,0,3.0,191,1,0.2689,1
222,Synthetic Employee 0222,Finance,42,0.5,6,37,12607911,-0.0994,0.209,11,0.3,1,3.9,18,0,0.2891,0
223,Synthetic Employee 0223,Marketing,37,0.3,3,10,13325191,0.2114,0.07,13,0.3,2,3.0,15,0,0.1091,0
224,Synthetic Employee 0224,Human Resources,38,0.3,3,39,6947049,-0.3053,0.433,11,0.3,1,3.4,9,1,0.6457,1
225,Synthetic Employee 0225,Engineering,36,0.3,3,10,16166215,0.0777,0.029,9,0.2,0,3.9,6,1,0.1246,1
226,Synthetic Employee 0226,Engineering,32,1.8,21,8,19126444,0.2751,0.245,12,1.5,1,3.0,33,0,0.0832,0
227,Synthetic Employee 0227,Marketing,38,15.4,184,7,14568069,0.3244,0.178,7,7.8,0,4.0,196,0,0.1751,0
228,Synthetic Employee 0228,Consulting,47,4.1,49,6,11658931,0.0138,0.109,12,1.0,0,3.5,61,0,0.0871,0
229,Synthetic Employee 0229,Consulting,40,0.3,3,18,8043516,-0.3006,0.123,6,0.2,0,3.2,15,0,0.2689,0
230,Synthetic Employee 0230,Marketing,26,3.4,40,5,15094995,0.3723,0.563,7,2.8,0,3.8,52,0,0.1359,0
231,Synthetic Employee 0231,Sales,42,6.8,81,21,17271094,0.4393,0.431,5,3.5,2,4.1,83,1,0.3659,1
232,Synthetic Employee 0232,Engineering,36,9.2,110,29,17013744,0.1342,0.242,10,7.2,0,4.6,122,0,0.2789,0
233,Synthetic Employee 0233,Sales,35,11.1,133,16,14816667,0.2347,0.162,5,7.4,1,2.8,145,0,0.1751,0
234,Synthetic Employee 0234,Finance,40,4.3,51,36,12998616,-0.0715,0.244,15,2.0,0,3.3,63,0,0.2142,0
235,Synthetic Employee 0235,Engineering,37,5.1,61,12,18066382,0.2044,0.12,7,2.2,0,4.0,73,0,0.0497,0
236,Synthetic Employee 0236,Engineering,42,20.0,240,9,24716590,0.6478,0.086,8,0.9,0,4.0,252,0,0.0497,0
237,Synthetic Employee 0237,Operations,25,0.7,8,9,11103125,0.1688,0.306,10,0.6,0,3.7,20,0,0.19,0
238,Synthetic Employee 0238,Human Resources,47,2.0,24,29,13187593,0.3188,0.178,8,0.2,0,4.2,29,1,0.0832,1
239,Synthetic Employee 0239,Consulting,21,4.8,57,30,13063357,0.1359,0.182,13,2.8,2,3.2,69,0,0.2059,0
240,Synthetic Employee 0240,Engineering,47,3.4,40,4,17199391,0.1466,0.275,9,0.7,0,3.5,52,0,0.2227,0
241,Synthetic Employee 0241,Consulting,39,2.8,33,5,14932900,0.2985,0.394,11,0.8,0,2.4,43,1,0.2315,1
242,Synthetic Employee 0242,Finance,31,12.8,153,5,16248793,0.1606,0.3,11,4.0,2,3.0,165,0,0.3659,0
243,Synthetic Employee 0243,Consulting,41,7.2,86,13,15133686,0.316,0.355,3,0.3,0,3.5,98,0,0.1359,0
244,Synthetic Employee 0244,Sales,40,0.3,3,2,16272463,0.356,0.294,9,0.3,0,3.8,15,0,0.19,0
245,Synthetic Employee 0245,Sales,40,2.6,31,29,12792575,0.066,0.302,8,1.7,0,2.9,43,0,0.2227,0
246,Synthetic Employee 0246,Operations,42,1.0,12,18,10537766,0.1092,0.186,13,0.6,1,3.2,24,0,0.1978,0
247,Synthetic Employee 0247,Human Resources,45,2.6,31,4,11918207,0.1918,0.031,6,1.5,0,2.9,43,0,0.0497,0
248,Synthetic Employee 0248,Finance,21,1.8,21,7,13170271,-0.0593,0.106,8,1.6,0,2.7,33,0,0.0871,0
249,Synthetic Employee 0249,Sales,45,0.5,6,12,9661883,-0.1948,0.199,8,0.5,1,3.4,8,1,0.3894,1
250,Synthetic Employee 0250,Marketing,48,1.3,15,26,10425721,-0.0522,0.273,12,0.3,0,4.0,25,1,0.2994,1
251,Synthetic Employee 0251,Finance,44,0.6,7,6,12471094,-0.1092,0.203,9,0.6,0,3.0,19,0,0.1978,0
252,Synthetic Employee 0252,Consulting,30,0.6,7,21,13688430,0.1903,0.383,8,0.6,0,3.7,19,0,0.19,0
253,Synthetic Employee 0253,Finance,31,2.6,31,11,11413224,-0.1848,0.116,8,2.6,1,3.7,43,0,0.1978,0
254,Synthetic Employee 0254,Human Resources,43,3.1,37,14,13332436,0.3332,0.129,10,0.7,0,3.7,42,1,0.0497,1
255,Synthetic Employee 0255,Sales,54,4.1,49,20,13378631,0.1149,0.189,8,1.2,0,4.3,61,0,0.1419,0
256,Synthetic Employee 0256,Finance,40,3.1,37,9,13611978,-0.0277,0.329,10,2.5,0,4.1,49,0,0.2227,0
257,Synthetic Employee 0257,Consulting,31,2.2,26,25,13526366,0.1762,0.532,10,0.6,2,2.8,27,1,0.1978,1
258,Synthetic Employee 0258,Operations,21,4.8,57,19,17305654,0.8216,0.114,9,3.5,0,3.0,69,0,0.1091,0
259,Synthetic Employee 0259,Operations,36,9.6,115,13,14679652,0.5452,0.214,12,0.5,1,3.6,127,0,0.0832,0
260,Synthetic Employee 0260,Sales,43,0.3,3,11,9022421,-0.2481,0.393,12,0.3,0,3.2,9,1,0.525,1
261,Synthetic Employee 0261,Operations,42,10.7,128,11,12840746,0.3517,0.1,10,2.3,0,3.5,140,0,0.0497,0
262,Synthetic Employee 0262,Marketing,36,2.8,33,15,15315183,0.3923,0.044,9,1.0,2,3.7,45,0,0.0759,0
263,Synthetic Employee 0263,Human Resources,25,0.3,3,5,8788720,-0.1211,0.129,13,0.2,0,3.3,15,0,0.2689,0
264,Synthetic Employee 0264,Operations,40,4.8,57,4,13061776,0.3749,0.259,4,0.6,1,3.5,69,0,0.1359,0
265,Synthetic Employee 0265,Operations,36,4.4,52,16,12206961,0.2849,0.343,5,4.4,0,3.1,64,0,0.2689,0
266,Synthetic Employee 0266,Marketing,44,3.1,37,19,10174661,-0.075,0.583,8,1.7,0,2.8,46,1,0.2227,1
267,Synthetic Employee 0267,Human Resources,47,11.8,141,7,11882894,0.1883,0.085,5,7.1,0,3.7,153,0,0.1091,0
268,Synthetic Employee 0268,Finance,37,1.8,21,22,15567608,0.112,0.164,8,0.6,0,3.6,33,0,0.1419,0
269,Synthetic Employee 0269,Human Resources,34,2.9,34,3,13529381,0.3529,0.103,8,1.2,0,3.0,46,0,0.0497,0
270,Synthetic Employee 0270,Engineering,38,2.5,30,25,17139731,0.1426,0.227,9,1.9,1,4.1,42,0,0.1419,0
271,Synthetic Employee 0271,Sales,35,2.0,24,20,13967115,0.1639,0.13,7,1.5,2,2.9,36,0,0.0759,0
272,Synthetic Employee 0272,Sales,45,0.6,7,10,10610912,-0.1158,0.058,7,0.4,0,3.0,19,0,0.1246,0
273,Synthetic Employee 0273,Engineering,41,6.2,74,29,20461421,0.3641,0.422,13,2.7,0,2.3,86,0,0.2315,0
274,Synthetic Employee 0274,Marketing,33,5.6,67,33,10607543,-0.0357,0.16,7,1.5,2,4.2,79,0,0.2059,0
275,Synthetic Employee 0275,Engineering,37,19.8,237,9,22507952,0.5005,0.077,2,6.7,0,2.9,249,0,0.1091,0
276,Synthetic Employee 0276,Finance,31,1.3,15,10,16646602,0.189,0.2,9,1.2,2,3.7,27,0,0.1751,0
277,Synthetic Employee 0277,Finance,39,6.6,79,7,13495737,-0.036,0.185,9,0.5,0,2.8,91,0,0.1419,0
278,Synthetic Employee 0278,Sales,26,1.0,12,12,13406025,0.1172,0.281,8,0.9,2,3.4,17,1,0.4013,1
279,Synthetic Employee 0279,Finance,26,13.1,157,15,19146581,0.3676,0.109,9,7.3,2,3.5,163,1,0.1611,1
280,Synthetic Employee 0280,Sales,28,0.8,9,4,12439906,0.0367,0.469,8,0.8,2,4.2,13,1,0.4013,1
281,Synthetic Employee 0281,Engineering,36,2.3,27,5,16082154,0.0721,0.468,4,1.9,2,3.1,39,0,0.31,0
282,Synthetic Employee 0282,Engineering,38,0.9,10,12,13483348,-0.1011,0.145,6,0.7,1,3.9,22,0,0.1246,0
283,Synthetic Employee 0283,Operations,30,2.1,25,10,10336877,0.0881,0.311,9,1.6,0,4.5,37,0,0.2227,0
284,Synthetic Employee 0284,Operations,41,4.3,51,2,11412803,0.2013,0.29,7,1.9,0,3.7,63,0,0.1359,0
285,Synthetic Employee 0285,Engineering,41,5.6,67,17,19277004,0.2851,0.065,6,0.7,2,3.6,79,0,0.0759,0
286,Synthetic Employee 0286,Sales,41,1.6,19,14,13902550,0.1585,0.254,8,0.3,0,1.8,31,0,0.2315,0
287,Synthetic Employee 0287,Engineering,47,12.2,146,14,21191740,0.4128,0.525,13,7.5,0,3.5,158,0,0.2689,0
288,Synthetic Employee 0288,Engineering,44,2.8,33,12,11919201,-0.2054,0.003,9,0.7,0,3.9,45,0,0.1978,0
289,Synthetic Employee 0289,Consulting,30,2.7,32,14,16818567,0.4625,0.444,7,0.4,2,4.3,44,0,0.1978,0
290,Synthetic Employee 0290,Marketing,33,3.4,40,7,9753618,-0.1133,0.333,10,1.9,2,4.1,52,0,0.31,0
291,Synthetic Employee 0291,Engineering,29,1.2,14,12,15595340,0.0397,0.335,12,0.6,1,3.7,26,0,0.2994,0
292,Synthetic Employee 0292,Finance,33,6.6,79,17,12551448,-0.1035,0.219,9,5.0,0,4.5,91,0,0.2789,0
293,Synthetic Employee 0293,Sales,36,1.0,12,4,13932287,0.161,0.302,12,0.3,0,3.9,23,1,0.19,1
294,Synthetic Employee 0294,Marketing,31,2.0,24,8,11585085,0.0532,0.399,14,0.2,0,2.2,30,1,0.3543,1
295,Synthetic Employee 0295,Operations,33,3.6,43,2,9672891,0.0182,0.645,11,2.6,0,3.6,55,0,0.2227,0
296,Synthetic Employee 0296,Human Resources,40,0.3,3,6,9615925,-0.0384,0.015,6,0.3,0,3.4,15,0,0.1246,0
297,Synthetic Employee 0297,Sales,25,2.7,32,17,13706580,0.1422,0.247,8,0.9,2,3.5,43,1,0.2059,1
298,Synthetic Employee 0298,Finance,31,5.9,70,20,17800427,0.2715,0.347,8,1.3,0,3.3,82,0,0.1359,0
299,Synthetic Employee 0299,Sales,38,0.9,10,5,12544315,0.0454,0.245,11,0.5,0,2.5,19,1,0.1978,1
300,Synthetic Employee 0300,Operations,38,4.6,55,11,13626210,0.4343,0.251,7,2.5,0,1.8,67,0,0.2315,0
301,Synthetic Employee 0301,Finance,34,0.7,8,7,18679033,0.3342,0.36,5,0.6,1,2.2,9,1,0.31,1
302,Synthetic Employee 0302,Finance,41,2.0,24,31,16876835,0.2055,0.085,7,1.5,0,2.6,36,0,0.0497,0
303,Synthetic Employee 0303,Human Resources,24,2.4,28,3,10546422,0.0546,0.241,5,0.8,0,4.1,40,0,0.1419,0
304,Synthetic Employee 0304,Sales,24,4.7,56,24,16361571,0.3635,0.258,12,4.0,1,4.4,68,0,0.2689,0
305,Synthetic Employee 0305,Consulting,44,0.3,3,9,6997164,-0.3916,0.277,10,0.2,0,4.1,15,0,0.525,0
306,Synthetic Employee 0306,Human Resources,32,4.2,50,16,12200217,0.22,0.221,8,3.3,0,2.8,62,0,0.1751,0
307,Synthetic Employee 0307,Consulting,60,5.0,60,15,17147217,0.4911,0.586,9,0.5,0,3.9,72,0,0.1359,0
308,Synthetic Employee 0308,Human Resources,29,6.7,80,20,12758580,0.2759,0.158,11,5.5,0,3.0,92,0,0.1751,0
309,Synthetic Employee 0309,Sales,26,5.2,62,13,15502084,0.2918,0.081,2,2.9,1,3.7,74,0,0.0497,0
310,Synthetic Employee 0310,Engineering,37,0.3,3,31,16415306,0.0944,0.426,8,0.3,0,3.8,8,1,0.2994,1
311,Synthetic Employee 0311,Engineering,45,13.5,162,7,22444644,0.4963,0.352,12,0.4,0,4.8,174,0,0.1359,0
312,Synthetic Employee 0312,Operations,22,0.7,8,9,7562157,-0.204,0.296,9,0.6,0,3.5,12,1,0.525,1
313,Synthetic Employee 0313,Human Resources,47,7.8,93,22,14247572,0.4248,0.269,8,6.0,1,5.0,105,0,0.2689,0
314,Synthetic Employee 0314,Marketing,43,0.3,3,9,12176750,0.107,0.093,7,0.3,1,4.6,15,0,0.1246,0
315,Synthetic Employee 0315,Human Resources,24,2.3,27,8,10795714,0.0796,0.262,9,1.9,0,3.5,39,0,0.2227,0
316,Synthetic Employee 0316,Human Resources,31,3.5,42,14,9916803,-0.0083,0.488,8,3.1,2,3.6,49,1,0.5125,1
317,Synthetic Employee 0317,Human Resources,34,4.7,56,7,9320515,-0.0679,0.304,7,2.5,0,3.0,66,1,0.2227,1
318,Synthetic Employee 0318,Consulting,21,9.8,117,11,20091592,0.7471,0.332,2,2.0,0,2.8,119,1,0.1359,1
319,Synthetic Employee 0319,Operations,42,1.1,13,16,9717344,0.0229,0.238,12,0.6,0,3.5,25,0,0.1978,0
320,Synthetic Employee 0320,Engineering,34,3.5,42,5,20040925,0.3361,0.242,6,2.5,1,3.3,54,0,0.0832,0
321,Synthetic Employee 0321,Operations,21,2.0,24,11,9859914,0.0379,0.312,5,1.9,2,4.1,36,0,0.31,0
322,Synthetic Employee 0322,Operations,53,1.9,22,17,13875733,0.4606,0.05,12,0.7,1,2.5,33,1,0.0497,1
323,Synthetic Employee 0323,Operations,38,1.9,22,10,9946319,0.047,0.281,7,1.7,2,2.6,34,0,0.31,0
324,Synthetic Employee 0324,Engineering,39,5.6,67,10,15097652,0.0065,0.049,10,5.3,0,3.6,79,0,0.1824,0
325,Synthetic Employee 0325,Engineering,53,6.8,81,15,17162527,0.1442,0.204,8,6.3,1,3.5,93,0,0.2789,0
326,Synthetic Employee 0326,Human Resources,28,0.9,10,18,9874567,-0.0125,0.075,7,0.5,2,4.4,18,1,0.1824,1
327,Synthetic Employee 0327,Operations,30,9.7,116,15,16488752,0.7357,0.144,14,6.6,0,3.4,128,0,0.1091,0
328,Synthetic Employee 0328,Marketing,31,3.9,46,23,13298301,0.2089,0.152,8,3.4,0,3.1,48,1,0.1751,1
329,Synthetic Employee 0329,Consulting,36,6.1,73,13,11914224,0.036,0.065,7,2.8,0,4.0,85,0,0.0871,0
330,Synthetic Employee 0330,Consulting,43,1.1,13,17,8577513,-0.2541,0.462,13,0.4,0,3.1,25,0,0.525,0
331,Synthetic Employee 0331,Engineering,31,6.1,73,11,19042869,0.2695,0.071,10,4.1,0,4.5,75,1,0.1091,1
332,Synthetic Employee 0332,Sales,42,3.6,43,8,17251069,0.4376,0.088,7,3.3,0,3.3,55,0,0.1091,0
333,Synthetic Employee 0333,Sales,47,0.4,4,13,11139844,-0.0717,0.442,7,0.3,0,2.2,16,0,0.4502,0
334,Synthetic Employee 0334,Sales,35,1.3,15,26,10721929,-0.1065,0.178,10,0.8,0,3.1,20,1,0.1978,1
335,Synthetic Employee 0335,Finance,34,4.1,49,18,14328452,0.0235,0.367,9,1.6,0,4.1,61,0,0.2227,0
336,Synthetic Employee 0336,Human Resources,23,2.3,27,13,9529499,-0.0471,0.182,7,1.4,2,3.9,39,0,0.2059,0
337,Synthetic Employee 0337,Sales,45,1.1,13,11,15150245,0.2625,0.242,7,0.3,0,2.9,25,0,0.1192,0
338,Synthetic Employee 0338,Human Resources,36,2.1,25,30,12513244,0.2513,0.056,9,1.8,1,3.4,37,0,0.0497,0
339,Synthetic Employee 0339,Sales,27,0.3,3,18,11156710,-0.0703,0.455,8,0.3,0,4.2,15,0,0.2994,0
340,Synthetic Employee 0340,Marketing,35,5.2,62,23,12916181,0.1742,0.333,11,4.4,0,3.4,74,0,0.2689,0
341,Synthetic Employee 0341,Human Resources,24,1.5,18,14,9561537,-0.0438,0.253,9,1.2,0,3.6,30,0,0.2227,0
342,Synthetic Employee 0342,Sales,31,3.3,39,8,10938540,-0.0885,0.269,11,2.9,2,3.9,51,0,0.31,0
343,Synthetic Employee 0343,Consulting,37,2.9,34,19,13127696,0.1415,0.048,7,0.9,0,3.4,36,1,0.0871,1
344,Synthetic Employee 0344,Engineering,29,16.2,194,10,20789481,0.386,0.21,9,6.3,1,3.4,202,1,0.1751,1
345,Synthetic Employee 0345,Human Resources,41,0.6,7,12,11036463,0.1036,0.157,5,0.3,0,3.0,17,1,0.1978,1
346,Synthetic Employee 0346,Consulting,31,4.0,48,14,13882141,0.2071,0.155,10,0.8,0,3.9,60,0,0.0832,0
347,Synthetic Employee 0347,Consulting,26,13.6,163,6,18741580,0.6297,0.208,12,3.7,1,2.6,175,0,0.1751,0
348,Synthetic Employee 0348,Consulting,42,0.3,3,14,12046815,0.0475,0.317,10,0.3,0,3.3,15,0,0.2994,0
349,Synthetic Employee 0349,Finance,32,3.4,40,14,15156938,0.0826,0.212,10,2.4,0,3.6,52,0,0.1419,0
350,Synthetic Employee 0350,Engineering,35,5.6,67,11,18187611,0.2125,0.055,9,3.7,0,3.7,79,0,0.1091,0
351,Synthetic Employee 0351,Engineering,35,2.3,27,13,13647536,-0.0902,0.351,6,0.5,3,4.1,33,1,0.31,1
352,Synthetic Employee 0352,Operations,23,7.5,90,19,14979516,0.5768,0.387,12,5.4,0,3.1,95,1,0.2689,1
353,Synthetic Employee 0353,Finance,39,1.8,21,4,11685970,-0.1653,0.261,9,1.0,0,4.1,25,1,0.4256,1
354,Synthetic Employee 0354,Consulting,39,2.9,34,7,13803614,0.2003,0.198,5,1.6,1,4.0,46,0,0.0832,0
355,Synthetic Employee 0355,Engineering,29,3.2,38,9,19775897,0.3184,0.409,12,2.5,0,4.1,50,0,0.1359,0
356,Synthetic Employee 0356,Engineering,33,2.0,24,8,13225089,-0.1183,0.368,8,0.3,0,2.6,26,1,0.2227,1
357,Synthetic Employee 0357,Consulting,36,0.4,4,5,12549580,0.0913,0.142,8,0.3,0,2.8,16,0,0.1246,0
358,Synthetic Employee 0358,Consulting,28,2.0,24,8,14868267,0.2929,0.127,7,1.5,0,2.7,36,0,0.0497,0
359,Synthetic Employee 0359,Sales,33,0.5,6,29,11993334,-0.0006,0.256,6,0.3,1,3.9,18,0,0.2994,0
360,Synthetic Employee 0360,Sales,49,3.3,39,8,13248467,0.104,0.138,8,2.0,2,3.5,51,0,0.1301,0
361,Synthetic Employee 0361,Human Resources,30,1.1,13,14,10702334,0.0702,0.158,5,0.7,1,4.3,25,0,0.1978,0
362,Synthetic Employee 0362,Human Resources,36,3.6,43,28,7991579,-0.2008,0.331,3,1.3,0,3.7,55,0,0.4256,0
363,Synthetic Employee 0363,Human Resources,24,0.3,3,22,9197358,-0.0803,0.257,6,0.3,0,3.3,15,0,0.2994,0
364,Synthetic Employee 0364,Sales,40,5.8,69,17,18567370,0.5473,0.275,11,3.6,1,3.6,81,0,0.2689,0
365,Synthetic Employee 0365,Consulting,26,0.7,8,5,10852767,-0.0563,0.233,13,0.6,0,2.1,20,0,0.3208,0
366,Synthetic Employee 0366,Human Resources,42,3.9,46,15,13743342,0.3743,0.427,8,0.5,0,2.0,58,0,0.2315,0
367,Synthetic Employee 0367,Engineering,41,3.9,46,24,15455352,0.0304,0.183,10,3.8,0,4.6,58,0,0.2789,0
368,Synthetic Employee 0368,Sales,37,3.8,45,5,11742940,-0.0214,0.547,3,0.6,1,3.5,57,0,0.2227,0
369,Synthetic Employee 0369,Human Resources,33,7.8,93,3,13187140,0.3187,0.575,9,7.6,0,2.8,105,0,0.2689,0
370,Synthetic Employee 0370,Engineering,35,3.2,38,10,20829169,0.3886,0.239,11,1.7,0,3.3,50,0,0.0832,0
371,Synthetic Employee 0371,Human Resources,38,2.1,25,16,13337821,0.3338,0.101,9,1.0,0,4.1,37,0,0.0497,0
372,Synthetic Employee 0372,Marketing,37,7.8,93,33,17682119,0.6075,0.024,10,4.8,3,2.7,105,0,0.1611,0
373,Synthetic Employee 0373,Consulting,53,8.6,103,9,15720284,0.367,0.276,12,5.9,0,3.4,115,0,0.2689,0
374,Synthetic Employee 0374,Consulting,22,3.0,36,3,10711722,-0.0685,0.227,13,2.6,0,3.4,40,1,0.1419,1
375,Synthetic Employee 0375,Human Resources,30,6.1,73,8,12722740,0.2723,0.191,2,5.8,1,2.9,85,0,0.1751,0
376,Synthetic Employee 0376,Marketing,39,0.4,4,16,11347962,0.0316,0.258,10,0.2,0,3.9,16,0,0.2994,0
377,Synthetic Employee 0377,Human Resources,43,1.2,14,41,10268092,0.0268,0.208,6,0.7,1,2.9,26,0,0.2891,0
378,Synthetic Employee 0378,Operations,45,4.6,55,22,11425277,0.2027,0.399,8,2.2,0,2.7,67,0,0.1359,0
379,Synthetic Employee 0379,Operations,45,0.3,3,17,8510997,-0.1041,0.155,6,0.2,2,2.0,15,0,0.4256,0
380,Synthetic Employee 0380,Consulting,41,6.5,78,27,15020562,0.3061,0.026,11,4.8,0,4.4,90,0,0.1091,0
381,Synthetic Employee 0381,Finance,29,4.7,56,5,14476615,0.034,0.15,12,3.4,0,2.5,68,0,0.1824,0
382,Synthetic Employee 0382,Operations,37,1.4,16,13,10858687,0.143,0.433,7,1.2,1,4.0,28,0,0.2994,0
383,Synthetic Employee 0383,Operations,33,0.8,9,24,15001411,0.5791,0.262,5,0.4,2,4.4,21,0,0.2689,0
384,Synthetic Employee 0384,Human Resources,21,2.9,34,24,10894506,0.0895,0.226,4,1.4,0,3.4,42,1,0.1419,1
385,Synthetic Employee 0385,Sales,40,1.4,16,3,9849685,-0.1792,0.161,8,1.3,0,2.4,28,0,0.5498,0
386,Synthetic Employee 0386,Sales,40,5.7,68,11,14524408,0.2104,0.421,5,4.1,0,3.7,71,1,0.2689,1
387,Synthetic Employee 0387,Marketing,32,0.3,3,6,13256125,0.2051,0.569,9,0.3,2,1.8,15,0,0.4134,0
388,Synthetic Employee 0388,Sales,37,4.4,52,11,15055724,0.2546,0.143,6,0.6,0,3.0,64,0,0.0497,0
389,Synthetic Employee 0389,Engineering,36,0.8,9,9,20822496,0.3882,0.304,9,0.5,0,4.0,15,1,0.19,1
390,Synthetic Employee 0390,Finance,48,4.8,57,1,18849108,0.3464,0.29,11,3.8,0,2.5,69,0,0.2689,0
391,Synthetic Employee 0391,Operations,39,1.6,19,2,9561142,0.0064,0.307,11,0.7,0,4.0,31,0,0.2227,0
392,Synthetic Employee 0392,Finance,38,6.6,79,7,17537451,0.2527,0.248,6,6.2,1,3.1,91,0,0.1751,0
393,Synthetic Employee 0393,Engineering,25,5.9,70,6,19072996,0.2715,0.087,5,0.5,1,3.9,82,0,0.0497,0
394,Synthetic Employee 0394,Operations,40,0.9,10,20,11557232,0.2166,0.261,8,0.5,0,3.0,22,0,0.19,0
395,Synthetic Employee 0395,Marketing,38,1.3,15,12,11009139,0.0008,0.716,9,0.8,0,4.2,27,0,0.2994,0
396,Synthetic Employee 0396,Engineering,40,1.1,13,22,13592957,-0.0938,0.417,8,0.7,0,4.1,25,0,0.2994,0
397,Synthetic Employee 0397,Engineering,31,2.3,27,6,13747746,-0.0835,0.18,8,1.1,0,3.6,39,0,0.1419,0
398,Synthetic Employee 0398,Finance,38,1.1,13,10,14188647,0.0135,0.163,9,0.9,0,3.9,25,0,0.1978,0
399,Synthetic Employee 0399,Human Resources,42,4.4,52,6,13680934,0.3681,0.1,8,2.6,2,3.8,64,0,0.0759,0
400,Synthetic Employee 0400,Finance,25,16.2,194,17,18156228,0.2969,0.294,11,4.1,0,3.5,197,1,0.2689,1
401,Synthetic Employee 0401,Consulting,21,2.7,32,19,13164467,0.1447,0.329,13,1.7,0,2.4,44,0,0.3543,0
402,Synthetic Employee 0402,Finance,24,5.3,63,6,19023765,0.3588,0.128,6,4.7,0,4.0,75,0,0.1091,0
403,Synthetic Employee 0403,Sales,41,18.2,218,22,14563466,0.2136,0.396,9,1.4,1,3.9,230,0,0.1359,0
404,Synthetic Employee 0404,Engineering,36,4.5,54,9,15626505,0.0418,0.165,8,3.1,2,3.0,62,1,0.3775,1
405,Synthetic Employee 0405,Finance,40,0.3,3,18,16126306,0.1519,0.311,3,0.3,2,4.2,5,1,0.2689,1
406,Synthetic Employee 0406,Engineering,33,0.3,3,18,14545101,-0.0303,0.049,8,0.2,3,2.9,15,0,0.1824,0
407,Synthetic Employee 0407,Consulting,33,4.3,51,15,14914013,0.2969,0.057,8,3.2,1,2.6,63,0,0.1091,0
408,Synthetic Employee 0408,Sales,42,3.2,38,49,11746791,-0.0211,0.39,6,1.7,1,3.5,50,0,0.3208,0
409,Synthetic Employee 0409,Engineering,40,3.5,42,17,16617609,0.1078,0.03,12,0.8,1,4.2,50,1,0.0871,1
410,Synthetic Employee 0410,Finance,35,5.5,66,16,18302683,0.3073,0.163,3,1.1,0,2.9,78,0,0.0832,0
411,Synthetic Employee 0411,Engineering,39,8.5,102,25,24623216,0.6415,0.207,9,0.2,1,4.0,114,0,0.0832,0
412,Synthetic Employee 0412,Operations,35,2.8,33,5,8769096,-0.0769,0.225,13,2.7,0,3.7,45,0,0.1419,0
413,Synthetic Employee 0413,Consulting,35,0.3,3,37,10479545,-0.0887,0.504,13,0.2,0,2.9,5,1,0.4134,1
414,Synthetic Employee 0414,Sales,35,0.4,4,33,12681520,0.0568,0.104,10,0.2,0,3.2,16,0,0.1246,0
415,Synthetic Employee 0415,Human Resources,50,0.3,3,36,9855476,-0.0145,0.26,8,0.2,2,3.9,15,0,0.525,0
416,Synthetic Employee 0416,Engineering,54,2.4,28,21,11801557,-0.2132,0.07,9,1.1,0,1.4,40,0,0.3208,0
417,Synthetic Employee 0417,Finance,46,7.9,94,12,20017157,0.4298,0.078,6,6.3,0,4.0,101,1,0.1091,1
418,Synthetic Employee 0418,Sales,37,9.0,108,6,12805380,0.0671,0.328,7,4.2,0,3.0,120,0,0.4013,0
419,Synthetic Employee 0419,Finance,48,3.3,39,11,18585068,0.3275,0.287,8,0.3,0,3.6,51,0,0.1359,0
420,Synthetic Employee 0420,Finance,36,2.6,31,11,16260610,0.1615,0.131,8,2.4,0,3.5,43,0,0.0497,0
421,Synthetic Employee 0421,Engineering,32,2.1,25,22,18161278,0.2108,0.274,4,1.1,3,3.3,37,0,0.1978,0
422,Synthetic Employee 0422,Finance,32,7.1,85,11,17874406,0.2767,0.185,10,5.1,0,2.7,97,0,0.1751,0
423,Synthetic Employee 0423,Engineering,31,1.0,12,4,16649164,0.1099,0.289,10,0.6,2,3.0,24,0,0.4013,0
424,Synthetic Employee 0424,Human Resources,58,4.4,52,9,11488995,0.1489,0.443,8,2.7,1,4.3,64,0,0.2227,0
425,Synthetic Employee 0425,Operations,36,2.4,28,21,8289400,-0.1274,0.182,13,1.8,0,3.8,40,0,0.2994,0
426,Synthetic Employee 0426,Finance,21,0.7,8,24,13520368,-0.0343,0.201,10,0.5,0,2.9,20,0,0.1978,0
427,Synthetic Employee 0427,Finance,21,5.8,69,21,20255566,0.4468,0.181,14,4.0,0,3.6,81,0,0.1751,0
428,Synthetic Employee 0428,Finance,34,1.1,13,26,14740006,0.0529,0.148,11,0.5,0,3.4,25,0,0.1246,0
429,Synthetic Employee 0429,Marketing,25,4.5,54,7,13590271,0.2355,0.352,5,0.3,1,3.1,66,0,0.1359,0
430,Synthetic Employee 0430,Marketing,33,2.3,27,26,10188416,-0.0738,0.563,13,2.1,0,3.8,39,0,0.2227,0
431,Synthetic Employee 0431,Sales,37,2.1,25,8,13409248,0.1174,0.112,13,1.8,0,2.8,37,0,0.0871,0
432,Synthetic Employee 0432,Operations,34,0.3,3,11,9296735,-0.0214,0.233,14,0.3,1,4.3,12,1,0.1978,1
433,Synthetic Employee 0433,Operations,25,1.1,13,31,10667550,0.1229,0.459,12,0.6,0,2.8,25,0,0.2994,0
434,Synthetic Employee 0434,Marketing,32,1.3,15,6,13493191,0.2267,0.272,13,0.3,2,2.4,27,0,0.4134,0
435,Synthetic Employee 0435,Sales,37,1.8,21,23,15778855,0.3149,0.031,4,0.6,1,5.0,33,0,0.0497,0
436,Synthetic Employee 0436,Marketing,35,0.9,10,13,11971576,0.0883,0.366,8,0.2,2,2.1,20,1,0.5622,1
437,Synthetic Employee 0437,Human Resources,50,1.8,21,11,8684708,-0.1315,0.185,9,0.5,0,2.8,29,1,0.2994,1
438,Synthetic Employee 0438,Sales,36,8.3,99,4,12205883,0.0172,0.064,9,6.3,0,2.6,111,0,0.1824,0
439,Synthetic Employee 0439,Operations,54,8.0,96,5,12254872,0.29,0.15,7,5.7,0,4.9,108,0,0.1091,0
440,Synthetic Employee 0440,Operations,46,1.7,20,31,9100765,-0.042,0.645,6,1.6,1,3.2,32,0,0.2227,0
441,Synthetic Employee 0441,Marketing,45,1.6,19,8,11495593,0.0451,0.376,7,0.7,1,2.7,31,0,0.2227,0
442,Synthetic Employee 0442,Human Resources,46,0.5,6,19,11269656,0.127,0.537,6,0.5,2,3.8,18,0,0.4013,0
443,Synthetic Employee 0443,Marketing,32,1.7,20,10,12839940,0.1673,0.203,11,1.1,1,4.0,32,0,0.0832,0
444,Synthetic Employee 0444,Consulting,51,0.5,6,16,12789891,0.1122,0.239,8,0.5,0,2.7,18,0,0.1978,0
445,Synthetic Employee 0445,Engineering,28,10.2,122,13,21070694,0.4047,0.068,8,0.7,0,3.5,134,0,0.0497,0
446,Synthetic Employee 0446,Engineering,37,3.4,40,2,20402099,0.3601,0.693,6,0.5,0,2.9,52,0,0.1359,0
447,Synthetic Employee 0447,Human Resources,44,3.4,40,6,12537395,0.2537,0.115,7,0.3,1,3.5,52,0,0.0497,0
448,Synthetic Employee 0448,Finance,26,1.6,19,5,16230960,0.1594,0.166,10,0.5,0,4.1,31,0,0.0832,0
449,Synthetic Employee 0449,Finance,42,5.1,61,5,17401164,0.2429,0.136,5,4.5,1,3.8,73,0,0.1091,0
450,Synthetic Employee 0450,Engineering,44,2.5,30,15,18346612,0.2231,0.171,9,1.8,3,2.3,42,0,0.2142,0
451,Synthetic Employee 0451,Engineering,40,1.9,22,14,16192453,0.0795,0.464,3,0.9,1,3.6,34,0,0.2227,0
452,Synthetic Employee 0452,Finance,37,1.1,13,17,15612382,0.1152,0.389,5,0.3,1,3.7,25,0,0.2994,0
453,Synthetic Employee 0453,Sales,41,0.7,8,14,11765021,-0.0196,0.239,7,0.3,1,1.9,20,0,0.3208,0
454,Synthetic Employee 0454,Finance,26,3.7,44,4,18452711,0.3181,0.099,11,1.5,1,2.9,56,0,0.0497,0
455,Synthetic Employee 0455,Marketing,37,1.3,15,27,9431135,-0.1426,0.173,8,1.0,1,2.2,20,1,0.5498,1
456,Synthetic Employee 0456,Sales,39,1.3,15,17,14034934,0.1696,0.397,11,0.9,0,3.2,27,0,0.19,0
457,Synthetic Employee 0457,Marketing,31,10.9,130,21,19155815,0.7414,0.295,5,6.8,1,3.1,142,0,0.2689,0
458,Synthetic Employee 0458,Engineering,39,3.1,37,14,17198634,0.1466,0.205,9,2.0,0,3.6,49,0,0.1419,0
459,Synthetic Employee 0459,Sales,31,2.5,30,21,12183825,0.0153,0.065,6,0.3,1,3.6,42,0,0.0871,0
460,Synthetic Employee 0460,Marketing,51,2.1,25,7,11749650,0.0682,0.153,11,1.1,0,4.0,37,0,0.1419,0
461,Synthetic Employee 0461,Marketing,35,2.1,25,13,11760975,0.0692,0.332,9,0.8,1,3.1,37,0,0.2227,0
462,Synthetic Employee 0462,Sales,40,4.3,51,15,14054874,0.1712,0.241,9,3.8,0,2.8,63,0,0.1751,0
463,Synthetic Employee 0463,Human Resources,29,4.7,56,3,13196704,0.3197,0.066,5,0.4,2,3.3,68,0,0.0759,0
464,Synthetic Employee 0464,Consulting,32,0.4,4,14,12881215,0.1201,0.184,9,0.4,0,4.3,16,0,0.1978,0
465,Synthetic Employee 0465,Finance,29,3.2,38,17,16742173,0.1959,0.294,8,1.0,0,3.1,50,0,0.1359,0
466,Synthetic Employee 0466,Operations,37,3.4,40,14,13621665,0.4339,0.128,13,2.6,1,2.8,52,0,0.0497,0
467,Synthetic Employee 0467,Marketing,34,0.3,3,3,11114040,0.0104,0.202,12,0.3,0,2.7,15,0,0.1978,0
468,Synthetic Employee 0468,Finance,34,0.3,3,6,10328167,-0.2623,0.083,8,0.2,0,2.9,15,0,0.2689,0
469,Synthetic Employee 0469,Consulting,35,6.5,78,16,16704530,0.4526,0.283,8,4.1,0,4.1,90,0,0.2689,0
470,Synthetic Employee 0470,Operations,21,8.9,106,8,12914036,0.3594,0.137,7,5.7,0,2.6,118,0,0.1091,0
471,Synthetic Employee 0471,Finance,28,6.7,80,23,21387981,0.5277,0.033,10,2.0,3,2.6,92,0,0.0759,0
472,Synthetic Employee 0472,Engineering,38,1.6,19,19,14904398,-0.0064,0.107,8,0.5,0,3.1,31,0,0.0871,0
473,Synthetic Employee 0473,Operations,32,6.9,82,15,11900147,0.2526,0.111,14,4.3,0,4.0,94,0,0.1091,0
474,Synthetic Employee 0474,Consulting,34,7.2,86,13,16619727,0.4452,0.221,6,5.7,0,4.0,98,0,0.1751,0
475,Synthetic Employee 0475,Finance,38,6.3,75,17,19245476,0.3747,0.116,10,1.5,1,4.2,87,0,0.0497,0
476,Synthetic Employee 0476,Marketing,31,5.9,70,24,15717120,0.4288,0.207,4,0.9,0,3.4,82,0,0.0832,0
477,Synthetic Employee 0477,Operations,21,2.1,25,11,10820991,0.1391,0.389,10,0.2,1,2.3,37,0,0.3543,0
478,Synthetic Employee 0478,Engineering,29,0.7,8,13,16802968,0.1202,0.389,10,0.3,2,2.8,11,1,0.4013,1
479,Synthetic Employee 0479,Sales,43,2.9,34,4,12499073,0.0416,0.194,11,0.6,0,3.4,38,1,0.1419,1
480,Synthetic Employee 0480,Marketing,39,11.3,135,25,11673918,0.0613,0.337,7,4.7,0,2.5,147,0,0.4013,0
481,Synthetic Employee 0481,Engineering,32,0.5,6,15,13906813,-0.0729,0.389,10,0.2,0,3.5,18,0,0.2994,0
482,Synthetic Employee 0482,Engineering,27,5.1,61,9,14488375,-0.0341,0.247,7,0.3,0,2.9,73,0,0.1419,0
483,Synthetic Employee 0483,Operations,29,1.4,16,13,8380888,-0.1178,0.061,10,0.8,2,3.3,21,1,0.1824,1
484,Synthetic Employee 0484,Finance,22,0.7,8,15,13101435,-0.0642,0.196,12,0.2,0,3.8,20,0,0.1978,0
485,Synthetic Employee 0485,Sales,41,2.9,34,14,11673945,-0.0272,0.241,12,1.2,1,3.6,43,1,0.1419,1
486,Synthetic Employee 0486,Marketing,37,10.6,127,10,16738687,0.5217,0.243,12,5.8,0,2.8,139,0,0.1751,0
487,Synthetic Employee 0487,Marketing,27,1.9,22,10,12240723,0.1128,0.028,11,0.2,2,2.5,34,0,0.1301,0
488,Synthetic Employee 0488,Finance,39,9.4,112,15,21062901,0.5045,0.355,7,6.4,0,3.4,114,1,0.2689,1
489,Synthetic Employee 0489,Sales,28,1.0,12,9,14537602,0.2115,0.264,13,0.8,0,3.2,24,0,0.19,0
490,Synthetic Employee 0490,Operations,49,0.7,8,4,11095633,0.168,0.269,8,0.3,3,3.1,19,1,0.2689,1
491,Synthetic Employee 0491,Marketing,39,1.4,16,11,11455910,0.0414,0.151,12,0.7,0,3.4,28,0,0.1978,0
492,Synthetic Employee 0492,Sales,35,0.3,3,16,8910003,-0.2575,0.69,12,0.2,3,3.4,15,0,0.6341,0
493,Synthetic Employee 0493,Operations,31,1.5,18,7,11446760,0.2049,0.357,15,1.3,0,4.3,30,0,0.1359,0
494,Synthetic Employee 0494,Operations,51,0.3,3,24,9319090,-0.019,0.087,8,0.3,0,4.2,15,0,0.1246,0
495,Synthetic Employee 0495,Consulting,42,5.4,64,9,11345258,-0.0135,0.265,14,2.6,1,4.0,76,0,0.2227,0
496,Synthetic Employee 0496,Marketing,31,0.5,6,10,12275475,0.116,0.372,5,0.2,0,4.1,18,0,0.2994,0
497,Synthetic Employee 0497,Finance,26,4.3,51,12,16217539,0.1584,0.081,9,4.3,1,2.4,63,0,0.19,0
498,Synthetic Employee 0498,Human Resources,36,2.5,30,9,12139170,0.2139,0.239,12,1.8,0,3.3,42,0,0.0832,0
499,Synthetic Employee 0499,Marketing,39,0.3,3,9,11473448,0.043,0.288,9,0.2,0,2.5,15,0,0.2994,0
500,Synthetic Employee 0500,Consulting,21,0.3,3,11,13025438,0.1326,0.218,8,0.2,0,3.3,15,0,0.1978,0
501,Synthetic Employee 0501,Engineering,34,4.2,50,18,19831994,0.3221,0.186,9,2.6,0,3.5,62,0,0.0832,0
502,Synthetic Employee 0502,Engineering,39,1.9,22,18,20150288,0.3434,0.461,6,0.9,0,3.4,34,0,0.1359,0
503,Synthetic Employee 0503,Operations,38,8.4,100,43,12613665,0.3278,0.31,12,3.5,0,3.7,107,1,0.3775,1
504,Synthetic Employee 0504,Human Resources,35,0.9,10,18,11492911,0.1493,0.235,7,0.4,1,4.4,19,1,0.1978,1
505,Synthetic Employee 0505,Consulting,34,0.3,3,17,9619722,-0.1635,0.206,9,0.3,0,3.9,8,1,0.3894,1
506,Synthetic Employee 0506,Marketing,31,1.8,21,16,11413386,0.0376,0.268,14,0.8,1,3.5,33,0,0.2227,0
507,Synthetic Employee 0507,Engineering,25,5.2,62,1,20824393,0.3883,0.301,7,1.0,0,4.1,74,0,0.1359,0
508,Synthetic Employee 0508,Engineering,40,3.4,40,20,13665695,-0.089,0.377,5,1.8,3,3.0,52,0,0.31,0
509,Synthetic Employee 0509,Marketing,42,5.8,69,10,12599238,0.1454,0.359,8,3.3,1,2.3,81,0,0.5622,0
510,Synthetic Employee 0510,Consulting,26,1.5,18,22,9987629,-0.1315,0.177,6,0.5,1,3.2,30,0,0.2994,0
511,Synthetic Employee 0511,Sales,30,0.5,6,6,15324944,0.2771,0.215,14,0.2,1,2.6,18,0,0.1192,0
512,Synthetic Employee 0512,Operations,34,3.4,40,12,10054113,0.0583,0.169,8,1.0,0,3.2,52,0,0.1419,0
513,Synthetic Employee 0513,Marketing,45,7.5,90,26,13743713,0.2494,0.108,12,7.3,1,5.0,102,0,0.1091,0
514,Synthetic Employee 0514,Sales,38,1.6,19,6,8248969,-0.3126,0.273,10,1.2,0,3.8,31,0,0.4256,0
515,Synthetic Employee 0515,Operations,21,2.5,30,16,12555941,0.3217,0.127,7,0.5,0,3.6,42,0,0.0497,0
516,Synthetic Employee 0516,Human Resources,41,10.7,128,16,12016053,0.2016,0.123,5,5.8,1,4.0,140,0,0.1091,0
517,Synthetic Employee 0517,Finance,31,4.3,51,27,13573870,-0.0304,0.153,6,2.4,1,3.6,63,0,0.1419,0
518,Synthetic Employee 0518,Operations,49,4.0,48,22,13006116,0.3691,0.216,7,1.1,1,3.2,60,0,0.0832,0
519,Synthetic Employee 0519,Human Resources,24,2.8,33,9,9325634,-0.0674,0.16,12,2.5,0,2.3,45,0,0.2405,0
520,Synthetic Employee 0520,Finance,21,0.7,8,9,15870211,0.1336,0.39,13,0.3,0,4.1,15,1,0.2994,1
521,Synthetic Employee 0521,Engineering,37,4.2,50,14,13940759,-0.0706,0.245,4,0.4,1,3.3,62,0,0.1419,0
522,Synthetic Employee 0522,Engineering,43,0.9,10,10,16503788,0.1003,0.062,10,0.8,1,3.8,22,0,0.1246,0
523,Synthetic Employee 0523,Engineering,41,0.6,7,15,18869640,0.258,0.252,11,0.5,0,3.6,19,0,0.19,0
524,Synthetic Employee 0524,Operations,31,1.5,18,18,7563962,-0.2038,0.344,8,1.4,0,3.3,30,0,0.4256,0
525,Synthetic Employee 0525,Sales,35,0.4,4,11,11371976,-0.0523,0.065,8,0.4,2,2.5,10,1,0.1824,1
526,Synthetic Employee 0526,Finance,32,8.0,96,4,15697660,0.1213,0.186,13,7.7,0,5.0,108,0,0.2789,0
527,Synthetic Employee 0527,Engineering,40,0.9,10,34,16204114,0.0803,0.537,10,0.8,0,2.6,20,1,0.2994,1
528,Synthetic Employee 0528,Consulting,38,3.2,38,22,13770085,0.1974,0.539,9,2.1,1,3.4,50,0,0.1359,0
529,Synthetic Employee 0529,Marketing,37,1.6,19,25,12659881,0.1509,0.495,6,1.4,0,2.8,31,0,0.1359,0
530,Synthetic Employee 0530,Finance,38,1.3,15,22,14100303,0.0072,0.369,11,0.2,0,3.8,27,0,0.2994,0
531,Synthetic Employee 0531,Finance,36,0.4,4,5,15816049,0.1297,0.192,9,0.4,0,3.3,16,0,0.1978,0
532,Synthetic Employee 0532,Sales,38,3.9,46,5,16367092,0.3639,0.247,5,0.9,0,3.4,58,0,0.0832,0
533,Synthetic Employee 0533,Human Resources,27,2.1,25,4,11125579,0.1126,0.095,14,1.3,0,2.8,35,1,0.0871,1
534,Synthetic Employee 0534,Sales,43,1.3,15,8,12573917,0.0478,0.175,14,0.4,0,4.8,27,0,0.1978,0
535,Synthetic Employee 0535,Engineering,25,1.7,20,10,15746346,0.0498,0.221,10,1.1,0,2.7,32,0,0.1419,0
536,Synthetic Employee 0536,Marketing,40,0.9,10,13,9715178,-0.1168,0.221,8,0.8,0,2.5,22,0,0.1978,0
537,Synthetic Employee 0537,Marketing,29,0.4,4,4,11351755,0.032,0.167,1,0.3,0,4.0,6,1,0.1978,1
538,Synthetic Employee 0538,Consulting,37,3.4,40,6,12634665,0.0987,0.237,11,0.3,0,3.1,52,0,0.1419,0
539,Synthetic Employee 0539,Consulting,46,1.0,12,13,11206881,-0.0255,0.227,5,0.6,1,4.8,24,0,0.1978,0
540,Synthetic Employee 0540,Engineering,37,7.0,84,19,21071446,0.4048,0.34,12,0.5,0,3.0,96,0,0.1359,0
541,Synthetic Employee 0541,Marketing,44,4.3,51,21,13748402,0.2499,0.106,5,1.0,1,4.6,63,0,0.0497,0
542,Synthetic Employee 0542,Sales,46,3.3,39,21,12685987,0.0572,0.063,12,0.9,0,3.9,51,0,0.0871,0
543,Synthetic Employee 0543,Operations,26,13.5,162,8,12219514,0.2863,0.179,11,1.7,0,2.4,174,0,0.148,0
544,Synthetic Employee 0544,Sales,51,1.6,19,18,16950044,0.4125,0.311,12,0.6,1,3.4,31,0,0.1359,0
545,Synthetic Employee 0545,Operations,48,0.8,9,2,11319762,0.1916,0.199,8,0.4,1,4.0,21,0,0.1192,0
546,Synthetic Employee 0546,Engineering,39,2.5,30,16,14602725,-0.0265,0.379,8,0.3,0,3.9,42,0,0.2227,0
547,Synthetic Employee 0547,Marketing,37,2.5,30,5,9867807,-0.1029,0.494,6,2.3,0,2.5,41,1,0.2227,1
548,Synthetic Employee 0548,Consulting,38,10.3,123,17,18007823,0.5659,0.397,10,3.6,0,4.2,135,0,0.2689,0
549,Synthetic Employee 0549,Finance,37,1.0,12,15,17629462,0.2592,0.031,5,1.0,0,3.0,24,0,0.0724,0
550,Synthetic Employee 0550,Consulting,31,5.3,63,6,16330780,0.4201,0.552,5,3.7,0,2.3,75,0,0.4134,0
551,Synthetic Employee 0551,Human Resources,29,5.8,69,14,16571664,0.6572,0.188,9,1.1,0,3.3,81,0,0.0832,0
552,Synthetic Employee 0552,Finance,36,6.0,72,19,17378341,0.2413,0.258,11,3.4,0,3.3,84,0,0.2689,0
553,Synthetic Employee 0553,Operations,42,1.4,16,4,9679054,0.0188,0.251,9,0.8,1,3.8,28,0,0.2994,0
554,Synthetic Employee 0554,Sales,30,0.8,9,10,12813458,0.0678,0.245,7,0.8,0,4.4,21,0,0.1978,0
555,Synthetic Employee 0555,Sales,37,2.5,30,13,13502269,0.1252,0.213,3,0.7,0,3.9,42,0,0.1419,0
556,Synthetic Employee 0556,Consulting,34,2.3,27,25,8369786,-0.2722,0.197,5,1.4,2,2.8,39,0,0.4013,0
557,Synthetic Employee 0557,Sales,32,5.2,62,11,12577603,0.0481,0.265,8,0.9,1,4.1,74,0,0.2227,0
558,Synthetic Employee 0558,Consulting,39,2.3,27,28,14584438,0.2682,0.526,7,1.4,0,3.3,39,0,0.1359,0
559,Synthetic Employee 0559,Consulting,38,0.9,10,18,9234280,-0.197,0.368,5,0.9,0,4.0,14,1,0.525,1
560,Synthetic Employee 0560,Sales,33,10.8,129,14,17959336,0.4966,0.128,7,7.6,0,3.1,141,0,0.1091,0
561,Synthetic Employee 0561,Human Resources,33,4.7,56,12,15420674,0.5421,0.334,7,3.7,0,3.3,68,0,0.2689,0
562,Synthetic Employee 0562,Engineering,28,1.0,12,9,16956345,0.1304,0.136,10,0.5,3,4.2,24,0,0.1824,0
563,Synthetic Employee 0563,Sales,43,0.3,3,6,10531623,-0.1224,0.401,4,0.3,1,2.8,15,0,0.525,0
564,Synthetic Employee 0564,Operations,35,5.4,64,15,9315034,-0.0195,0.262,8,1.4,1,3.5,76,0,0.2227,0
565,Synthetic Employee 0565,Marketing,33,1.1,13,19,9040453,-0.1781,0.2,7,0.5,0,2.8,25,0,0.3894,0
566,Synthetic Employee 0566,Consulting,31,1.1,13,12,8776357,-0.2368,0.221,5,0.6,0,3.7,25,0,0.3894,0
567,Synthetic Employee 0567,Human Resources,29,1.9,22,16,11039928,0.104,0.463,7,0.4,0,3.9,32,1,0.2227,1
568,Synthetic Employee 0568,Consulting,32,2.8,33,3,11279124,-0.0192,0.346,10,1.1,1,3.4,45,0,0.2227,0
569,Synthetic Employee 0569,Operations,41,4.0,48,10,10412401,0.096,0.413,10,3.4,0,3.9,58,1,0.4013,1
570,Synthetic Employee 0570,Consulting,34,1.0,12,21,12392757,0.0776,0.27,5,0.3,0,2.2,24,0,0.4502,0
571,Synthetic Employee 0571,Operations,45,0.3,3,13,9951727,0.0476,0.3,6,0.2,0,3.1,15,0,0.2994,0
572,Synthetic Employee 0572,Consulting,37,4.0,48,5,11702550,0.0176,0.248,10,1.0,0,3.1,60,0,0.1419,0
573,Synthetic Employee 0573,Sales,41,12.2,146,8,16397847,0.3665,0.313,9,6.4,2,4.4,158,0,0.3659,0
574,Synthetic Employee 0574,Marketing,21,15.2,182,20,14048814,0.2772,0.294,5,1.0,0,3.4,194,0,0.1359,0
575,Synthetic Employee 0575,Sales,36,3.2,38,7,15859788,0.3216,0.094,5,2.9,0,2.6,50,0,0.0497,0
576,Synthetic Employee 0576,Consulting,49,3.4,40,17,12347264,0.0737,0.117,13,2.2,0,3.2,52,0,0.0871,0
577,Synthetic Employee 0577,Operations,29,0.8,9,8,8977925,-0.055,0.085,17,0.7,0,3.7,21,0,0.1246,0
578,Synthetic Employee 0578,Engineering,45,3.0,36,6,13805244,-0.0797,0.245,7,1.4,0,4.7,48,0,0.1419,0
579,Synthetic Employee 0579,Human Resources,33,1.4,16,14,9958435,-0.0042,0.497,9,1.1,1,3.6,28,0,0.2994,0
580,Synthetic Employee 0580,Consulting,43,0.3,3,10,11988440,0.0425,0.041,9,0.2,0,3.9,15,0,0.1246,0
581,Synthetic Employee 0581,Engineering,32,3.1,37,4,10752686,-0.2832,0.501,8,2.8,1,3.7,49,0,0.4256,0
582,Synthetic Employee 0582,Consulting,40,2.3,27,10,14634432,0.2726,0.16,3,0.4,0,1.5,39,0,0.148,0
583,Synthetic Employee 0583,Human Resources,37,10.0,120,11,14281287,0.4281,0.212,8,6.9,0,3.1,132,0,0.1751,0
584,Synthetic Employee 0584,Sales,37,0.6,7,12,14763895,0.2303,0.158,8,0.3,0,3.9,19,0,0.1192,0
585,Synthetic Employee 0585,Sales,38,8.5,102,26,19495406,0.6246,0.429,5,6.3,1,3.5,114,0,0.2689,0
586,Synthetic Employee 0586,Consulting,36,4.6,55,11,12413676,0.0795,0.131,9,0.4,2,3.2,57,1,0.1301,1
587,Synthetic Employee 0587,Human Resources,36,3.3,39,11,11088817,0.1089,0.429,8,1.2,0,3.1,50,1,0.2227,1
588,Synthetic Employee 0588,Marketing,33,0.8,9,6,11166586,0.0151,0.137,22,0.2,2,3.2,21,0,0.1824,0
589,Synthetic Employee 0589,Marketing,29,6.7,80,9,15479255,0.4072,0.359,4,3.0,0,5.0,92,0,0.2689,0
590,Synthetic Employee 0590,Consulting,31,0.3,3,13,11145864,-0.0308,0.353,13,0.3,0,4.3,15,0,0.2994,0
591,Synthetic Employee 0591,Consulting,47,2.2,26,7,10053576,-0.1258,0.085,12,1.7,1,3.2,38,0,0.1978,0
592,Synthetic Employee 0592,Consulting,29,0.3,3,19,9264312,-0.1944,0.182,9,0.3,0,3.7,15,0,0.3894,0
593,Synthetic Employee 0593,Sales,34,0.3,3,8,10918586,-0.0901,0.142,10,0.2,2,3.9,15,0,0.1824,0
594,Synthetic Employee 0594,Sales,37,10.3,123,18,16754478,0.3962,0.182,14,4.0,1,2.5,130,1,0.1751,1
595,Synthetic Employee 0595,Engineering,40,1.5,18,10,12873152,-0.1418,0.475,11,0.3,1,2.7,24,1,0.4256,1
596,Synthetic Employee 0596,Operations,34,0.6,7,25,10164896,0.07,0.189,6,0.4,0,3.5,19,0,0.1978,0
597,Synthetic Employee 0597,Sales,38,0.4,4,5,10698721,-0.1084,0.213,17,0.3,2,4.3,16,0,0.2789,0
598,Synthetic Employee 0598,Human Resources,21,1.2,14,7,11107073,0.1107,0.119,14,0.4,0,4.4,26,0,0.1246,0
599,Synthetic Employee 0599,Marketing,27,6.9,82,24,17032821,0.5484,0.098,9,0.4,0,3.0,94,0,0.0497,0
600,Synthetic Employee 0600,Marketing,48,2.8,33,14,11839069,0.0763,0.455,8,1.9,3,3.4,45,0,0.31,0
601,Synthetic Employee 0601,Consulting,33,9.3,111,53,17420061,0.5148,0.159,8,2.2,2,3.6,123,0,0.19,0
602,Synthetic Employee 0602,Engineering,45,10.1,121,16,28570826,0.9047,0.131,8,1.7,0,1.7,133,0,0.0911,0
603,Synthetic Employee 0603,Consulting,48,2.8,33,28,14471200,0.2584,0.334,12,0.2,0,2.4,45,0,0.2315,0
604,Synthetic Employee 0604,Marketing,53,5.1,61,7,13697071,0.2452,0.037,10,2.9,0,3.8,73,0,0.0497,0
605,Synthetic Employee 0605,Marketing,44,1.1,13,15,4604066,-0.5814,0.036,3,0.5,0,2.7,25,0,0.2689,0
606,Synthetic Employee 0606,Operations,33,4.5,54,24,12350401,0.3,0.392,8,3.6,1,2.2,66,0,0.4134,0
607,Synthetic Employee 0607,Finance,49,5.0,60,7,18857808,0.347,0.154,8,0.8,0,3.1,72,0,0.0832,0
608,Synthetic Employee 0608,Human Resources,24,5.1,61,17,14962733,0.4963,0.215,11,4.1,0,3.4,62,1,0.1751,1
609,Synthetic Employee 0609,Operations,29,2.1,25,12,10204649,0.0742,0.403,5,1.3,0,3.6,37,0,0.2227,0
610,Synthetic Employee 0610,Consulting,32,5.1,61,30,14350326,0.2479,0.177,8,4.8,1,3.1,73,0,0.1751,0
611,Synthetic Employee 0611,Finance,44,2.5,30,10,14948064,0.0677,0.264,13,1.1,1,2.1,42,0,0.3543,0
612,Synthetic Employee 0612,Marketing,29,3.5,42,12,12802057,0.1638,0.258,15,2.3,0,3.5,54,0,0.1359,0
613,Synthetic Employee 0613,Engineering,33,2.6,31,16,21024436,0.4016,0.198,10,1.9,0,3.2,43,0,0.0832,0
614,Synthetic Employee 0614,Engineering,37,1.4,16,11,21450417,0.43,0.271,8,1.0,1,2.6,28,0,0.19,0
615,Synthetic Employee 0615,Marketing,38,1.7,20,23,11817180,0.0743,0.455,4,0.6,0,2.7,32,0,0.2227,0
616,Synthetic Employee 0616,Sales,38,10.3,123,17,13695497,0.1413,0.178,6,1.0,1,3.6,135,0,0.1419,0
617,Synthetic Employee 0617,Finance,27,1.0,12,8,19594464,0.3996,0.083,4,0.6,2,4.6,24,0,0.1091,0
618,Synthetic Employee 0618,Marketing,21,5.5,66,16,14273279,0.2976,0.346,6,1.6,1,4.2,78,0,0.1359,0
619,Synthetic Employee 0619,Engineering,35,1.2,14,6,13468968,-0.1021,0.102,10,0.6,0,4.0,26,0,0.1246,0
620,Synthetic Employee 0620,Engineering,21,0.7,8,12,16348740,0.0899,0.115,6,0.6,0,4.1,16,1,0.1246,1
621,Synthetic Employee 0621,Finance,39,0.9,10,1,12315592,-0.1203,0.083,10,0.3,2,3.1,22,0,0.3659,0
622,Synthetic Employee 0622,Human Resources,57,7.5,90,30,12256805,0.2257,0.045,9,7.5,0,3.1,102,0,0.1091,0
623,Synthetic Employee 0623,Marketing,40,1.1,13,9,8940894,-0.1872,0.189,11,0.3,0,3.5,25,0,0.3894,0
624,Synthetic Employee 0624,Operations,47,1.8,21,8,13119923,0.381,0.054,16,0.8,1,1.8,28,1,0.0911,1
625,Synthetic Employee 0625,Consulting,28,0.3,3,17,13071363,0.1366,0.099,11,0.3,0,4.0,15,0,0.1246,0
626,Synthetic Employee 0626,Marketing,29,4.7,56,12,15011803,0.3647,0.452,9,4.2,0,3.6,57,1,0.2689,1
627,Synthetic Employee 0627,Human Resources,34,0.3,3,23,10886973,0.0887,0.118,10,0.2,0,3.4,15,0,0.1246,0
628,Synthetic Employee 0628,Finance,38,1.3,15,10,14497484,0.0355,0.313,9,1.0,0,4.4,27,0,0.2994,0
629,Synthetic Employee 0629,Finance,45,5.3,63,6,16143413,0.1531,0.008,12,4.3,0,2.6,75,0,0.1091,0
630,Synthetic Employee 0630,Engineering,36,3.5,42,5,16195398,0.0797,0.082,8,0.8,1,2.8,54,0,0.0871,0
631,Synthetic Employee 0631,Human Resources,43,3.9,46,9,14325695,0.4326,0.386,12,1.5,1,3.5,58,0,0.1359,0
632,Synthetic Employee 0632,Finance,37,2.0,24,5,14338060,0.0241,0.382,12,0.3,0,3.5,36,0,0.2227,0
633,Synthetic Employee 0633,Sales,37,0.5,6,24,12742046,0.0618,0.43,9,0.4,1,2.9,18,0,0.2994,0
634,Synthetic Employee 0634,Marketing,25,0.3,3,19,7674913,-0.3023,0.226,12,0.2,2,3.0,15,0,0.5,0
635,Synthetic Employee 0635,Engineering,34,0.7,8,15,20563783,0.3709,0.274,5,0.5,1,3.1,20,0,0.19,0
636,Synthetic Employee 0636,Operations,29,1.3,15,15,10826739,0.1397,0.29,12,0.8,1,3.3,27,0,0.2994,0
637,Synthetic Employee 0637,Human Resources,21,7.0,84,3,12573747,0.2574,0.354,7,0.9,1,3.6,96,0,0.1359,0
638,Synthetic Employee 0638,Engineering,21,8.7,104,5,22506345,0.5004,0.226,8,3.2,1,2.9,116,0,0.1751,0
639,Synthetic Employee 0639,Finance,31,3.7,44,13,20355240,0.4539,0.409,4,2.9,1,4.1,56,0,0.1359,0
640,Synthetic Employee 0640,Consulting,38,0.7,8,11,10259086,-0.1079,0.157,6,0.4,0,3.4,15,1,0.1978,1
641,Synthetic Employee 0641,Finance,29,10.9,130,13,18051906,0.2894,0.462,6,6.1,1,3.3,142,0,0.2689,0
642,Synthetic Employee 0642,Operations,37,1.7,20,1,8958932,-0.057,0.251,6,0.9,1,2.9,32,0,0.2227,0
643,Synthetic Employee 0643,Operations,42,6.9,82,11,11326425,0.1923,0.203,6,2.7,0,3.0,94,0,0.0832,0
644,Synthetic Employee 0644,Operations,41,3.9,46,14,9162232,-0.0356,0.42,9,3.5,0,4.8,52,1,0.4013,1
645,Synthetic Employee 0645,Operations,40,2.3,27,3,9781594,0.0296,0.111,9,0.8,0,3.9,39,0,0.0871,0
646,Synthetic Employee 0646,Operations,33,5.0,60,11,9659608,0.0168,0.152,10,2.3,0,3.5,72,0,0.1419,0
647,Synthetic Employee 0647,Sales,29,7.2,86,6,15875185,0.3229,0.166,7,4.8,0,3.6,98,0,0.1751,0
648,Synthetic Employee 0648,Marketing,21,0.8,9,13,12562876,0.1421,0.08,8,0.4,0,3.4,21,0,0.1246,0
649,Synthetic Employee 0649,Human Resources,30,0.5,6,8,9641825,-0.0358,0.186,9,0.5,0,3.5,18,0,0.1978,0
650,Synthetic Employee 0650,Engineering,26,0.3,3,4,14187543,-0.0542,0.257,8,0.3,2,2.9,7,1,0.4013,1
651,Synthetic Employee 0651,Operations,28,6.3,75,9,17901948,0.8844,0.051,8,5.9,0,3.6,87,0,0.1091,0
652,Synthetic Employee 0652,Marketing,35,6.8,81,23,15397998,0.3998,0.099,10,4.0,1,4.0,93,0,0.1091,0
653,Synthetic Employee 0653,Finance,34,0.3,3,4,13113861,-0.0633,0.193,14,0.3,0,2.4,15,0,0.3208,0
654,Synthetic Employee 0654,Marketing,21,6.3,75,20,12126834,0.1024,0.121,12,2.4,0,2.4,79,1,0.1545,1
655,Synthetic Employee 0655,Operations,37,0.3,3,10,10401952,0.0949,0.21,12,0.3,0,1.7,15,0,0.3208,0
656,Synthetic Employee 0656,Consulting,34,7.3,87,10,15594113,0.356,0.389,10,6.1,1,3.0,99,0,0.2689,0
657,Synthetic Employee 0657,Engineering,24,2.9,34,10,19315355,0.2877,0.466,7,0.7,2,3.4,43,1,0.1978,1
658,Synthetic Employee 0658,Operations,40,4.5,54,20,10865115,0.1437,0.32,7,1.9,0,3.3,66,0,0.2227,0
659,Synthetic Employee 0659,Marketing,46,2.2,26,9,12371938,0.1247,0.031,11,2.1,1,3.4,38,0,0.0871,0
660,Synthetic Employee 0660,Finance,37,0.3,3,25,15655764,0.1183,0.104,8,0.2,1,3.7,15,0,0.1246,0
661,Synthetic Employee 0661,Marketing,30,6.2,74,10,16198350,0.4726,0.148,6,4.5,0,4.6,86,0,0.1091,0
662,Synthetic Employee 0662,Operations,33,3.5,42,6,9881424,0.0401,0.051,5,3.5,1,3.1,54,0,0.1824,0
663,Synthetic Employee 0663,Human Resources,50,9.8,117,5,15314804,0.5315,0.197,10,6.4,1,2.5,129,0,0.1751,0
664,Synthetic Employee 0664,Marketing,34,18.7,224,10,16212361,0.4739,0.137,11,2.5,0,2.6,236,0,0.0497,0
665,Synthetic Employee 0665,Human Resources,21,9.3,111,12,11007431,0.1007,0.086,8,1.7,1,3.5,123,0,0.0871,0
666,Synthetic Employee 0666,Operations,36,13.4,160,5,10870569,0.1443,0.27,5,6.1,0,3.4,172,0,0.4013,0
667,Synthetic Employee 0667,Marketing,40,0.3,3,3,12933980,0.1758,0.109,5,0.3,1,2.3,6,1,0.1301,1
668,Synthetic Employee 0668,Finance,21,0.6,7,3,15859666,0.1328,0.541,6,0.4,0,3.6,19,0,0.2994,0
669,Synthetic Employee 0669,Sales,36,6.0,72,17,17750186,0.4792,0.268,14,3.2,1,3.0,84,0,0.2689,0
670,Synthetic Employee 0670,Sales,25,3.5,42,36,15846546,0.3205,0.224,11,1.5,1,2.5,54,0,0.1301,0
671,Synthetic Employee 0671,Human Resources,45,1.1,13,19,11376231,0.1376,0.122,8,0.5,0,2.9,25,0,0.1246,0
672,Synthetic Employee 0672,Operations,46,0.3,3,9,12005099,0.2637,0.076,4,0.2,0,3.4,15,0,0.0724,0
673,Synthetic Employee 0673,Human Resources,41,1.4,16,10,8500730,-0.1499,0.354,11,0.4,1,2.2,28,0,0.6792,0
674,Synthetic Employee 0674,Operations,54,3.8,45,31,9878319,0.0398,0.213,8,2.9,0,4.3,57,0,0.1419,0
675,Synthetic Employee 0675,Operations,38,0.3,3,12,7982876,-0.1597,0.189,3,0.3,1,3.7,15,0,0.3894,0
676,Synthetic Employee 0676,Sales,56,20.0,240,17,14636437,0.2197,0.187,11,0.5,0,3.6,252,0,0.0832,0
677,Synthetic Employee 0677,Finance,40,2.2,26,23,18989386,0.3564,0.264,10,1.3,0,2.9,38,0,0.1359,0
678,Synthetic Employee 0678,Finance,33,11.4,136,11,19284830,0.3775,0.195,8,6.6,0,3.0,148,0,0.1751,0
679,Synthetic Employee 0679,Marketing,40,1.3,15,22,9803449,-0.1088,0.132,6,0.4,0,3.0,27,0,0.1246,0
680,Synthetic Employee 0680,Human Resources,39,3.9,46,8,10893937,0.0894,0.22,10,0.5,2,2.8,58,0,0.2059,0
681,Synthetic Employee 0681,Finance,29,3.3,39,8,23901592,0.7073,0.431,7,2.0,1,3.5,51,0,0.1359,0
682,Synthetic Employee 0682,Consulting,38,5.1,61,12,9466053,-0.1769,0.167,7,4.1,0,3.0,69,1,0.5,1
683,Synthetic Employee 0683,Engineering,36,7.4,88,12,22721356,0.5148,0.161,10,3.6,1,2.7,100,0,0.1751,0
684,Synthetic Employee 0684,Marketing,52,2.8,33,8,12405362,0.1278,0.369,15,0.4,0,5.0,45,0,0.2227,0
685,Synthetic Employee 0685,Marketing,34,3.6,43,9,12980167,0.18,0.067,12,2.5,1,3.2,55,0,0.0497,0
686,Synthetic Employee 0686,Sales,42,0.3,3,9,11808533,-0.016,0.13,4,0.2,0,3.1,15,0,0.1246,0
687,Synthetic Employee 0687,Human Resources,36,6.9,82,8,13941633,0.3942,0.192,13,6.9,1,3.1,94,0,0.1751,0
688,Synthetic Employee 0688,Consulting,21,1.2,14,2,9961975,-0.1337,0.109,7,0.4,0,4.4,26,0,0.2689,0
689,Synthetic Employee 0689,Finance,36,3.4,40,25,14002466,0.0002,0.147,9,2.4,3,3.4,52,0,0.1301,0
690,Synthetic Employee 0690,Finance,39,0.8,9,14,7676385,-0.4517,0.206,9,0.2,0,3.7,21,0,0.3894,0
691,Synthetic Employee 0691,Operations,28,7.9,94,7,12160266,0.28,0.019,16,3.8,0,3.3,106,0,0.1091,0
692,Synthetic Employee 0692,Marketing,39,0.7,8,14,12000088,0.0909,0.132,8,0.4,0,3.8,13,1,0.1246,1
693,Synthetic Employee 0693,Human Resources,39,4.1,49,3,12351690,0.2352,0.194,12,3.0,1,4.1,61,0,0.1751,0
694,Synthetic Employee 0694,Human Resources,33,0.3,3,3,11509169,0.1509,0.275,10,0.2,1,4.2,10,1,0.19,1
695,Synthetic Employee 0695,Human Resources,42,2.8,33,14,9729689,-0.027,0.242,7,2.3,0,3.0,45,0,0.1419,0
696,Synthetic Employee 0696,Operations,32,3.1,37,21,12067682,0.2703,0.05,11,2.2,3,2.7,49,0,0.0759,0
697,Synthetic Employee 0697,Sales,28,1.5,18,19,13383522,0.1153,0.316,13,0.5,0,3.2,27,1,0.2227,1
698,Synthetic Employee 0698,Finance,58,0.6,7,9,17317729,0.237,0.145,17,0.6,1,2.5,19,0,0.0724,0
699,Synthetic Employee 0699,Human Resources,44,3.6,43,9,12414693,0.2415,0.031,7,0.8,0,3.5,55,0,0.0497,0
700,Synthetic Employee 0700,Consulting,21,5.5,66,8,14463117,0.2577,0.344,3,1.2,1,2.9,78,0,0.1359,0
701,Synthetic Employee 0701,Consulting,26,2.0,24,11,10682898,-0.0711,0.136,10,1.5,0,3.7,36,0,0.0871,0
702,Synthetic Employee 0702,Operations,38,1.7,20,22,11542203,0.215,0.149,11,1.0,0,3.6,32,0,0.0497,0
703,Synthetic Employee 0703,Sales,57,0.3,3,13,12866243,0.0722,0.065,10,0.3,0,2.1,15,0,0.2142,0
704,Synthetic Employee 0704,Operations,45,2.8,33,12,9777632,0.0292,0.083,12,2.5,0,3.6,45,0,0.0871,0
705,Synthetic Employee 0705,Engineering,37,3.5,42,14,21692368,0.4462,0.018,9,2.2,0,2.3,54,0,0.0911,0
706,Synthetic Employee 0706,Marketing,37,1.2,14,26,13309833,0.21,0.082,10,0.5,0,4.2,26,0,0.0724,0
707,Synthetic Employee 0707,Finance,41,3.9,46,8,16522355,0.1802,0.333,6,3.8,0,3.8,58,0,0.2689,0
708,Synthetic Employee 0708,Operations,29,2.6,31,19,11614078,0.2225,0.465,15,1.4,0,3.9,43,0,0.1359,0
709,Synthetic Employee 0709,Operations,29,0.7,8,5,6071505,-0.3609,0.258,5,0.7,0,3.5,20,0,0.525,0
710,Synthetic Employee 0710,Finance,21,3.5,42,9,16358786,0.1685,0.355,8,3.3,0,3.2,47,1,0.2689,1
711,Synthetic Employee 0711,Marketing,32,3.7,44,9,17569276,0.5972,0.085,7,2.3,2,3.0,56,0,0.0759,0
712,Synthetic Employee 0712,Engineering,32,2.8,33,3,9396680,-0.3736,0.41,9,1.2,0,3.4,45,0,0.4256,0
713,Synthetic Employee 0713,Consulting,39,5.1,61,14,14053921,0.2221,0.497,15,2.7,1,4.6,73,0,0.1359,0
714,Synthetic Employee 0714,Consulting,35,4.8,57,14,16580545,0.4418,0.303,10,3.6,1,3.3,69,0,0.2689,0
715,Synthetic Employee 0715,Sales,37,5.8,69,14,15197156,0.2664,0.153,5,4.3,0,3.3,81,0,0.1751,0
716,Synthetic Employee 0716,Operations,42,1.7,20,34,11625159,0.2237,0.121,8,0.8,0,3.0,32,0,0.0497,0
717,Synthetic Employee 0717,Marketing,23,0.3,3,2,9942789,-0.0961,0.512,10,0.3,1,2.1,15,0,0.4502,0
718,Synthetic Employee 0718,Sales,54,2.3,27,8,16042695,0.3369,0.453,10,1.7,0,3.6,39,0,0.1359,0
719,Synthetic Employee 0719,Consulting,21,13.8,165,9,14362989,0.249,0.17,7,5.1,0,5.0,177,0,0.1751,0
720,Synthetic Employee 0720,Sales,42,0.5,6,21,13157165,0.0964,0.429,8,0.3,1,2.7,18,0,0.2994,0
721,Synthetic Employee 0721,Sales,41,2.9,34,16,10679844,-0.11,0.066,10,0.7,0,2.4,46,0,0.1545,0
722,Synthetic Employee 0722,Engineering,51,2.3,27,8,14545794,-0.0303,0.036,6,1.4,0,3.7,39,0,0.0871,0
723,Synthetic Employee 0723,Engineering,46,3.6,43,7,18637233,0.2425,0.069,8,3.5,1,2.2,55,0,0.19,0
724,Synthetic Employee 0724,Sales,33,3.2,38,14,12401496,0.0335,0.246,11,0.9,2,2.7,50,0,0.2059,0
725,Synthetic Employee 0725,Human Resources,41,1.3,15,6,10396410,0.0396,0.203,9,0.6,1,2.7,27,0,0.1978,0
726,Synthetic Employee 0726,Finance,21,1.0,12,6,17913919,0.2796,0.186,12,0.5,0,3.6,24,0,0.1192,0
727,Synthetic Employee 0727,Consulting,31,0.6,7,7,12063210,0.049,0.03,10,0.5,1,4.5,19,0,0.1246,0
728,Synthetic Employee 0728,Consulting,38,3.7,44,14,11945102,0.0387,0.546,9,0.3,1,3.6,56,0,0.2227,0
729,Synthetic Employee 0729,Engineering,34,1.8,21,11,17711762,0.1808,0.174,9,1.5,1,3.9,33,0,0.0832,0
730,Synthetic Employee 0730,Human Resources,40,8.0,96,12,16626300,0.6626,0.135,11,7.7,0,2.8,101,1,0.1091,1
731,Synthetic Employee 0731,Human Resources,41,6.1,73,2,9933113,-0.0067,0.034,10,4.6,0,3.1,85,0,0.1824,0
732,Synthetic Employee 0732,Operations,39,0.3,3,19,12274320,0.292,0.208,15,0.3,0,4.0,15,0,0.1192,0
733,Synthetic Employee 0733,Finance,32,2.5,30,11,17290583,0.235,0.223,13,2.1,1,3.7,42,0,0.0832,0
734,Synthetic Employee 0734,Sales,40,4.7,56,16,16278560,0.3565,0.41,17,3.2,0,1.9,68,0,0.4134,0
735,Synthetic Employee 0735,Operations,41,6.6,79,14,9593304,0.0098,0.227,5,0.7,0,3.5,80,1,0.1419,1
736,Synthetic Employee 0736,Operations,48,0.5,6,4,7911599,-0.1672,0.346,16,0.4,0,3.5,18,0,0.525,0
737,Synthetic Employee 0737,Human Resources,38,1.6,19,11,9116145,-0.0884,0.248,9,0.6,1,2.8,31,0,0.1419,0
738,Synthetic Employee 0738,Human Resources,42,5.8,69,18,13251035,0.3251,0.274,10,0.4,0,2.7,81,0,0.1359,0
739,Synthetic Employee 0739,Human Resources,30,9.3,111,17,11638851,0.1639,0.196,13,1.6,0,4.8,123,0,0.0832,0
740,Synthetic Employee 0740,Sales,26,3.6,43,24,14604685,0.2171,0.107,10,2.6,0,3.7,55,0,0.0497,0
741,Synthetic Employee 0741,Sales,32,3.4,40,7,15984749,0.3321,0.129,6,1.2,1,3.5,52,0,0.0497,0
742,Synthetic Employee 0742,Operations,21,0.3,3,7,11857109,0.2481,0.34,8,0.3,2,3.4,4,1,0.2689,1
743,Synthetic Employee 0743,Operations,45,3.1,37,12,7149630,-0.2474,0.106,11,1.0,0,4.1,49,0,0.1978,0
744,Synthetic Employee 0744,Engineering,23,10.4,124,11,18767040,0.2511,0.21,8,3.6,0,3.9,136,0,0.1751,0
745,Synthetic Employee 0745,Consulting,29,1.8,21,18,11133456,-0.0319,0.501,11,0.4,0,4.5,28,1,0.2227,1
746,Synthetic Employee 0746,Consulting,29,1.5,18,10,11954266,0.0395,0.241,12,1.2,0,4.1,27,1,0.1419,1
747,Synthetic Employee 0747,Consulting,29,11.9,142,17,13998078,0.2172,0.355,6,7.1,1,2.5,154,0,0.2689,0
748,Synthetic Employee 0748,Engineering,34,13.0,156,12,22142442,0.4762,0.12,8,6.2,1,2.7,168,0,0.1091,0
749,Synthetic Employee 0749,Consulting,54,2.1,25,20,10657249,-0.0733,0.315,7,1.1,0,3.6,37,0,0.2227,0
750,Synthetic Employee 0750,Human Resources,33,0.6,7,24,9487807,-0.0512,0.258,15,0.3,1,4.1,13,1,0.2994,1
751,Synthetic Employee 0751,Sales,34,4.0,48,22,14257883,0.1882,0.351,13,1.7,0,3.0,60,0,0.1359,0
752,Synthetic Employee 0752,Sales,34,2.3,27,12,13733112,0.1444,0.18,6,2.1,0,4.0,39,0,0.1419,0
753,Synthetic Employee 0753,Consulting,42,2.6,31,4,15094717,0.3126,0.362,10,2.0,1,4.9,43,0,0.1359,0
754,Synthetic Employee 0754,Operations,25,1.5,18,13,8917099,-0.0614,0.326,10,0.4,0,4.7,30,0,0.2227,0
755,Synthetic Employee 0755,Finance,41,9.9,118,20,17238516,0.2313,0.077,14,4.9,1,2.9,130,0,0.1091,0
756,Synthetic Employee 0756,Human Resources,40,5.0,60,12,13063689,0.3064,0.191,13,3.5,0,4.1,72,0,0.1751,0
757,Synthetic Employee 0757,Engineering,40,6.9,82,25,21145321,0.4097,0.248,16,5.0,1,3.8,84,1,0.1751,1
758,Synthetic Employee 0758,Finance,38,0.6,7,9,16051260,0.1465,0.028,9,0.4,0,4.8,19,0,0.1246,0
759,Synthetic Employee 0759,Sales,35,6.6,79,17,16089751,0.3408,0.18,14,6.0,0,3.3,91,0,0.1751,0
760,Synthetic Employee 0760,Consulting,40,0.3,3,8,10294713,-0.1048,0.223,8,0.2,1,2.9,15,0,0.1978,0
761,Synthetic Employee 0761,Engineering,47,5.3,63,16,21850765,0.4567,0.097,11,4.0,3,3.8,70,1,0.1611,1
762,Synthetic Employee 0762,Human Resources,41,7.9,94,15,16339174,0.6339,0.388,7,4.0,0,3.1,96,1,0.2689,1
763,Synthetic Employee 0763,Sales,33,11.7,140,11,19967330,0.6639,0.125,11,7.5,2,4.0,152,0,0.1611,0
764,Synthetic Employee 0764,Consulting,52,7.7,92,20,15636332,0.3597,0.238,8,5.8,0,2.6,104,0,0.1751,0
765,Synthetic Employee 0765,Human Resources,32,1.6,19,12,13723042,0.3723,0.07,11,0.9,0,4.0,31,0,0.0497,0
766,Synthetic Employee 0766,Operations,35,0.3,3,20,10440979,0.0991,0.323,11,0.2,0,2.3,15,0,0.4502,0
767,Synthetic Employee 0767,Finance,31,3.6,43,12,16265772,0.1618,0.271,9,2.6,0,2.9,55,0,0.1359,0
768,Synthetic Employee 0768,Finance,38,1.1,13,18,17735013,0.2668,0.163,5,0.7,0,4.1,25,0,0.1192,0
769,Synthetic Employee 0769,Finance,42,4.6,55,6,17762592,0.2688,0.314,8,4.2,0,3.6,67,0,0.2689,0
770,Synthetic Employee 0770,Marketing,30,6.2,74,4,14319838,0.3018,0.146,5,1.9,0,4.2,86,0,0.0497,0
771,Synthetic Employee 0771,Consulting,27,0.4,4,11,12988410,0.1294,0.341,5,0.3,0,3.8,16,0,0.2994,0
772,Synthetic Employee 0772,Human Resources,42,0.3,3,13,8506847,-0.1493,0.246,4,0.3,2,3.4,14,1,0.5,1
773,Synthetic Employee 0773,Finance,31,0.5,6,14,16697077,0.1926,0.333,4,0.3,0,3.4,18,0,0.19,0
774,Synthetic Employee 0774,Consulting,52,10.5,126,6,20906752,0.818,0.301,7,5.4,1,3.6,134,1,0.2689,1
775,Synthetic Employee 0775,Operations,21,2.3,27,22,10107015,0.0639,0.214,8,0.3,0,5.0,39,0,0.1419,0
776,Synthetic Employee 0776,Finance,38,10.1,121,24,22521180,0.6087,0.159,9,2.5,2,4.1,133,0,0.1246,0
777,Synthetic Employee 0777,Human Resources,36,4.8,57,20,10393881,0.0394,0.12,7,3.8,1,3.1,69,0,0.1824,0
778,Synthetic Employee 0778,Consulting,33,0.8,9,4,10642233,-0.0746,0.15,16,0.3,0,3.5,21,0,0.1246,0
779,Synthetic Employee 0779,Finance,48,11.6,139,10,22217197,0.5869,0.163,10,1.5,0,4.3,151,0,0.0832,0
780,Synthetic Employee 0780,Human Resources,40,1.7,20,7,11999753,0.2,0.014,11,1.4,0,2.1,32,0,0.0911,0
781,Synthetic Employee 0781,Sales,26,1.7,20,11,12394828,0.0329,0.207,7,0.8,0,3.5,25,1,0.1419,1
782,Synthetic Employee 0782,Operations,42,2.0,24,13,11074651,0.1658,0.283,18,0.5,2,4.2,36,0,0.1978,0
783,Synthetic Employee 0783,Consulting,38,0.9,10,6,9012763,-0.2163,0.297,4,0.4,0,3.6,22,0,0.525,0
784,Synthetic Employee 0784,Human Resources,45,4.4,52,12,12914661,0.2915,0.063,9,0.5,0,3.7,64,0,0.0497,0
785,Synthetic Employee 0785,Human Resources,38,8.6,103,8,13290781,0.3291,0.228,7,5.8,1,4.5,115,0,0.1751,0
786,Synthetic Employee 0786,Marketing,37,1.3,15,17,14538228,0.3217,0.175,13,1.0,0,4.6,27,0,0.1192,0
787,Synthetic Employee 0787,Consulting,40,1.2,14,9,10632527,-0.0754,0.546,11,0.7,0,2.0,26,0,0.4502,0
788,Synthetic Employee 0788,Sales,28,10.6,127,11,15708884,0.3091,0.441,10,2.3,0,2.7,139,0,0.1359,0
789,Synthetic Employee 0789,Consulting,53,3.2,38,11,12912913,0.1229,0.194,10,1.2,0,3.1,46,1,0.1419,1
790,Synthetic Employee 0790,Operations,43,20.0,240,7,11716451,0.2333,0.361,12,3.0,0,3.5,252,0,0.2689,0
791,Synthetic Employee 0791,Marketing,37,4.8,57,15,15853068,0.4412,0.307,12,2.6,0,3.6,69,0,0.1359,0
792,Synthetic Employee 0792,Consulting,28,9.9,118,8,13070324,0.1365,0.403,9,1.3,0,4.4,130,0,0.2227,0
793,Synthetic Employee 0793,Consulting,33,4.9,58,20,12899626,0.1217,0.136,8,3.7,1,3.5,70,0,0.1824,0
794,Synthetic Employee 0794,Finance,43,5.3,63,10,16554929,0.1825,0.39,11,0.5,0,3.4,75,0,0.1359,0
795,Synthetic Employee 0795,Human Resources,34,0.7,8,4,11595854,0.1596,0.249,8,0.7,0,4.5,20,0,0.1192,0
796,Synthetic Employee 0796,Operations,21,0.5,6,4,8959792,-0.0569,0.169,9,0.4,0,3.7,7,1,0.1978,1
797,Synthetic Employee 0797,Sales,35,1.8,21,30,15672452,0.306,0.222,10,1.2,2,3.4,33,0,0.1246,0
798,Synthetic Employee 0798,Marketing,28,2.0,24,10,14095295,0.2814,0.495,11,1.2,0,3.3,29,1,0.1359,1
799,Synthetic Employee 0799,Human Resources,27,0.4,4,3,10686620,0.0687,0.065,10,0.3,0,2.1,16,0,0.2142,0
800,Synthetic Employee 0800,Engineering,25,2.3,27,15,18298859,0.2199,0.261,12,1.0,0,2.9,39,0,0.1359,0
801,Synthetic Employee 0801,Operations,46,9.9,118,14,17794663,0.8731,0.029,6,7.2,1,3.4,130,0,0.1091,0
802,Synthetic Employee 0802,Marketing,27,0.3,3,24,11911660,0.0829,0.304,6,0.3,0,3.2,15,0,0.2994,0
803,Synthetic Employee 0803,Sales,40,1.4,16,23,11679194,-0.0267,0.319,11,0.7,0,4.4,28,0,0.2994,0
804,Synthetic Employee 0804,Marketing,39,4.6,55,7,9928201,-0.0974,0.296,11,3.1,1,3.1,60,1,0.4013,1
805,Synthetic Employee 0805,Marketing,38,1.1,13,11,11147872,0.0134,0.136,9,0.8,0,3.6,25,0,0.1246,0
806,Synthetic Employee 0806,Marketing,31,3.8,45,11,14026602,0.2751,0.058,8,3.3,2,2.5,57,0,0.1611,0
807,Synthetic Employee 0807,Finance,24,5.0,60,13,15348352,0.0963,0.298,9,3.0,3,3.2,72,0,0.5125,0
808,Synthetic Employee 0808,Engineering,46,1.2,14,12,12641635,-0.1572,0.302,11,0.9,0,4.4,23,1,0.525,1
809,Synthetic Employee 0809,Sales,43,3.0,36,15,14730910,0.2276,0.282,11,2.7,2,3.3,48,0,0.1978,0
810,Synthetic Employee 0810,Sales,34,0.7,8,7,13538544,0.1282,0.097,5,0.4,0,3.6,20,0,0.1246,0
811,Synthetic Employee 0811,Sales,39,3.5,42,7,11338069,-0.0552,0.506,3,2.8,0,2.9,51,1,0.2227,1
812,Synthetic Employee 0812,Human Resources,48,3.3,39,15,11021636,0.1022,0.384,6,2.6,0,4.5,51,0,0.2227,0
813,Synthetic Employee 0813,Operations,31,1.0,12,8,12942073,0.3623,0.268,10,0.5,1,4.6,24,0,0.19,0
814,Synthetic Employee 0814,Sales,29,1.0,12,4,12790573,0.0659,0.183,8,0.7,0,4.5,24,0,0.1978,0
815,Synthetic Employee 0815,Operations,40,2.3,27,22,10478784,0.103,0.235,10,0.8,1,4.4,39,0,0.1419,0
816,Synthetic Employee 0816,Sales,32,0.3,3,11,13194230,0.0995,0.179,8,0.2,1,3.7,15,0,0.1978,0
817,Synthetic Employee 0817,Engineering,34,3.6,43,5,19867340,0.3245,0.04,8,1.5,0,3.9,55,0,0.0497,0
818,Synthetic Employee 0818,Human Resources,41,13.6,163,14,12895279,0.2895,0.143,9,1.3,2,3.0,175,0,0.0759,0
819,Synthetic Employee 0819,Human Resources,41,3.5,42,23,10227733,0.0228,0.053,13,2.9,1,2.9,54,0,0.0871,0
820,Synthetic Employee 0820,Marketing,27,6.0,72,6,15106099,0.3733,0.568,13,5.6,0,3.5,79,1,0.2689,1
821,Synthetic Employee 0821,Finance,31,1.5,18,2,15784313,0.1275,0.101,8,0.5,0,3.7,30,0,0.0871,0
822,Synthetic Employee 0822,Human Resources,41,2.8,33,11,12372649,0.2373,0.153,8,2.4,0,2.8,45,0,0.0832,0
823,Synthetic Employee 0823,Human Resources,27,1.7,20,8,11437978,0.1438,0.103,9,1.4,0,3.7,32,0,0.0871,0
824,Synthetic Employee 0824,Engineering,36,1.3,15,8,15638082,0.0425,0.021,12,0.6,3,3.7,27,0,0.1824,0
825,Synthetic Employee 0825,Sales,31,2.7,32,11,11440252,-0.0466,0.087,12,1.1,0,3.9,37,1,0.0871,1
826,Synthetic Employee 0826,Consulting,32,0.5,6,23,11220795,-0.0243,0.079,14,0.3,0,3.7,18,0,0.1246,0
827,Synthetic Employee 0827,Human Resources,46,9.9,118,24,21279528,1.128,0.153,7,2.4,1,3.9,130,0,0.0832,0
828,Synthetic Employee 0828,Human Resources,26,0.6,7,20,10298295,0.0298,0.216,8,0.6,0,3.7,19,0,0.1978,0
829,Synthetic Employee 0829,Consulting,33,0.6,7,7,11298800,-0.0175,0.265,9,0.5,1,4.5,19,0,0.2994,0
830,Synthetic Employee 0830,Finance,41,2.0,24,13,14447989,0.032,0.48,10,0.9,0,2.1,36,0,0.3543,0
831,Synthetic Employee 0831,Operations,35,0.5,6,18,10572075,0.1129,0.174,6,0.4,1,3.4,18,0,0.1978,0
832,Synthetic Employee 0832,Engineering,33,5.9,70,13,21441485,0.4294,0.284,5,3.3,1,4.3,82,0,0.2689,0
833,Synthetic Employee 0833,Consulting,52,1.6,19,4,10262449,-0.1076,0.292,12,0.9,2,4.8,21,1,0.31,1
834,Synthetic Employee 0834,Consulting,35,2.0,24,17,12523162,0.089,0.124,7,1.8,1,2.7,36,0,0.0871,0
835,Synthetic Employee 0835,Finance,33,14.6,175,5,11952160,-0.1463,0.191,12,7.0,0,2.6,177,1,0.5,1
836,Synthetic Employee 0836,Human Resources,24,0.8,9,21,12850871,0.2851,0.108,7,0.8,1,3.3,21,0,0.0724,0
837,Synthetic Employee 0837,Human Resources,44,1.8,21,11,9539920,-0.046,0.37,5,1.1,0,4.3,33,0,0.2227,0
838,Synthetic Employee 0838,Engineering,63,6.7,80,17,14985391,-0.001,0.126,13,5.0,0,3.5,92,0,0.1824,0
839,Synthetic Employee 0839,Marketing,34,7.0,84,26,12598827,0.1453,0.268,7,6.1,0,3.4,96,0,0.4013,0
840,Synthetic Employee 0840,Marketing,37,15.4,184,16,14974979,0.3614,0.081,11,2.0,2,4.1,196,0,0.0759,0
841,Synthetic Employee 0841,Consulting,28,0.6,7,15,10117446,-0.1202,0.148,8,0.5,0,3.1,19,0,0.2689,0
842,Synthetic Employee 0842,Human Resources,22,4.8,57,21,11806006,0.1806,0.252,3,4.4,1,5.0,69,0,0.2689,0
843,Synthetic Employee 0843,Consulting,34,3.1,37,25,11098516,-0.0349,0.367,11,1.8,3,3.3,49,0,0.31,0
844,Synthetic Employee 0844,Consulting,32,1.5,18,5,13214772,0.1491,0.45,9,1.4,0,3.9,30,0,0.2227,0
845,Synthetic Employee 0845,Human Resources,44,4.4,52,12,7944022,-0.2056,0.159,5,4.1,0,4.1,64,0,0.5,0
846,Synthetic Employee 0846,Finance,23,2.6,31,11,17967466,0.2834,0.089,8,2.3,2,3.8,43,0,0.0759,0
847,Synthetic Employee 0847,Operations,45,0.5,6,41,9590778,0.0096,0.168,7,0.3,1,4.7,18,0,0.2891,0
848,Synthetic Employee 0848,Operations,45,0.3,3,10,8409314,-0.1148,0.308,16,0.2,2,4.0,11,1,0.4013,1
849,Synthetic Employee 0849,Finance,36,2.5,30,13,21408080,0.5291,0.073,10,2.1,0,3.3,42,0,0.0497,0
850,Synthetic Employee 0850,Consulting,53,0.3,3,5,11374435,-0.0109,0.346,7,0.2,1,4.2,6,1,0.2994,1
851,Synthetic Employee 0851,Finance,32,1.4,16,27,17289543,0.235,0.173,10,0.5,0,2.4,28,0,0.2059,0
852,Synthetic Employee 0852,Sales,36,1.0,12,18,15927118,0.3273,0.091,8,0.9,0,2.5,24,0,0.0724,0
853,Synthetic Employee 0853,Human Resources,21,1.8,21,27,13950395,0.395,0.124,4,0.6,1,3.3,33,0,0.0497,0
854,Synthetic Employee 0854,Sales,30,6.0,72,16,14711374,0.2259,0.146,6,3.0,1,3.1,84,0,0.1091,0
855,Synthetic Employee 0855,Marketing,37,3.3,39,15,16852628,0.5321,0.329,2,1.5,1,4.0,51,0,0.1359,0
856,Synthetic Employee 0856,Human Resources,23,1.0,12,27,10565158,0.0565,0.121,9,0.2,1,4.7,24,0,0.1246,0
857,Synthetic Employee 0857,Human Resources,47,1.9,22,21,9033839,-0.0966,0.271,5,1.5,0,2.3,34,0,0.3543,0
858,Synthetic Employee 0858,Engineering,44,0.9,10,14,18201690,0.2134,0.099,7,0.4,0,3.4,14,1,0.0724,1
859,Synthetic Employee 0859,Human Resources,25,10.3,123,6,11256449,0.1256,0.37,7,0.9,1,2.8,128,1,0.2227,1
860,Synthetic Employee 0860,Marketing,40,3.3,39,21,13849509,0.259,0.333,10,1.6,0,4.0,51,0,0.1359,0
861,Synthetic Employee 0861,Operations,41,0.9,10,7,7338169,-0.2276,0.26,4,0.3,0,3.1,16,1,0.525,1
862,Synthetic Employee 0862,Operations,41,8.0,96,11,11812351,0.2434,0.254,7,1.8,0,3.7,108,0,0.1359,0
863,Synthetic Employee 0863,Consulting,45,1.3,15,15,10946078,-0.0482,0.527,11,0.3,0,2.5,27,0,0.2994,0
864,Synthetic Employee 0864,Human Resources,37,7.9,94,25,16879399,0.6879,0.479,12,2.0,1,3.1,106,0,0.1359,0
865,Synthetic Employee 0865,Operations,46,0.3,3,23,7514746,-0.209,0.122,12,0.2,2,4.3,15,0,0.3659,0
866,Synthetic Employee 0866,Sales,25,1.3,15,5,13894076,0.1578,0.06,9,1.0,0,4.1,27,0,0.0724,0
867,Synthetic Employee 0867,Consulting,21,7.1,85,22,11526629,0.0023,0.213,7,2.2,3,3.6,97,0,0.2059,0
868,Synthetic Employee 0868,Human Resources,37,1.6,19,13,12737763,0.2738,0.114,8,1.5,2,2.7,31,0,0.0759,0
869,Synthetic Employee 0869,Sales,24,1.2,14,6,11419327,-0.0484,0.43,10,0.9,0,3.4,21,1,0.2994,1
870,Synthetic Employee 0870,Finance,46,4.8,57,19,18161680,0.2973,0.294,6,1.4,0,2.8,69,0,0.1359,0
871,Synthetic Employee 0871,Finance,24,0.3,3,11,12963690,-0.074,0.218,11,0.3,0,2.9,15,0,0.1978,0
872,Synthetic Employee 0872,Engineering,45,1.7,20,24,15180859,0.0121,0.313,5,0.4,0,5.0,27,1,0.2227,1
873,Synthetic Employee 0873,Human Resources,32,0.7,8,25,10532459,0.0532,0.256,13,0.3,0,3.3,20,0,0.2994,0
874,Synthetic Employee 0874,Finance,33,5.2,62,22,14606789,0.0433,0.122,5,5.1,1,4.5,74,0,0.1824,0
875,Synthetic Employee 0875,Finance,51,0.4,4,3,11620958,-0.1699,0.182,14,0.2,1,4.3,16,0,0.3894,0
876,Synthetic Employee 0876,Operations,31,1.9,22,21,10869370,0.1441,0.317,12,1.4,0,3.3,34,0,0.2227,0
877,Synthetic Employee 0877,Engineering,23,2.6,31,17,15628358,0.0419,0.372,5,1.0,0,3.8,43,0,0.2227,0
878,Synthetic Employee 0878,Engineering,37,0.9,10,16,21665920,0.4444,0.351,7,0.3,0,3.9,22,0,0.19,0
879,Synthetic Employee 0879,Operations,36,1.3,15,15,8636587,-0.0909,0.27,14,1.1,0,3.4,21,1,0.2994,1
880,Synthetic Employee 0880,Human Resources,45,3.0,36,1,12307161,0.2307,0.067,11,0.3,0,3.5,48,0,0.0497,0
881,Synthetic Employee 0881,Sales,21,15.7,188,16,14814341,0.2345,0.201,5,3.0,2,3.0,200,0,0.2497,0
882,Synthetic Employee 0882,Consulting,21,3.4,40,16,12942728,0.1255,0.013,11,2.5,0,3.4,52,0,0.0871,0
883,Synthetic Employee 0883,Human Resources,32,6.9,82,8,12065200,0.2065,0.292,5,2.3,0,4.6,94,0,0.1359,0
884,Synthetic Employee 0884,Sales,34,3.6,43,12,14388824,0.1991,0.101,13,1.9,0,3.3,55,0,0.0497,0
885,Synthetic Employee 0885,Engineering,46,5.7,68,11,22173984,0.4783,0.291,12,5.6,0,3.3,75,1,0.2689,1
886,Synthetic Employee 0886,Marketing,27,4.5,54,7,13074211,0.1886,0.305,10,4.3,0,4.3,55,1,0.2689,1
887,Synthetic Employee 0887,Human Resources,43,0.4,4,13,8786184,-0.1214,0.138,8,0.3,1,3.5,16,0,0.2689,0
888,Synthetic Employee 0888,Marketing,37,0.6,7,11,13785661,0.2532,0.074,4,0.5,1,3.4,19,0,0.0724,0
889,Synthetic Employee 0889,Sales,23,5.2,62,17,16339984,0.3617,0.184,12,3.4,1,3.4,74,0,0.1751,0
890,Synthetic Employee 0890,Human Resources,40,9.5,114,6,16071316,0.6071,0.304,11,5.4,0,2.1,120,1,0.4134,1
891,Synthetic Employee 0891,Marketing,27,4.4,52,20,14699831,0.3363,0.42,13,3.3,0,4.4,64,0,0.2689,0
892,Synthetic Employee 0892,Marketing,35,0.4,4,45,14556368,0.3233,0.318,9,0.4,0,4.7,16,0,0.2789,0
893,Synthetic Employee 0893,Consulting,34,9.4,112,4,14582685,0.2681,0.059,11,0.2,2,2.3,124,0,0.1359,0
894,Synthetic Employee 0894,Human Resources,24,7.2,86,2,13781377,0.3781,0.457,14,5.9,0,2.9,98,0,0.2689,0
895,Synthetic Employee 0895,Marketing,34,0.3,3,8,9314805,-0.1532,0.295,11,0.2,3,3.9,8,1,0.6341,1
896,Synthetic Employee 0896,Consulting,21,1.6,19,5,11245396,-0.0221,0.163,13,1.2,0,4.0,31,0,0.1419,0
897,Synthetic Employee 0897,Consulting,28,0.5,6,29,9067032,-0.2116,0.278,8,0.5,0,2.4,18,0,0.6792,0
898,Synthetic Employee 0898,Human Resources,21,5.1,61,10,9842235,-0.0158,0.043,6,3.3,0,3.7,62,1,0.1824,1
899,Synthetic Employee 0899,Marketing,31,1.9,22,14,13384990,0.2168,0.605,10,1.5,2,3.1,34,0,0.1978,0
900,Synthetic Employee 0900,Consulting,27,2.0,24,13,13301402,0.1566,0.092,9,1.3,1,3.1,36,0,0.0497,0
901,Synthetic Employee 0901,Engineering,28,5.5,66,11,15247641,0.0165,0.227,15,2.8,1,4.7,78,0,0.1419,0
902,Synthetic Employee 0902,Human Resources,40,7.3,87,20,10979849,0.098,0.189,9,7.1,1,2.9,99,0,0.2789,0
903,Synthetic Employee 0903,Engineering,28,2.7,32,15,18925564,0.2617,0.186,10,1.2,1,3.8,44,0,0.0832,0
904,Synthetic Employee 0904,Operations,33,1.9,22,21,8244844,-0.1321,0.348,10,1.2,1,2.6,34,0,0.4256,0
905,Synthetic Employee 0905,Finance,42,2.4,28,23,14121650,0.0087,0.16,9,0.6,1,3.4,40,0,0.1419,0
906,Synthetic Employee 0906,Engineering,36,2.5,30,11,9674251,-0.355,0.294,8,0.4,2,3.7,42,0,0.5374,0
907,Synthetic Employee 0907,Marketing,41,0.3,3,8,11598420,0.0544,0.289,5,0.3,1,3.6,15,0,0.2994,0
908,Synthetic Employee 0908,Sales,44,1.0,12,16,13053965,0.0878,0.385,15,0.8,3,4.3,24,0,0.4013,0
909,Synthetic Employee 0909,Operations,24,5.4,64,15,13710376,0.4432,0.139,12,4.7,1,4.6,76,0,0.1091,0
910,Synthetic Employee 0910,Engineering,30,14.1,169,11,22886814,0.5258,0.221,13,6.2,0,3.2,181,0,0.1751,0
911,Synthetic Employee 0911,Consulting,31,5.3,63,14,12944647,0.1256,0.316,9,2.5,2,3.3,75,0,0.31,0
912,Synthetic Employee 0912,Operations,41,1.9,22,7,7146654,-0.2477,0.398,10,0.3,0,4.8,26,1,0.4256,1
913,Synthetic Employee 0913,Engineering,40,1.6,19,11,20956748,0.3971,0.36,11,1.5,1,3.9,31,0,0.1359,0
914,Synthetic Employee 0914,Consulting,48,20.0,240,21,14750196,0.2826,0.371,2,7.0,0,2.6,252,0,0.2689,0
915,Synthetic Employee 0915,Engineering,43,10.7,128,10,21011424,0.4008,0.49,10,3.7,0,2.9,134,1,0.2689,1
916,Synthetic Employee 0916,Sales,52,2.8,33,16,14980491,0.2484,0.216,14,1.5,0,4.1,45,0,0.0832,0
917,Synthetic Employee 0917,Sales,25,7.9,94,15,15358483,0.2799,0.354,12,5.7,1,4.1,106,0,0.2689,0
918,Synthetic Employee 0918,Consulting,21,0.8,9,7,10541312,-0.0834,0.179,9,0.5,0,2.3,21,0,0.3208,0
919,Synthetic Employee 0919,Engineering,34,0.3,3,5,15705560,0.047,0.211,15,0.3,1,3.3,9,1,0.1978,1
920,Synthetic Employee 0920,Finance,36,2.2,26,6,8012371,-0.4277,0.311,11,1.9,2,4.2,27,1,0.5374,1
921,Synthetic Employee 0921,Sales,30,0.3,3,21,16014821,0.3346,0.229,8,0.2,0,5.0,15,0,0.1192,0
922,Synthetic Employee 0922,Sales,40,3.4,40,7,16155359,0.3463,0.208,6,0.5,3,3.9,52,0,0.1246,0
923,Synthetic Employee 0923,Sales,45,8.3,99,16,15532699,0.2944,0.163,9,2.7,0,3.7,111,0,0.0832,0
924,Synthetic Employee 0924,Human Resources,49,3.3,39,15,11153798,0.1154,0.066,15,0.6,1,4.1,51,0,0.0871,0
925,Synthetic Employee 0925,Operations,29,4.4,52,19,11967049,0.2597,0.161,14,1.5,0,4.2,64,0,0.0832,0
926,Synthetic Employee 0926,Engineering,35,4.1,49,5,16319533,0.088,0.236,8,3.6,1,3.8,53,1,0.2789,1
927,Synthetic Employee 0927,Finance,33,2.9,34,22,12495310,-0.1075,0.148,8,0.7,0,2.8,46,0,0.0871,0
928,Synthetic Employee 0928,Sales,49,14.5,174,19,20061863,0.6718,0.078,4,3.3,1,3.8,186,0,0.1091,0
929,Synthetic Employee 0929,Human Resources,33,0.3,3,7,10772214,0.0772,0.441,11,0.2,1,3.5,15,0,0.2994,0
930,Synthetic Employee 0930,Operations,40,5.0,60,6,9949582,0.0473,0.102,3,0.9,0,4.1,69,1,0.0871,1
931,Synthetic Employee 0931,Marketing,39,0.4,4,26,12662671,0.1512,0.31,11,0.3,0,2.0,16,0,0.31,0
932,Synthetic Employee 0932,Consulting,30,0.6,7,14,12600129,0.0957,0.072,13,0.4,1,3.0,13,1,0.1246,1
933,Synthetic Employee 0933,Marketing,34,0.3,3,15,10424960,-0.0523,0.574,12,0.3,1,4.0,15,0,0.2994,0
934,Synthetic Employee 0934,Sales,46,1.7,20,18,11467603,-0.0444,0.143,9,0.8,0,3.6,32,0,0.0871,0
935,Synthetic Employee 0935,Finance,37,1.0,12,22,14793342,0.0567,0.161,14,0.7,1,1.7,21,1,0.3208,1
936,Synthetic Employee 0936,Finance,40,1.4,16,16,17438394,0.2456,0.229,5,0.7,1,4.6,28,0,0.1192,0
937,Synthetic Employee 0937,Operations,28,1.9,22,7,12476340,0.3133,0.114,11,1.0,0,2.9,34,0,0.0497,0
938,Synthetic Employee 0938,Operations,34,4.0,48,12,9969376,0.0494,0.232,9,3.2,1,3.3,60,0,0.2789,0
939,Synthetic Employee 0939,Engineering,40,4.1,49,12,17570723,0.1714,0.11,5,2.0,0,3.3,61,0,0.0497,0
940,Synthetic Employee 0940,Consulting,33,0.8,9,9,11975206,0.0413,0.251,8,0.7,0,3.6,15,1,0.2994,1
941,Synthetic Employee 0941,Consulting,35,7.6,91,18,18308997,0.5921,0.127,9,3.7,1,3.2,99,1,0.1091,1
942,Synthetic Employee 0942,Sales,45,3.1,37,25,10814883,-0.0988,0.523,14,1.9,2,3.7,49,0,0.31,0
943,Synthetic Employee 0943,Marketing,31,1.7,20,16,13278100,0.2071,0.12,3,1.4,3,4.7,32,0,0.0759,0
944,Synthetic Employee 0944,Engineering,23,0.3,3,16,14567905,-0.0288,0.191,10,0.2,3,2.8,15,0,0.2789,0
945,Synthetic Employee 0945,Finance,42,1.2,14,8,15833336,0.131,0.461,11,0.5,2,2.2,26,0,0.5622,0
946,Synthetic Employee 0946,Engineering,50,7.3,87,18,29004905,0.9337,0.174,9,3.2,1,2.9,91,1,0.1751,1
947,Synthetic Employee 0947,Marketing,37,13.4,160,9,16561961,0.5056,0.264,5,5.6,1,3.1,169,1,0.2689,1
948,Synthetic Employee 0948,Finance,30,0.3,3,19,12446070,-0.111,0.439,8,0.3,0,2.3,15,0,0.4502,0
949,Synthetic Employee 0949,Operations,27,2.2,26,6,11766770,0.2386,0.366,13,0.3,0,3.4,38,0,0.1359,0
950,Synthetic Employee 0950,Human Resources,31,2.7,32,9,12100504,0.2101,0.042,7,2.6,0,3.3,44,0,0.0497,0
951,Synthetic Employee 0951,Human Resources,33,1.0,12,10,11087482,0.1087,0.193,9,0.5,0,2.2,24,0,0.3208,0
952,Synthetic Employee 0952,Operations,33,9.3,111,22,13842281,0.4571,0.344,14,4.1,2,4.1,123,0,0.3659,0
953,Synthetic Employee 0953,Sales,39,4.5,54,2,14451521,0.2043,0.171,9,3.0,1,2.6,60,1,0.1751,1
954,Synthetic Employee 0954,Engineering,21,6.3,75,2,17172008,0.1448,0.278,12,1.1,0,2.6,80,1,0.2227,1
955,Synthetic Employee 0955,Finance,32,2.4,28,15,21263486,0.5188,0.123,10,1.6,0,3.8,40,0,0.0497,0
956,Synthetic Employee 0956,Operations,21,1.3,15,16,7354038,-0.2259,0.421,13,1.2,3,3.4,26,1,0.6341,1
957,Synthetic Employee 0957,Consulting,37,2.5,30,12,11410568,-0.0078,0.29,9,1.1,1,2.9,42,0,0.2227,0
958,Synthetic Employee 0958,Operations,32,6.5,78,25,10397905,0.0945,0.114,9,0.5,0,3.2,81,1,0.0871,1
959,Synthetic Employee 0959,Sales,29,4.4,52,7,16546589,0.3789,0.233,11,4.3,1,2.7,64,0,0.1751,0
960,Synthetic Employee 0960,Engineering,37,0.7,8,5,19411034,0.2941,0.177,10,0.3,0,4.1,20,0,0.1192,0
961,Synthetic Employee 0961,Operations,49,0.8,9,13,7805940,-0.1783,0.13,10,0.2,0,4.2,21,0,0.2689,0
962,Synthetic Employee 0962,Consulting,45,6.6,79,6,15698288,0.3651,0.374,11,0.3,1,2.6,91,0,0.1359,0
963,Synthetic Employee 0963,Marketing,40,1.4,16,9,10119357,-0.0801,0.144,14,0.9,0,3.1,28,0,0.1246,0
964,Synthetic Employee 0964,Consulting,51,1.4,16,7,15148994,0.3173,0.054,6,0.9,1,3.4,28,0,0.0724,0
965,Synthetic Employee 0965,Operations,25,0.7,8,7,7440655,-0.2168,0.197,6,0.2,1,3.2,12,1,0.3894,1
966,Synthetic Employee 0966,Finance,21,1.3,15,28,14039987,0.0029,0.188,13,0.7,0,4.5,27,0,0.1978,0
967,Synthetic Employee 0967,Consulting,22,0.3,3,12,8259585,-0.2818,0.202,9,0.3,0,3.0,6,1,0.3894,1
968,Synthetic Employee 0968,Engineering,25,12.5,150,10,21252553,0.4168,0.276,8,3.8,1,2.5,157,1,0.2689,1
969,Synthetic Employee 0969,Consulting,33,0.8,9,15,10453666,-0.091,0.105,8,0.5,0,3.2,21,0,0.1246,0
970,Synthetic Employee 0970,Finance,41,2.1,25,12,15337183,0.0955,0.355,6,2.0,0,3.1,33,1,0.2227,1
971,Synthetic Employee 0971,Consulting,36,5.3,63,12,13306526,0.1571,0.288,6,1.1,0,2.8,75,0,0.1359,0
972,Synthetic Employee 0972,Engineering,38,0.5,6,11,15991053,0.0661,0.198,11,0.4,0,3.1,18,0,0.1978,0
973,Synthetic Employee 0973,Marketing,47,6.3,75,8,12229244,0.1117,0.401,9,3.5,3,2.9,86,1,0.5125,1
974,Synthetic Employee 0974,Finance,38,0.5,6,9,18706291,0.3362,0.291,6,0.2,0,4.6,18,0,0.19,0
975,Synthetic Employee 0975,Human Resources,38,5.4,64,5,10684437,0.0684,0.243,17,2.2,3,3.1,72,1,0.2059,1
976,Synthetic Employee 0976,Operations,39,3.2,38,22,9385894,-0.012,0.11,9,0.4,0,2.9,50,0,0.0871,0
977,Synthetic Employee 0977,Marketing,39,1.1,13,18,15084594,0.3713,0.323,5,0.6,0,3.1,25,0,0.19,0
978,Synthetic Employee 0978,Engineering,39,5.5,66,12,19132935,0.2755,0.568,13,5.2,0,2.8,78,0,0.2689,0
979,Synthetic Employee 0979,Finance,29,3.6,43,3,17020918,0.2158,0.252,6,1.1,0,3.1,50,1,0.1359,1
980,Synthetic Employee 0980,Operations,30,2.0,24,14,11466501,0.207,0.021,11,1.2,0,3.1,36,0,0.0497,0
981,Synthetic Employee 0981,Marketing,50,2.0,24,14,6555686,-0.404,0.303,6,1.6,2,2.6,36,0,0.5374,0
982,Synthetic Employee 0982,Engineering,37,1.0,12,9,17171056,0.1447,0.081,13,0.3,1,4.1,24,0,0.1246,0
983,Synthetic Employee 0983,Consulting,27,3.4,40,20,14282157,0.2419,0.268,6,2.5,2,2.6,52,0,0.1978,0
984,Synthetic Employee 0984,Human Resources,23,0.3,3,16,10995134,0.0995,0.099,9,0.2,0,3.5,15,0,0.1246,0
985,Synthetic Employee 0985,Consulting,35,6.5,78,11,14708148,0.279,0.346,13,5.7,1,4.1,85,1,0.2689,1
986,Synthetic Employee 0986,Human Resources,25,2.9,34,11,11169637,0.117,0.122,3,2.4,0,3.0,46,0,0.0871,0
987,Synthetic Employee 0987,Engineering,33,6.1,73,8,18139478,0.2093,0.092,8,0.7,1,3.2,85,0,0.0497,0
988,Synthetic Employee 0988,Human Resources,43,7.0,84,10,12876330,0.2876,0.337,11,0.4,0,4.4,96,0,0.1359,0
989,Synthetic Employee 0989,Marketing,29,13.2,158,19,13347632,0.2134,0.245,8,4.0,0,3.7,170,0,0.1751,0
990,Synthetic Employee 0990,Operations,45,9.7,116,9,11373343,0.1972,0.221,7,6.6,0,3.3,128,0,0.1751,0
991,Synthetic Employee 0991,Consulting,43,2.0,24,8,9836208,-0.1447,0.249,10,0.7,0,3.2,36,0,0.2994,0
992,Synthetic Employee 0992,Human Resources,42,1.5,18,14,9457575,-0.0542,0.245,10,1.2,0,3.7,25,1,0.1419,1
993,Synthetic Employee 0993,Operations,64,8.0,96,4,8833715,-0.0701,0.022,7,3.5,0,3.4,108,0,0.1824,0
994,Synthetic Employee 0994,Sales,41,0.6,7,11,9614349,-0.1988,0.216,8,0.3,0,3.3,19,0,0.3894,0
995,Synthetic Employee 0995,Human Resources,44,4.8,57,10,10475043,0.0475,0.297,10,2.2,0,3.1,69,0,0.2227,0
996,Synthetic Employee 0996,Sales,44,0.3,3,10,16960497,0.4134,0.309,13,0.2,0,1.5,15,0,0.31,0
997,Synthetic Employee 0997,Operations,39,4.0,48,7,11862229,0.2487,0.142,10,1.7,1,3.8,60,0,0.0497,0
998,Synthetic Employee 0998,Finance,35,1.3,15,10,16439523,0.1743,0.152,6,0.8,0,3.7,27,0,0.1192,0
999,Synthetic Employee 0999,Operations,24,1.0,12,21,11195387,0.1785,0.332,7,0.9,0,3.5,24,0,0.19,0
1000,Synthetic Employee 1000,Marketing,30,4.8,57,4,14575622,0.3251,0.112,10,2.2,0,3.2,69,0,0.0497,0
1001,Synthetic Employee 1001,Finance,27,1.1,13,9,14172037,0.0123,0.357,14,0.5,2,3.3,25,0,0.4013,0
1002,Synthetic Employee 1002,Consulting,22,2.5,30,18,11226457,-0.0238,0.131,7,1.8,0,2.5,42,0,0.0871,0
1003,Synthetic Employee 1003,Finance,39,8.5,102,27,20992692,0.4995,0.071,9,2.5,0,4.1,114,0,0.0497,0
1004,Synthetic Employee 1004,Consulting,43,0.4,4,17,11407409,-0.0081,0.148,6,0.2,3,2.7,16,0,0.1824,0
1005,Synthetic Employee 1005,Human Resources,43,0.6,7,25,9827797,-0.0172,0.165,9,0.4,0,3.5,8,1,0.1978,1
1006,Synthetic Employee 1006,Human Resources,35,3.7,44,34,11166783,0.1167,0.114,10,2.7,2,3.7,56,0,0.1301,0
1007,Synthetic Employee 1007,Human Resources,36,12.1,145,8,12264682,0.2265,0.534,9,2.6,0,3.5,157,0,0.1359,0
1008,Synthetic Employee 1008,Consulting,60,3.2,38,21,10516849,-0.0855,0.404,10,3.1,0,3.5,50,0,0.4013,0
1009,Synthetic Employee 1009,Operations,30,2.7,32,7,8613340,-0.0933,0.168,8,1.3,0,2.4,44,0,0.2405,0
1010,Synthetic Employee 1010,Finance,21,0.4,4,15,10217289,-0.2702,0.281,8,0.2,0,2.2,10,1,0.6792,1
1011,Synthetic Employee 1011,Marketing,27,3.4,40,3,12228103,0.1116,0.458,10,3.3,0,3.1,52,0,0.4013,0
1012,Synthetic Employee 1012,Marketing,45,1.7,20,25,9196790,-0.1639,0.17,13,1.6,1,3.5,32,0,0.2994,0
1013,Synthetic Employee 1013,Consulting,33,0.3,3,19,11950935,0.0392,0.079,3,0.3,0,4.0,15,0,0.1246,0
1014,Synthetic Employee 1014,Sales,31,7.9,94,22,16421254,0.3684,0.077,9,5.0,1,3.0,106,0,0.1091,0
1015,Synthetic Employee 1015,Consulting,30,0.6,7,13,10784976,-0.0622,0.317,11,0.3,0,3.3,19,0,0.2994,0
1016,Synthetic Employee 1016,Engineering,31,8.1,97,31,19658017,0.3105,0.43,11,2.9,1,3.4,109,0,0.1359,0
1017,Synthetic Employee 1017,Marketing,48,3.3,39,13,9585384,-0.1286,0.034,4,0.5,1,2.8,51,0,0.1978,0
1018,Synthetic Employee 1018,Human Resources,45,11.1,133,11,15234537,0.5235,0.263,10,3.2,1,2.8,138,1,0.2689,1
1019,Synthetic Employee 1019,Sales,34,3.0,36,8,12038950,0.0032,0.201,10,1.8,0,3.6,48,0,0.1419,0
1020,Synthetic Employee 1020,Consulting,27,2.2,26,26,10009945,-0.1296,0.189,5,0.6,1,2.9,38,0,0.2994,0
1021,Synthetic Employee 1021,Human Resources,43,0.3,3,19,8990046,-0.101,0.197,13,0.3,2,2.5,6,1,0.2789,1
1022,Synthetic Employee 1022,Finance,38,0.4,4,7,14306891,0.0219,0.317,3,0.2,1,1.4,16,0,0.4502,0
1023,Synthetic Employee 1023,Finance,29,4.7,56,18,17390837,0.2422,0.108,10,0.7,0,2.6,68,0,0.0497,0
1024,Synthetic Employee 1024,Operations,30,4.2,50,24,10448499,0.0998,0.496,9,3.7,0,3.7,62,0,0.4013,0
1025,Synthetic Employee 1025,Human Resources,22,4.0,48,33,11502289,0.1502,0.23,11,1.0,2,4.7,53,1,0.1246,1
1026,Synthetic Employee 1026,Marketing,28,6.5,78,27,10565459,-0.0395,0.332,6,0.5,0,2.4,84,1,0.3543,1
1027,Synthetic Employee 1027,Engineering,50,2.2,26,7,18985988,0.2657,0.191,7,2.2,1,2.8,38,0,0.0832,0
1028,Synthetic Employee 1028,Human Resources,50,1.1,13,18,11874802,0.1875,0.114,10,1.0,0,2.7,25,0,0.0724,0
1029,Synthetic Employee 1029,Consulting,41,2.8,33,2,10006292,-0.1299,0.108,11,2.1,0,2.1,45,0,0.3208,0
1030,Synthetic Employee 1030,Marketing,29,4.6,55,9,12174824,0.1068,0.027,7,3.0,0,2.3,62,1,0.2994,1
1031,Synthetic Employee 1031,Sales,48,4.4,52,22,17635503,0.4696,0.467,8,4.0,2,3.5,64,0,0.3659,0
1032,Synthetic Employee 1032,Human Resources,34,1.5,18,18,13130329,0.313,0.236,9,0.3,0,3.5,30,0,0.0832,0
1033,Synthetic Employee 1033,Sales,30,0.4,4,12,12354648,0.0296,0.297,11,0.2,1,2.4,16,0,0.4502,0
1034,Synthetic Employee 1034,Marketing,41,5.6,67,14,15462594,0.4057,0.091,4,2.7,1,3.5,79,0,0.0497,0
1035,Synthetic Employee 1035,Consulting,46,1.8,21,10,11762565,0.0228,0.427,9,0.6,0,3.4,33,0,0.2227,0
1036,Synthetic Employee 1036,Marketing,55,10.7,128,14,15392141,0.3993,0.434,9,7.8,1,3.3,140,0,0.2689,0
1037,Synthetic Employee 1037,Marketing,24,2.6,31,9,12361007,0.1237,0.418,7,1.2,1,4.1,43,0,0.2227,0
1038,Synthetic Employee 1038,Marketing,32,12.7,152,3,16023874,0.4567,0.151,8,2.8,0,3.1,164,0,0.0832,0
1039,Synthetic Employee 1039,Finance,26,0.9,10,3,12783789,-0.0869,0.092,9,0.6,2,3.2,22,0,0.1824,0
1040,Synthetic Employee 1040,Operations,30,3.1,37,13,12452264,0.3108,0.34,9,2.8,0,2.6,49,0,0.1359,0
1041,Synthetic Employee 1041,Marketing,31,0.9,10,20,12014992,0.0923,0.121,4,0.8,0,4.2,22,0,0.1246,0
1042,Synthetic Employee 1042,Finance,32,7.6,91,2,18672458,0.3337,0.151,14,2.2,2,4.5,103,0,0.1246,0
1043,Synthetic Employee 1043,Engineering,29,5.4,64,3,19714095,0.3143,0.165,7,4.1,0,2.7,76,0,0.1751,0
1044,Synthetic Employee 1044,Finance,46,2.9,34,29,16041734,0.1458,0.149,8,2.6,0,3.0,46,0,0.0871,0
1045,Synthetic Employee 1045,Sales,32,6.2,74,17,15581938,0.2985,0.28,10,2.0,0,3.2,86,0,0.1359,0
1046,Synthetic Employee 1046,Engineering,27,1.3,15,30,16427132,0.0951,0.146,5,0.3,1,3.4,27,0,0.1246,0
1047,Synthetic Employee 1047,Sales,49,3.8,45,10,13124314,0.0937,0.43,7,1.6,0,3.3,57,0,0.2227,0
1048,Synthetic Employee 1048,Operations,34,1.1,13,31,7936555,-0.1646,0.219,10,0.4,0,3.4,25,0,0.3894,0
1049,Synthetic Employee 1049,Human Resources,39,6.9,82,18,9334789,-0.0665,0.148,15,2.2,0,4.4,94,0,0.0871,0
1050,Synthetic Employee 1050,Human Resources,27,6.8,81,3,13961422,0.3961,0.156,6,0.2,0,4.0,93,0,0.0832,0
1051,Synthetic Employee 1051,Finance,34,3.1,37,14,16135086,0.1525,0.106,4,1.0,0,3.4,49,0,0.0497,0
1052,Synthetic Employee 1052,Consulting,38,7.9,94,20,15392288,0.3385,0.185,9,3.5,0,2.3,97,1,0.2891,1
1053,Synthetic Employee 1053,Sales,31,4.0,48,2,15478310,0.2899,0.07,8,0.3,2,3.4,60,0,0.0759,0
1054,Synthetic Employee 1054,Operations,40,0.5,6,17,9926891,0.0449,0.254,9,0.3,1,3.2,18,0,0.2994,0
1055,Synthetic Employee 1055,Human Resources,49,0.3,3,9,9902841,-0.0097,0.073,5,0.3,1,2.5,15,0,0.1246,0
1056,Synthetic Employee 1056,Operations,46,1.0,12,9,13450166,0.4158,0.244,6,0.5,0,3.5,24,0,0.1192,0
1057,Synthetic Employee 1057,Operations,24,0.7,8,9,10738553,0.1304,0.139,9,0.3,0,3.5,20,0,0.1246,0
1058,Synthetic Employee 1058,Human Resources,47,4.7,56,9,15231205,0.5231,0.176,15,1.3,0,3.8,68,0,0.0832,0
1059,Synthetic Employee 1059,Human Resources,53,2.3,27,7,10260986,0.0261,0.305,7,1.0,1,4.4,39,0,0.2227,0
1060,Synthetic Employee 1060,Consulting,31,8.6,103,10,14652809,0.2742,0.169,7,0.5,1,3.6,115,0,0.0832,0
1061,Synthetic Employee 1061,Engineering,46,4.5,54,10,16590506,0.106,0.205,11,2.5,0,3.5,66,0,0.1419,0
1062,Synthetic Employee 1062,Engineering,29,2.5,30,10,14807033,-0.0129,0.351,13,1.7,0,1.7,42,0,0.3543,0
1063,Synthetic Employee 1063,Marketing,31,0.3,3,10,9736202,-0.1149,0.452,9,0.2,0,3.9,15,0,0.2994,0
1064,Synthetic Employee 1064,Sales,33,2.8,33,12,12580795,0.0484,0.324,7,1.7,0,4.2,45,0,0.2227,0
1065,Synthetic Employee 1065,Human Resources,40,0.7,8,14,10159577,0.016,0.175,9,0.3,0,1.4,20,0,0.3208,0
1066,Synthetic Employee 1066,Operations,41,14.7,176,16,15308366,0.6114,0.204,10,4.2,1,3.0,188,0,0.1751,0
1067,Synthetic Employee 1067,Sales,21,2.6,31,5,15528021,0.294,0.189,5,0.4,1,4.5,43,0,0.0832,0
1068,Synthetic Employee 1068,Marketing,30,1.1,13,20,13732015,0.2484,0.256,6,0.9,0,3.3,25,0,0.19,0
1069,Synthetic Employee 1069,Operations,40,0.4,4,15,9307395,-0.0203,0.324,7,0.2,3,3.2,7,1,0.4013,1
1070,Synthetic Employee 1070,Finance,31,20.0,240,9,23547379,0.682,0.145,12,3.8,1,3.2,252,0,0.1091,0
1071,Synthetic Employee 1071,Marketing,30,3.4,40,11,10707109,-0.0266,0.292,7,2.1,0,2.9,52,0,0.2227,0
1072,Synthetic Employee 1072,Human Resources,39,3.9,46,8,11281453,0.1281,0.204,7,3.0,1,4.6,58,0,0.2789,0
1073,Synthetic Employee 1073,Finance,34,10.2,122,7,23980586,0.7129,0.137,8,5.5,0,3.9,134,0,0.1091,0
1074,Synthetic Employee 1074,Finance,27,2.1,25,17,15015765,0.0726,0.404,10,1.6,0,4.4,37,0,0.2227,0
1075,Synthetic Employee 1075,Marketing,44,6.5,78,6,15655006,0.4232,0.142,11,3.5,0,3.4,90,0,0.1091,0
1076,Synthetic Employee 1076,Human Resources,28,0.3,3,16,12568471,0.2568,0.342,4,0.2,0,4.4,15,0,0.19,0
1077,Synthetic Employee 1077,Operations,45,11.5,138,14,8845434,-0.0689,0.275,13,1.9,3,3.6,150,0,0.31,0
1078,Synthetic Employee 1078,Finance,26,2.1,25,21,15168617,0.0835,0.1,8,1.3,0,4.3,37,0,0.0871,0
1079,Synthetic Employee 1079,Marketing,46,18.6,223,8,10093956,-0.0824,0.158,3,0.6,0,3.0,235,0,0.1419,0
1080,Synthetic Employee 1080,Marketing,32,1.0,12,12,10927830,-0.0066,0.326,11,0.4,1,1.4,24,0,0.4502,0
1081,Synthetic Employee 1081,Operations,45,3.5,42,13,11728581,0.2346,0.38,10,3.4,0,3.3,54,0,0.2689,0
1082,Synthetic Employee 1082,Human Resources,28,1.6,19,19,8746602,-0.1253,0.331,10,1.1,2,2.7,31,0,0.5374,0
1083,Synthetic Employee 1083,Marketing,39,3.0,36,10,14237067,0.2943,0.148,8,1.8,0,3.2,48,0,0.0497,0
1084,Synthetic Employee 1084,Marketing,22,19.2,230,16,14518278,0.3198,0.218,7,6.5,0,3.0,242,0,0.1751,0
1085,Synthetic Employee 1085,Marketing,37,4.9,58,13,9536566,-0.133,0.332,8,4.1,2,3.1,62,1,0.7311,1
1086,Synthetic Employee 1086,Sales,34,2.1,25,6,14454499,0.2045,0.212,3,1.7,1,3.1,37,0,0.0832,0
1087,Synthetic Employee 1087,Engineering,37,6.5,78,5,17972858,0.1982,0.336,6,1.7,0,2.2,90,0,0.2315,0
1088,Synthetic Employee 1088,Operations,38,9.1,109,33,11071185,0.1654,0.094,12,4.5,1,2.7,121,0,0.1091,0
1089,Synthetic Employee 1089,Sales,37,5.4,64,9,16082518,0.3402,0.438,6,0.6,1,4.0,76,0,0.1359,0
1090,Synthetic Employee 1090,Marketing,41,7.5,90,9,13105584,0.1914,0.114,3,5.3,0,2.9,102,0,0.1091,0
1091,Synthetic Employee 1091,Engineering,29,2.6,31,9,21692633,0.4462,0.199,12,2.5,0,3.3,43,0,0.0832,0
1092,Synthetic Employee 1092,Operations,35,0.4,4,16,11195610,0.1785,0.28,9,0.4,0,2.6,16,0,0.19,0
1093,Synthetic Employee 1093,Finance,36,5.3,63,14,18770247,0.3407,0.412,9,5.2,1,4.1,68,1,0.2689,1
1094,Synthetic Employee 1094,Consulting,38,4.2,50,12,11535435,0.0031,0.208,10,1.8,0,3.2,62,0,0.1419,0
1095,Synthetic Employee 1095,Operations,25,2.0,24,32,9841919,0.036,0.034,10,1.0,0,3.4,27,1,0.0871,1
1096,Synthetic Employee 1096,Sales,21,5.7,68,10,13731789,0.1443,0.243,7,1.5,2,4.0,80,0,0.2059,0
1097,Synthetic Employee 1097,Sales,52,4.0,48,15,17737056,0.4781,0.272,14,3.4,0,4.2,60,0,0.2689,0
1098,Synthetic Employee 1098,Sales,46,1.8,21,6,13282473,0.1069,0.386,9,0.8,1,3.6,33,0,0.2227,0
1099,Synthetic Employee 1099,Operations,42,14.9,178,8,7890099,-0.1695,0.342,11,4.4,0,1.2,190,0,0.7685,0
1100,Synthetic Employee 1100,Human Resources,43,1.4,16,12,7459598,-0.254,0.41,4,0.9,2,2.7,23,1,0.6341,1
1101,Synthetic Employee 1101,Marketing,33,0.3,3,14,10243233,-0.0688,0.416,6,0.2,0,4.2,15,0,0.2994,0
1102,Synthetic Employee 1102,Operations,32,0.5,6,12,10668888,0.123,0.368,9,0.4,0,3.4,8,1,0.2994,1
1103,Synthetic Employee 1103,Finance,36,1.6,19,9,15816212,0.1297,0.244,6,0.6,0,3.1,31,0,0.1419,0
1104,Synthetic Employee 1104,Consulting,42,0.3,3,11,13948388,0.2129,0.162,11,0.3,2,2.9,15,0,0.1751,0
1105,Synthetic Employee 1105,Finance,37,1.4,16,18,12131626,-0.1335,0.143,9,1.1,0,2.7,28,0,0.2689,0
1106,Synthetic Employee 1106,Finance,38,0.8,9,26,14959486,0.0685,0.425,8,0.2,1,3.0,21,0,0.2994,0
1107,Synthetic Employee 1107,Marketing,37,10.8,129,31,13529101,0.2299,0.38,9,0.6,1,2.7,141,0,0.1359,0
1108,Synthetic Employee 1108,Engineering,22,2.1,25,10,14026014,-0.0649,0.065,8,0.8,0,3.7,32,1,0.0871,1
1109,Synthetic Employee 1109,Consulting,48,0.3,3,13,7395565,-0.3569,0.259,9,0.3,0,2.5,13,1,0.525,1
1110,Synthetic Employee 1110,Sales,41,7.8,93,24,17256414,0.438,0.38,3,2.6,1,4.6,105,0,0.1359,0
1111,Synthetic Employee 1111,Marketing,40,2.7,32,9,14178768,0.289,0.199,10,2.0,0,3.0,44,0,0.0832,0
1112,Synthetic Employee 1112,Sales,42,0.4,4,17,14427933,0.2023,0.028,12,0.2,2,4.3,16,0,0.1091,0
1113,Synthetic Employee 1113,Marketing,35,2.7,32,12,14940194,0.3582,0.38,6,2.4,0,2.5,44,0,0.1359,0
1114,Synthetic Employee 1114,Sales,50,2.2,26,25,14195846,0.183,0.056,9,0.9,0,3.2,38,0,0.0497,0
1115,Synthetic Employee 1115,Marketing,44,1.0,12,21,12029708,0.0936,0.086,10,0.4,0,3.0,24,0,0.1246,0
1116,Synthetic Employee 1116,Engineering,38,0.3,3,2,13725888,-0.0849,0.212,13,0.2,0,2.6,15,0,0.1978,0
1117,Synthetic Employee 1117,Operations,51,1.2,14,17,11285924,0.188,0.374,6,0.5,0,4.1,26,0,0.19,0
1118,Synthetic Employee 1118,Finance,50,0.3,3,8,13923871,-0.0054,0.229,7,0.2,1,3.0,15,0,0.1978,0
1119,Synthetic Employee 1119,Sales,35,4.7,56,7,14153118,0.1794,0.148,6,1.1,0,3.9,68,0,0.0497,0
1120,Synthetic Employee 1120,Marketing,40,3.9,46,20,9197883,-0.1638,0.107,9,1.4,0,3.1,57,1,0.1978,1
1121,Synthetic Employee 1121,Engineering,34,4.1,49,13,19298707,0.2866,0.102,6,3.5,0,2.8,51,1,0.1091,1
1122,Synthetic Employee 1122,Engineering,55,2.0,24,17,14717840,-0.0188,0.106,9,0.5,1,3.0,36,0,0.0871,0
1123,Synthetic Employee 1123,Finance,27,0.6,7,13,19529201,0.3949,0.314,3,0.2,1,2.9,19,0,0.19,0
1124,Synthetic Employee 1124,Marketing,46,2.7,32,11,13051615,0.1865,0.16,11,1.9,1,2.9,44,0,0.0832,0
1125,Synthetic Employee 1125,Operations,44,4.6,55,16,10232945,0.0772,0.472,7,3.4,0,2.8,63,1,0.4013,1
1126,Synthetic Employee 1126,Sales,45,3.6,43,17,14753832,0.2295,0.43,7,1.4,1,4.1,52,1,0.1359,1
1127,Synthetic Employee 1127,Operations,33,4.6,55,18,12321665,0.297,0.151,12,1.6,0,4.9,67,0,0.0832,0
1128,Synthetic Employee 1128,Consulting,21,17.5,210,15,13278332,0.1546,0.187,5,4.1,1,2.5,222,0,0.1751,0
1129,Synthetic Employee 1129,Consulting,34,1.3,15,9,9445576,-0.1786,0.118,6,1.3,1,4.1,27,0,0.2689,0
1130,Synthetic Employee 1130,Human Resources,52,6.6,79,23,16822433,0.6822,0.351,11,2.1,1,3.1,91,0,0.1359,0
1131,Synthetic Employee 1131,Engineering,36,1.1,13,12,19735713,0.3157,0.421,6,0.7,0,4.1,25,0,0.19,0
1132,Synthetic Employee 1132,Consulting,40,2.1,25,5,12528490,0.0894,0.323,15,1.2,0,4.5,37,0,0.2227,0
1133,Synthetic Employee 1133,Engineering,47,1.4,16,11,14668849,-0.0221,0.065,6,0.8,0,3.0,28,0,0.1246,0
1134,Synthetic Employee 1134,Finance,27,1.7,20,9,16200262,0.1572,0.285,15,1.2,0,2.1,32,0,0.2315,0
1135,Synthetic Employee 1135,Marketing,32,11.0,132,41,14193156,0.2903,0.519,10,2.7,0,3.0,144,0,0.2059,0
1136,Synthetic Employee 1136,Human Resources,41,0.3,3,9,14249905,0.425,0.245,7,0.3,0,3.1,15,0,0.1192,0
1137,Synthetic Employee 1137,Human Resources,41,0.4,4,8,10956260,0.0956,0.303,7,0.3,1,3.2,11,1,0.2994,1
1138,Synthetic Employee 1138,Human Resources,21,1.0,12,5,9700123,-0.03,0.332,10,0.8,0,3.8,24,0,0.2994,0
1139,Synthetic Employee 1139,Marketing,25,2.5,30,5,11539559,0.0491,0.194,7,2.4,0,2.2,42,0,0.2405,0
1140,Synthetic Employee 1140,Sales,32,2.5,30,7,15035046,0.2529,0.405,10,1.7,1,2.9,35,1,0.1359,1
1141,Synthetic Employee 1141,Engineering,31,8.7,104,10,16457154,0.0971,0.125,11,6.4,0,3.0,106,1,0.1824,1
1142,Synthetic Employee 1142,Marketing,42,16.1,193,8,15125048,0.375,0.22,7,4.9,0,2.7,205,0,0.1751,0
1143,Synthetic Employee 1143,Consulting,39,0.9,10,2,16047178,0.3954,0.2,11,0.3,3,2.7,22,0,0.1751,0
1144,Synthetic Employee 1144,Human Resources,34,1.2,14,2,10775359,0.0775,0.235,10,0.8,0,3.6,22,1,0.1978,1
1145,Synthetic Employee 1145,Engineering,56,2.2,26,8,13341095,-0.1106,0.123,9,1.6,1,2.6,38,0,0.0871,0
1146,Synthetic Employee 1146,Consulting,29,8.4,100,10,15663415,0.362,0.282,12,2.9,0,2.4,107,1,0.2315,1
1147,Synthetic Employee 1147,Engineering,36,2.7,32,6,19761393,0.3174,0.253,8,0.7,1,2.9,44,0,0.1359,0
1148,Synthetic Employee 1148,Human Resources,29,0.7,8,13,11186945,0.1187,0.001,11,0.4,2,2.5,20,0,0.1824,0
1149,Synthetic Employee 1149,Human Resources,40,0.9,10,5,9260488,-0.074,0.177,8,0.8,0,3.9,22,0,0.1978,0
1150,Synthetic Employee 1150,Engineering,30,0.4,4,10,11061454,-0.2626,0.224,10,0.3,2,3.7,10,1,0.5,1
1151,Synthetic Employee 1151,Finance,36,2.1,25,24,16297847,0.1641,0.258,10,0.3,1,2.8,37,0,0.1359,0
1152,Synthetic Employee 1152,Operations,21,0.3,3,10,7440474,-0.2168,0.439,6,0.3,0,4.1,5,1,0.525,1
1153,Synthetic Employee 1153,Operations,29,2.4,28,4,14242612,0.4992,0.483,7,2.2,0,3.2,40,0,0.1359,0
1154,Synthetic Employee 1154,Engineering,33,0.4,4,12,18786258,0.2524,0.174,9,0.2,0,2.0,16,0,0.2059,0
1155,Synthetic Employee 1155,Sales,38,1.4,16,13,11328179,-0.056,0.117,11,0.4,0,4.0,28,0,0.1246,0
1156,Synthetic Employee 1156,Sales,21,3.5,42,7,15262839,0.2719,0.267,10,1.4,0,3.7,54,0,0.1359,0
1157,Synthetic Employee 1157,Consulting,33,3.3,39,36,12175789,0.0588,0.05,9,0.5,0,4.0,51,0,0.1359,0
1158,Synthetic Employee 1158,Finance,29,0.3,3,26,14626666,0.0448,0.17,13,0.2,0,3.7,15,0,0.1978,0
1159,Synthetic Employee 1159,Marketing,41,6.7,80,14,12710701,0.1555,0.119,12,4.2,2,3.4,92,0,0.1611,0
1160,Synthetic Employee 1160,Engineering,48,2.0,24,7,16747741,0.1165,0.089,8,0.5,0,3.2,36,0,0.0871,0
1161,Synthetic Employee 1161,Sales,48,1.4,16,10,12158282,0.0132,0.127,6,0.9,0,3.7,28,0,0.1246,0
1162,Synthetic Employee 1162,Engineering,40,6.4,76,19,16597263,0.1065,0.112,4,5.2,0,4.7,88,0,0.1824,0
1163,Synthetic Employee 1163,Finance,34,1.7,20,19,16778622,0.1985,0.21,9,1.1,0,2.1,32,0,0.148,0
1164,Synthetic Employee 1164,Consulting,40,2.0,24,17,10048716,-0.1262,0.086,7,0.7,0,3.3,36,0,0.1978,0
1165,Synthetic Employee 1165,Human Resources,39,1.0,12,23,11505756,0.1506,0.318,13,0.6,0,5.0,24,0,0.19,0
1166,Synthetic Employee 1166,Finance,42,9.0,108,20,22644922,0.6175,0.217,12,1.9,1,3.6,120,0,0.0832,0
1167,Synthetic Employee 1167,Finance,36,4.0,48,5,18893078,0.3495,0.238,11,2.7,0,3.8,60,0,0.0832,0
1168,Synthetic Employee 1168,Consulting,24,0.3,3,7,12613440,0.0968,0.029,16,0.3,0,3.3,15,0,0.1246,0
1169,Synthetic Employee 1169,Finance,33,5.3,63,5,22178341,0.5842,0.091,5,3.5,3,2.5,75,0,0.1611,0
1170,Synthetic Employee 1170,Sales,34,1.9,22,32,15090991,0.2576,0.336,11,0.5,0,3.2,34,0,0.1359,0
1171,Synthetic Employee 1171,Consulting,29,2.1,25,48,14638756,0.2729,0.041,9,0.8,0,2.9,37,0,0.0794,0
1172,Synthetic Employee 1172,Finance,44,4.6,55,22,19045875,0.3604,0.026,3,2.9,2,4.3,67,0,0.0759,0
1173,Synthetic Employee 1173,Human Resources,33,1.0,12,12,11066371,0.1066,0.107,8,0.5,0,3.0,24,0,0.1246,0
1174,Synthetic Employee 1174,Human Resources,53,0.8,9,7,7957523,-0.2042,0.316,13,0.3,0,4.2,21,0,0.525,0
1175,Synthetic Employee 1175,Human Resources,41,2.1,25,24,10642170,0.0642,0.158,7,0.8,1,2.5,37,0,0.1419,0
1176,Synthetic Employee 1176,Marketing,34,0.8,9,5,7417916,-0.3256,0.134,5,0.5,1,3.6,21,0,0.2689,0
1177,Synthetic Employee 1177,Consulting,42,7.2,86,2,14159639,0.2313,0.165,13,6.3,0,2.7,98,0,0.1751,0
1178,Synthetic Employee 1178,Finance,32,0.3,3,28,11490985,-0.1792,0.372,8,0.2,0,4.0,15,0,0.525,0
1179,Synthetic Employee 1179,Human Resources,37,4.1,49,14,10912662,0.0913,0.071,11,2.1,0,4.0,61,0,0.0871,0
1180,Synthetic Employee 1180,Marketing,35,11.2,134,7,17824518,0.6204,0.509,9,4.9,0,3.2,144,1,0.2689,1
1181,Synthetic Employee 1181,Finance,26,0.3,3,13,18826975,0.3448,0.158,10,0.2,0,2.7,15,0,0.1192,0
1182,Synthetic Employee 1182,Finance,44,0.3,3,6,15432424,0.1023,0.22,5,0.2,0,3.2,15,0,0.1978,0
1183,Synthetic Employee 1183,Engineering,31,6.0,72,15,25446255,0.6964,0.127,7,5.4,1,3.6,84,0,0.1091,0
1184,Synthetic Employee 1184,Finance,37,1.8,21,9,16871457,0.2051,0.12,5,1.0,0,3.1,28,1,0.0497,1
1185,Synthetic Employee 1185,Operations,38,1.1,13,9,11943320,0.2572,0.361,10,0.8,0,3.1,20,1,0.19,1
1186,Synthetic Employee 1186,Engineering,33,1.2,14,7,10125222,-0.325,0.166,7,0.7,0,2.5,26,0,0.3894,0
1187,Synthetic Employee 1187,Consulting,46,0.5,6,19,8697708,-0.2437,0.3,10,0.5,0,3.5,8,1,0.525,1
1188,Synthetic Employee 1188,Sales,44,4.0,48,30,12457986,0.0382,0.257,7,0.5,0,3.5,60,0,0.2227,0
1189,Synthetic Employee 1189,Operations,38,8.7,104,9,12305243,0.2953,0.332,13,2.7,1,2.9,110,1,0.1359,1
1190,Synthetic Employee 1190,Sales,29,2.0,24,11,13115409,0.093,0.133,4,0.8,0,3.7,36,0,0.0871,0
1191,Synthetic Employee 1191,Marketing,52,1.3,15,30,12906152,0.1733,0.138,3,0.4,3,4.9,27,0,0.1091,0
1192,Synthetic Employee 1192,Operations,37,0.5,6,17,8171501,-0.1398,0.03,5,0.4,0,2.8,14,1,0.2689,1
1193,Synthetic Employee 1193,Engineering,26,8.2,98,15,25179435,0.6786,0.178,5,6.4,0,3.3,110,0,0.1751,0
1194,Synthetic Employee 1194,Sales,47,6.9,82,12,17815683,0.4846,0.102,9,1.5,0,2.4,94,0,0.0911,0
1195,Synthetic Employee 1195,Sales,37,0.7,8,2,12253875,0.0212,0.258,13,0.5,2,3.2,20,0,0.4013,0
1196,Synthetic Employee 1196,Sales,34,14.9,178,4,14049017,0.1708,0.49,10,4.4,0,4.8,190,0,0.2689,0
1197,Synthetic Employee 1197,Finance,40,0.5,6,4,17288312,0.2349,0.15,9,0.3,3,3.8,18,0,0.1091,0
1198,Synthetic Employee 1198,Engineering,31,4.1,49,8,18159356,0.2106,0.109,10,0.8,1,3.1,61,0,0.0497,0
1199,Synthetic Employee 1199,Sales,30,1.7,20,11,15117643,0.2598,0.323,10,1.1,0,2.5,32,0,0.1359,0
1200,Synthetic Employee 1200,Engineering,21,1.3,15,24,17565594,0.171,0.289,8,0.5,0,3.3,27,0,0.19,0
1201,Synthetic Employee 1201,Human Resources,40,2.1,25,12,9847344,-0.0153,0.227,13,0.7,0,3.4,37,0,0.1419,0
1202,Synthetic Employee 1202,Human Resources,23,2.9,34,10,10335113,0.0335,0.283,17,2.6,0,3.7,44,1,0.2227,1
1203,Synthetic Employee 1203,Operations,30,3.4,40,16,15291199,0.6096,0.349,6,1.3,0,4.2,46,1,0.1359,1
1204,Synthetic Employee 1204,Finance,47,4.2,50,35,16442902,0.1745,0.228,8,1.8,3,2.9,61,1,0.1246,1
1205,Synthetic Employee 1205,Human Resources,28,2.3,27,24,13003863,0.3004,0.183,7,1.8,0,3.8,39,0,0.0832,0
1206,Synthetic Employee 1206,Marketing,24,0.5,6,8,11266772,0.0243,0.328,12,0.3,0,3.5,17,1,0.2994,1
1207,Synthetic Employee 1207,Engineering,37,0.8,9,4,14508109,-0.0328,0.084,7,0.4,0,4.1,21,0,0.1246,0
1208,Synthetic Employee 1208,Sales,26,1.4,16,12,12913921,0.0762,0.098,9,0.3,0,2.5,19,1,0.1246,1
1209,Synthetic Employee 1209,Marketing,22,1.2,14,11,10680934,-0.029,0.07,6,0.3,1,3.3,26,0,0.1246,0
1210,Synthetic Employee 1210,Operations,26,3.1,37,8,12945149,0.3626,0.253,10,1.0,0,3.5,49,0,0.1359,0
1211,Synthetic Employee 1211,Marketing,43,5.7,68,19,12627115,0.1479,0.246,9,3.1,0,3.6,80,0,0.2789,0
1212,Synthetic Employee 1212,Operations,37,0.7,8,16,9470069,-0.0032,0.166,7,0.5,1,2.9,20,0,0.1978,0
1213,Synthetic Employee 1213,Consulting,35,1.6,19,18,13901583,0.2088,0.43,4,1.4,0,3.1,31,0,0.1359,0
1214,Synthetic Employee 1214,Human Resources,24,1.1,13,7,10024727,0.0025,0.454,10,0.3,0,3.4,21,1,0.2994,1
1215,Synthetic Employee 1215,Engineering,33,2.3,27,30,18488309,0.2326,0.521,8,2.2,0,4.7,39,0,0.1359,0
1216,Synthetic Employee 1216,Operations,29,2.5,30,18,9385417,-0.0121,0.395,6,1.3,0,2.0,37,1,0.3543,1
1217,Synthetic Employee 1217,Sales,37,0.7,8,16,15270541,0.2725,0.271,7,0.6,0,3.1,20,0,0.19,0
1218,Synthetic Employee 1218,Marketing,30,14.2,170,22,14891032,0.3537,0.519,13,5.4,2,3.6,180,1,0.3659,1
1219,Synthetic Employee 1219,Consulting,39,4.1,49,6,12358174,0.0746,0.439,6,0.6,0,2.5,61,0,0.2227,0
1220,Synthetic Employee 1220,Consulting,25,0.3,3,15,12228786,0.0634,0.399,13,0.2,1,3.4,7,1,0.2994,1
1221,Synthetic Employee 1221,Operations,29,1.1,13,10,10680286,0.1242,0.138,9,0.5,2,3.4,25,0,0.1824,0
1222,Synthetic Employee 1222,Finance,42,2.0,24,6,13699036,-0.0215,0.029,5,1.6,1,2.6,36,0,0.0871,0
1223,Synthetic Employee 1223,Operations,31,8.3,99,23,14123659,0.4867,0.27,11,4.6,0,3.2,108,1,0.2689,1
1224,Synthetic Employee 1224,Consulting,32,3.2,38,2,12797154,0.1128,0.281,7,0.4,2,4.0,50,0,0.31,0
1225,Synthetic Employee 1225,Sales,32,10.9,130,7,16095181,0.3413,0.116,11,2.0,0,3.4,142,0,0.0497,0
1226,Synthetic Employee 1226,Human Resources,45,1.8,21,15,10713532,0.0714,0.125,11,1.7,2,3.4,33,0,0.1301,0
1227,Synthetic Employee 1227,Engineering,37,2.0,24,25,15892669,0.0595,0.213,8,1.1,0,3.2,36,0,0.1419,0
1228,Synthetic Employee 1228,Finance,21,4.7,56,14,18329580,0.3093,0.304,7,0.6,1,5.0,68,0,0.1359,0
1229,Synthetic Employee 1229,Sales,21,8.4,100,19,16824265,0.402,0.202,12,0.3,0,2.8,112,0,0.0832,0
1230,Synthetic Employee 1230,Operations,33,5.5,66,18,12899837,0.3579,0.381,7,5.5,0,2.7,78,0,0.2689,0
1231,Synthetic Employee 1231,Sales,29,0.9,10,14,13615150,0.1346,0.406,8,0.3,0,3.8,22,0,0.2994,0
1232,Synthetic Employee 1232,Marketing,24,1.3,15,18,10296977,-0.0639,0.323,10,1.1,0,3.2,27,0,0.2994,0
1233,Synthetic Employee 1233,Consulting,38,0.3,3,20,8948059,-0.2219,0.061,12,0.3,1,2.8,8,1,0.2689,1
1234,Synthetic Employee 1234,Sales,42,9.5,114,3,18464595,0.5387,0.314,11,1.2,0,3.1,126,0,0.1359,0
1235,Synthetic Employee 1235,Engineering,49,5.6,67,24,16432395,0.0955,0.122,7,2.1,0,3.7,79,0,0.0871,0
1236,Synthetic Employee 1236,Engineering,35,4.7,56,7,11726706,-0.2182,0.134,7,3.1,0,2.3,68,0,0.525,0
1237,Synthetic Employee 1237,Sales,43,1.5,18,15,9971981,-0.169,0.13,6,0.7,0,3.4,30,0,0.1978,0
1238,Synthetic Employee 1238,Consulting,30,2.2,26,21,12806270,0.1136,0.128,4,1.8,1,4.1,38,0,0.0871,0
1239,Synthetic Employee 1239,Marketing,49,4.2,50,12,12039751,0.0945,0.217,9,2.7,1,3.0,62,0,0.1419,0
1240,Synthetic Employee 1240,Finance,27,9.2,110,11,21797797,0.557,0.102,5,4.3,0,4.4,122,0,0.1091,0
1241,Synthetic Employee 1241,Operations,42,2.2,26,10,9005853,-0.052,0.196,4,1.5,1,3.5,38,0,0.1419,0
1242,Synthetic Employee 1242,Consulting,30,2.1,25,8,8733644,-0.2406,0.508,9,0.5,0,2.9,29,1,0.4256,1
1243,Synthetic Employee 1243,Finance,32,1.8,21,13,15516046,0.1083,0.434,7,1.4,0,2.6,33,0,0.2227,0
1244,Synthetic Employee 1244,Marketing,36,5.2,62,5,13984693,0.2713,0.08,11,2.3,1,4.8,74,0,0.0497,0
1245,Synthetic Employee 1245,Human Resources,42,0.4,4,5,7736406,-0.2264,0.259,11,0.2,1,4.6,5,1,0.525,1
1246,Synthetic Employee 1246,Engineering,32,3.2,38,2,17519174,0.1679,0.33,2,2.5,2,3.4,50,0,0.1978,0
1247,Synthetic Employee 1247,Human Resources,29,2.6,31,8,9193672,-0.0806,0.238,7,0.8,0,2.0,43,0,0.2405,0
1248,Synthetic Employee 1248,Operations,40,0.7,8,10,8502554,-0.105,0.258,7,0.6,1,4.6,20,0,0.2994,0
1249,Synthetic Employee 1249,Marketing,40,4.9,58,7,11912373,0.0829,0.116,13,2.1,1,2.7,70,0,0.0871,0
1250,Synthetic Employee 1250,Operations,32,9.3,111,15,11369599,0.1968,0.278,7,1.5,0,1.6,112,1,0.2315,1
1251,Synthetic Employee 1251,Human Resources,26,1.6,19,23,7548701,-0.2451,0.291,13,1.1,1,4.5,25,1,0.4256,1
1252,Synthetic Employee 1252,Marketing,42,5.9,70,15,13086022,0.1896,0.437,8,2.4,0,3.8,82,0,0.1359,0
1253,Synthetic Employee 1253,Finance,49,2.8,33,18,17689761,0.2636,0.488,5,2.5,0,3.9,45,0,0.1359,0
1254,Synthetic Employee 1254,Finance,31,4.1,49,17,18052258,0.2894,0.013,10,3.4,0,2.7,61,0,0.1091,0
1255,Synthetic Employee 1255,Human Resources,32,5.7,68,10,9230276,-0.077,0.295,7,1.1,0,4.0,79,1,0.2227,1
1256,Synthetic Employee 1256,Human Resources,34,6.3,75,19,14225685,0.4226,0.321,9,0.4,0,4.2,80,1,0.1359,1
1257,Synthetic Employee 1257,Engineering,23,0.9,10,25,12026219,-0.1983,0.241,12,0.7,0,3.4,22,0,0.3894,0
1258,Synthetic Employee 1258,Finance,29,0.8,9,16,14137694,0.0098,0.487,12,0.5,0,3.5,21,0,0.2994,0
1259,Synthetic Employee 1259,Engineering,24,4.8,57,20,18126096,0.2084,0.348,9,4.7,0,2.9,69,0,0.2689,0
1260,Synthetic Employee 1260,Human Resources,37,6.2,74,21,12684486,0.2684,0.646,14,4.3,0,3.8,86,0,0.2689,0
1261,Synthetic Employee 1261,Operations,33,12.3,147,22,15368449,0.6177,0.177,8,5.3,0,2.2,159,0,0.2891,0
1262,Synthetic Employee 1262,Marketing,34,0.3,3,22,14809480,0.3463,0.303,9,0.2,0,4.5,15,0,0.19,0
1263,Synthetic Employee 1263,Finance,35,0.9,10,10,14703990,0.0503,0.095,6,0.8,1,3.1,22,0,0.1246,0
1264,Synthetic Employee 1264,Marketing,41,4.0,48,13,14219366,0.2927,0.289,6,1.4,0,2.7,60,0,0.1359,0
1265,Synthetic Employee 1265,Engineering,32,8.9,106,19,17427529,0.1618,0.124,7,0.9,1,4.3,117,1,0.0497,1
1266,Synthetic Employee 1266,Engineering,23,0.7,8,25,17793389,0.1862,0.174,5,0.3,1,4.2,20,0,0.1192,0
1267,Synthetic Employee 1267,Sales,46,11.6,139,1,18581226,0.5484,0.323,15,1.9,0,3.2,151,0,0.1359,0
1268,Synthetic Employee 1268,Operations,28,0.5,6,15,11125038,0.1711,0.193,11,0.2,0,2.6,18,0,0.1192,0
1269,Synthetic Employee 1269,Consulting,33,3.3,39,8,12806582,0.1136,0.315,8,0.5,1,3.0,43,1,0.2227,1
1270,Synthetic Employee 1270,Consulting,27,1.3,15,20,14213611,0.236,0.256,12,0.5,0,3.2,16,1,0.19,1
1271,Synthetic Employee 1271,Finance,39,2.7,32,18,13176009,-0.0589,0.248,13,2.7,0,4.3,44,0,0.1419,0
1272,Synthetic Employee 1272,Finance,35,0.4,4,9,11078760,-0.2087,0.164,2,0.3,0,3.4,13,1,0.3894,1
1273,Synthetic Employee 1273,Engineering,45,1.3,15,12,12631089,-0.1579,0.269,8,0.7,2,2.4,26,1,0.7685,1
1274,Synthetic Employee 1274,Consulting,34,5.2,62,6,11838388,0.0294,0.373,11,2.7,1,3.0,74,0,0.2227,0
1275,Synthetic Employee 1275,Operations,27,1.1,13,17,9864049,0.0383,0.194,6,0.3,1,2.6,25,0,0.1978,0
1276,Synthetic Employee 1276,Consulting,35,1.1,13,9,11809972,0.027,0.107,8,0.6,0,2.9,25,0,0.1246,0
1277,Synthetic Employee 1277,Marketing,49,0.5,6,22,12123003,0.1021,0.035,9,0.3,1,2.0,18,0,0.2142,0
1278,Synthetic Employee 1278,Finance,41,7.6,91,5,23517738,0.6798,0.159,6,5.0,2,4.0,103,0,0.2497,0
1279,Synthetic Employee 1279,Engineering,32,11.9,142,17,21479549,0.432,0.389,14,2.1,0,2.7,146,1,0.1359,1
1280,Synthetic Employee 1280,Consulting,45,5.6,67,4,11153383,-0.0301,0.534,6,3.5,3,4.8,79,0,0.5125,0
1281,Synthetic Employee 1281,Consulting,41,1.8,21,9,10838919,-0.0575,0.354,5,1.3,1,3.9,27,1,0.2227,1
1282,Synthetic Employee 1282,Sales,38,4.9,58,7,19512682,0.6261,0.146,10,4.8,3,3.7,66,1,0.1611,1
1283,Synthetic Employee 1283,Human Resources,34,0.8,9,19,9177162,-0.0823,0.432,8,0.7,0,3.4,21,0,0.2994,0
1284,Synthetic Employee 1284,Finance,27,0.3,3,2,12439411,-0.1115,0.346,6,0.3,0,2.8,15,0,0.2994,0
1285,Synthetic Employee 1285,Operations,44,2.1,25,15,8301134,-0.1262,0.299,10,0.5,1,2.8,37,0,0.4256,0
1286,Synthetic Employee 1286,Human Resources,22,0.3,3,19,8547550,-0.1452,0.366,9,0.3,0,3.5,6,1,0.525,1
1287,Synthetic Employee 1287,Marketing,39,4.1,49,30,12675992,0.1524,0.086,7,0.9,2,3.3,61,0,0.0759,0
1288,Synthetic Employee 1288,Sales,45,8.2,98,1,14856302,0.238,0.54,8,5.1,3,2.4,108,1,0.525,1
1289,Synthetic Employee 1289,Finance,36,1.6,19,21,16762867,0.1973,0.096,13,0.9,0,4.1,31,0,0.0497,0
1290,Synthetic Employee 1290,Human Resources,26,4.1,49,19,10332844,0.0333,0.271,9,3.3,0,3.7,50,1,0.4013,1
1291,Synthetic Employee 1291,Operations,39,9.2,110,10,14009999,0.4747,0.114,7,7.6,2,4.8,113,1,0.1611,1
1292,Synthetic Employee 1292,Consulting,43,8.8,105,7,17582953,0.529,0.166,8,1.3,0,3.3,117,0,0.0832,0
1293,Synthetic Employee 1293,Human Resources,31,4.4,52,13,10430480,0.043,0.219,14,2.6,0,4.4,64,0,0.1419,0
1294,Synthetic Employee 1294,Engineering,53,0.5,6,25,14715120,-0.019,0.533,13,0.4,1,3.3,13,1,0.2994,1
1295,Synthetic Employee 1295,Human Resources,25,7.3,87,8,16282069,0.6282,0.31,12,0.4,0,3.9,99,0,0.1359,0
1296,Synthetic Employee 1296,Marketing,30,1.9,22,31,12968308,0.1789,0.339,3,0.7,0,3.9,34,0,0.1359,0
1297,Synthetic Employee 1297,Human Resources,31,2.0,24,13,11451517,0.1452,0.105,11,1.4,0,2.5,36,0,0.0871,0
1298,Synthetic Employee 1298,Marketing,42,0.9,10,13,10554224,-0.0405,0.521,6,0.6,2,3.3,20,1,0.4013,1
1299,Synthetic Employee 1299,Marketing,21,0.3,3,23,11544621,0.0495,0.067,13,0.3,1,3.0,5,1,0.1246,1
1300,Synthetic Employee 1300,Operations,36,0.6,7,11,9608370,0.0114,0.085,9,0.3,0,2.6,12,1,0.1246,1
1301,Synthetic Employee 1301,Engineering,39,0.9,10,5,13690722,-0.0873,0.167,8,0.7,0,4.0,22,0,0.1978,0
1302,Synthetic Employee 1302,Consulting,39,2.4,28,12,13565496,0.1796,0.471,9,0.4,0,2.6,40,0,0.1359,0
1303,Synthetic Employee 1303,Sales,49,2.8,33,22,11419390,-0.0484,0.209,10,2.3,0,4.0,45,0,0.1419,0
1304,Synthetic Employee 1304,Marketing,30,2.0,24,11,12381634,0.1256,0.225,9,0.6,1,5.0,36,0,0.1419,0
1305,Synthetic Employee 1305,Human Resources,38,4.3,51,8,9130595,-0.0869,0.133,8,2.9,2,2.7,63,0,0.1301,0
1306,Synthetic Employee 1306,Operations,41,0.3,3,28,11953744,0.2583,0.124,5,0.3,1,3.1,15,0,0.0724,0
1307,Synthetic Employee 1307,Human Resources,56,3.5,42,18,15293793,0.5294,0.119,3,2.6,0,4.4,54,0,0.0497,0
1308,Synthetic Employee 1308,Marketing,36,1.1,13,43,14065804,0.2787,0.201,12,0.5,0,3.2,25,0,0.1824,0
1309,Synthetic Employee 1309,Operations,21,4.9,58,18,10762599,0.1329,0.56,18,0.9,1,3.5,70,0,0.2227,0
1310,Synthetic Employee 1310,Human Resources,21,5.3,63,28,13521990,0.3522,0.377,6,4.7,1,3.5,75,0,0.2689,0
1311,Synthetic Employee 1311,Consulting,36,10.0,120,6,14541786,0.2645,0.059,13,6.6,0,4.6,132,0,0.1091,0
1312,Synthetic Employee 1312,Consulting,34,0.5,6,29,13368007,0.1624,0.359,15,0.3,0,2.7,18,0,0.19,0
1313,Synthetic Employee 1313,Finance,29,0.3,3,6,12405918,-0.1139,0.079,7,0.2,1,3.0,5,1,0.1246,1
1314,Synthetic Employee 1314,Engineering,26,6.4,76,1,17971813,0.1981,0.18,7,5.9,0,2.9,88,0,0.1751,0
1315,Synthetic Employee 1315,Human Resources,40,0.3,3,56,10673467,0.0673,0.301,4,0.2,1,3.3,13,1,0.4134,1
1316,Synthetic Employee 1316,Engineering,31,5.4,64,10,16250273,0.0834,0.093,13,2.2,1,4.4,76,0,0.0871,0
1317,Synthetic Employee 1317,Marketing,37,4.8,57,12,12102492,0.1002,0.214,6,3.6,0,3.7,69,0,0.2789,0
1318,Synthetic Employee 1318,Marketing,24,0.3,3,5,8837409,-0.1966,0.568,8,0.3,1,4.1,4,1,0.525,1
1319,Synthetic Employee 1319,Marketing,21,3.3,39,9,10464306,-0.0487,0.279,11,1.7,1,2.7,51,0,0.2227,0
1320,Synthetic Employee 1320,Engineering,34,7.6,91,11,17248276,0.1499,0.51,11,5.9,0,3.8,97,1,0.4013,1
1321,Synthetic Employee 1321,Consulting,21,3.3,39,19,13323876,0.1586,0.122,7,2.3,0,4.3,51,0,0.0497,0
1322,Synthetic Employee 1322,Human Resources,21,3.5,42,5,9149281,-0.0851,0.288,10,1.5,1,4.2,47,1,0.2227,1
1323,Synthetic Employee 1323,Consulting,36,4.9,58,19,12646926,0.0997,0.21,12,2.1,0,2.3,70,0,0.2405,0
1324,Synthetic Employee 1324,Finance,31,10.0,120,5,17519814,0.2514,0.164,7,4.9,1,3.3,122,1,0.1751,1
1325,Synthetic Employee 1325,Consulting,42,3.3,39,6,14591762,0.2688,0.206,10,2.7,2,3.1,51,0,0.1246,0
1326,Synthetic Employee 1326,Engineering,37,7.7,92,18,21698965,0.4466,0.117,20,2.5,1,4.6,104,0,0.0497,0
1327,Synthetic Employee 1327,Operations,39,3.3,39,13,10031713,0.056,0.49,6,1.9,1,3.2,51,0,0.2227,0
1328,Synthetic Employee 1328,Consulting,31,0.6,7,20,11825505,0.0283,0.23,12,0.5,0,2.6,19,0,0.1978,0
1329,Synthetic Employee 1329,Finance,43,8.6,103,26,25158394,0.797,0.328,12,7.1,0,2.6,115,0,0.2689,0
1330,Synthetic Employee 1330,Human Resources,51,0.8,9,16,9721649,-0.0278,0.12,10,0.5,0,2.9,21,0,0.1246,0
1331,Synthetic Employee 1331,Human Resources,45,2.5,30,3,8874663,-0.1125,0.257,6,1.8,0,2.8,40,1,0.2227,1
1332,Synthetic Employee 1332,Engineering,31,1.1,13,33,18271261,0.2181,0.176,15,0.8,1,3.5,18,1,0.1192,1
1333,Synthetic Employee 1333,Sales,39,6.2,74,4,14908781,0.2424,0.179,15,3.4,0,4.0,84,1,0.1751,1
1334,Synthetic Employee 1334,Finance,45,3.6,43,4,12796678,-0.086,0.148,6,1.9,0,3.5,55,0,0.0871,0
1335,Synthetic Employee 1335,Marketing,32,12.2,146,4,12452898,0.1321,0.3,11,5.3,1,3.6,158,0,0.4013,0
1336,Synthetic Employee 1336,Finance,41,0.6,7,11,16940034,0.21,0.466,9,0.5,0,4.1,19,0,0.19,0
1337,Synthetic Employee 1337,Consulting,31,2.6,31,7,11225085,-0.0239,0.327,10,1.3,0,2.1,36,1,0.3543,1
1338,Synthetic Employee 1338,Human Resources,27,0.5,6,11,10703125,0.0703,0.118,6,0.5,0,3.8,18,0,0.1246,0
1339,Synthetic Employee 1339,Operations,26,0.6,7,7,10276025,0.0817,0.28,8,0.4,0,3.4,19,0,0.2994,0
1340,Synthetic Employee 1340,Human Resources,37,0.4,4,6,10441741,0.0442,0.461,7,0.3,0,4.0,16,0,0.2994,0
1341,Synthetic Employee 1341,Consulting,54,0.3,3,23,11317746,-0.0158,0.3,12,0.2,2,3.2,15,0,0.4013,0
1342,Synthetic Employee 1342,Engineering,40,0.3,3,43,16750403,0.1167,0.171,10,0.2,3,2.8,4,1,0.3894,1
1343,Synthetic Employee 1343,Sales,40,4.0,48,13,16150403,0.3459,0.205,10,2.8,0,3.1,60,0,0.0832,0
1344,Synthetic Employee 1344,Marketing,51,1.6,19,13,9436375,-0.1421,0.261,9,0.6,0,4.5,31,0,0.4256,0
1345,Synthetic Employee 1345,Finance,45,1.5,18,18,12877781,-0.0802,0.086,11,0.3,0,3.1,26,1,0.0871,1
1346,Synthetic Employee 1346,Sales,40,5.2,62,16,14806523,0.2339,0.29,9,1.2,0,3.8,74,0,0.1359,0
1347,Synthetic Employee 1347,Marketing,33,3.8,45,13,14570782,0.3246,0.283,7,0.7,0,3.8,57,0,0.1359,0
1348,Synthetic Employee 1348,Human Resources,21,4.4,52,22,13248346,0.3248,0.336,7,1.9,0,3.7,64,0,0.1359,0
1349,Synthetic Employee 1349,Operations,25,0.3,3,14,9981440,0.0507,0.278,8,0.3,1,2.8,14,1,0.2994,1
1350,Synthetic Employee 1350,Human Resources,42,8.3,99,21,12563599,0.2564,0.193,11,7.2,0,2.3,111,0,0.2891,0
1351,Synthetic Employee 1351,Engineering,26,2.0,24,23,11149047,-0.2567,0.072,13,1.5,0,4.7,36,0,0.1978,0
1352,Synthetic Employee 1352,Engineering,41,1.8,21,31,14220453,-0.052,0.269,10,1.6,0,3.1,33,0,0.2227,0
1353,Synthetic Employee 1353,Operations,31,8.1,97,25,8295352,-0.1268,0.172,6,3.0,0,3.6,98,1,0.5,1
1354,Synthetic Employee 1354,Finance,41,0.8,9,11,9861123,-0.2956,0.207,7,0.2,1,4.4,21,0,0.3894,0
1355,Synthetic Employee 1355,Consulting,44,9.1,109,16,9530938,-0.1712,0.072,9,3.4,1,4.7,121,0,0.3659,0
1356,Synthetic Employee 1356,Sales,46,6.1,73,24,12825349,0.0688,0.439,7,2.4,0,4.8,85,0,0.2227,0
1357,Synthetic Employee 1357,Operations,46,1.1,13,11,10217547,0.0755,0.083,13,1.0,0,3.0,25,0,0.1246,0
1358,Synthetic Employee 1358,Sales,49,3.8,45,13,11229419,-0.0642,0.391,8,0.3,0,2.7,57,0,0.2227,0
1359,Synthetic Employee 1359,Marketing,38,11.5,138,9,17468034,0.588,0.578,10,1.8,0,4.0,139,1,0.1359,1
1360,Synthetic Employee 1360,Finance,33,8.2,98,16,17856434,0.2755,0.517,8,5.2,1,3.1,103,1,0.2689,1
1361,Synthetic Employee 1361,Engineering,23,4.6,55,23,21047125,0.4031,0.052,12,2.4,2,3.4,57,1,0.0759,1
1362,Synthetic Employee 1362,Finance,43,3.4,40,19,18226706,0.3019,0.221,11,1.8,2,3.4,52,0,0.1246,0
1363,Synthetic Employee 1363,Human Resources,28,8.6,103,15,15171587,0.5172,0.426,7,7.7,0,4.2,104,1,0.2689,1
1364,Synthetic Employee 1364,Engineering,26,0.3,3,21,15654832,0.0437,0.034,10,0.3,0,2.8,15,0,0.1246,0
1365,Synthetic Employee 1365,Sales,21,1.8,21,23,12049667,0.0041,0.301,8,0.5,0,4.5,28,1,0.2227,1
1366,Synthetic Employee 1366,Consulting,44,15.3,183,12,14535437,0.264,0.113,5,1.7,0,3.8,195,0,0.0497,0
1367,Synthetic Employee 1367,Engineering,29,3.6,43,21,13870145,-0.0753,0.531,13,0.9,1,4.4,46,1,0.2227,1
1368,Synthetic Employee 1368,Human Resources,31,3.1,37,3,11405185,0.1405,0.326,6,2.1,3,4.0,39,1,0.31,1
1369,Synthetic Employee 1369,Engineering,34,4.6,55,4,15105180,0.007,0.537,6,1.4,0,2.2,67,0,0.3543,0
1370,Synthetic Employee 1370,Operations,39,8.4,100,12,11963189,0.2593,0.182,11,6.6,1,3.1,108,1,0.1751,1
1371,Synthetic Employee 1371,Consulting,37,11.0,132,18,17995675,0.5648,0.49,9,6.4,0,4.3,144,0,0.2689,0
1372,Synthetic Employee 1372,Sales,45,4.4,52,14,15113576,0.2595,0.42,11,1.0,0,3.1,64,0,0.1359,0
1373,Synthetic Employee 1373,Human Resources,48,16.5,198,7,11613896,0.1614,0.282,9,1.2,0,3.9,208,1,0.1359,1
1374,Synthetic Employee 1374,Operations,28,1.7,20,6,10305781,0.0848,0.234,17,0.3,0,3.4,32,0,0.1419,0
1375,Synthetic Employee 1375,Marketing,47,7.0,84,15,15527745,0.4116,0.223,8,2.1,0,3.5,96,0,0.0832,0
1376,Synthetic Employee 1376,Finance,28,0.3,3,22,16297577,0.1641,0.291,9,0.2,1,2.9,15,0,0.19,0
1377,Synthetic Employee 1377,Operations,41,3.3,39,12,9174731,-0.0342,0.409,11,2.0,2,4.2,51,0,0.31,0
1378,Synthetic Employee 1378,Marketing,25,1.5,18,12,9370607,-0.1481,0.373,15,0.3,1,3.9,21,1,0.4256,1
1379,Synthetic Employee 1379,Human Resources,35,8.6,103,16,11994776,0.1995,0.365,8,3.7,0,3.1,115,0,0.2689,0
1380,Synthetic Employee 1380,Consulting,31,3.7,44,12,14141510,0.2297,0.315,10,1.1,0,3.2,49,1,0.1359,1
1381,Synthetic Employee 1381,Human Resources,50,0.7,8,8,11158262,0.1158,0.078,10,0.6,0,2.9,20,0,0.1246,0
1382,Synthetic Employee 1382,Human Resources,32,2.1,25,10,11864085,0.1864,0.503,7,1.9,2,4.0,37,0,0.1978,0
1383,Synthetic Employee 1383,Sales,43,0.3,3,15,14821879,0.2352,0.103,10,0.2,0,3.4,15,0,0.0724,0
1384,Synthetic Employee 1384,Human Resources,21,1.9,22,7,8997997,-0.1002,0.301,8,0.2,0,3.9,34,0,0.2227,0
1385,Synthetic Employee 1385,Finance,22,8.0,96,13,18915932,0.3511,0.303,9,5.3,0,4.3,108,0,0.2689,0
1386,Synthetic Employee 1386,Sales,44,1.5,18,17,10490921,-0.1258,0.225,9,0.8,0,3.5,30,0,0.2994,0
1387,Synthetic Employee 1387,Human Resources,36,4.3,51,10,11246617,0.1247,0.045,12,3.9,0,4.6,63,0,0.1824,0
1388,Synthetic Employee 1388,Sales,37,5.2,62,1,16359092,0.3633,0.117,7,0.7,0,2.3,71,1,0.0911,1
1389,Synthetic Employee 1389,Finance,33,1.1,13,25,16431549,0.1737,0.118,7,0.4,0,3.6,25,0,0.0724,0
1390,Synthetic Employee 1390,Finance,39,7.9,94,20,14334449,0.0239,0.194,4,3.3,1,3.4,96,1,0.2789,1
1391,Synthetic Employee 1391,Operations,45,0.6,7,33,8002738,-0.1576,0.054,9,0.2,2,2.1,19,0,0.525,0
1392,Synthetic Employee 1392,Sales,21,6.4,76,46,14630924,0.2192,0.478,10,0.4,1,3.1,88,0,0.2059,0
1393,Synthetic Employee 1393,Consulting,44,0.3,3,15,11674093,0.0151,0.324,10,0.2,1,3.6,6,1,0.2994,1
1394,Synthetic Employee 1394,Engineering,39,2.6,31,19,19085497,0.2724,0.156,8,1.0,0,3.0,43,0,0.0832,0
1395,Synthetic Employee 1395,Marketing,30,0.9,10,22,9745830,-0.114,0.413,9,0.3,0,3.8,22,0,0.2994,0
1396,Synthetic Employee 1396,Consulting,32,2.5,30,9,9608519,-0.1645,0.255,6,2.5,3,2.5,34,1,0.5374,1
1397,Synthetic Employee 1397,Consulting,27,1.8,21,17,13211570,0.1488,0.321,11,0.6,0,4.0,28,1,0.2227,1
1398,Synthetic Employee 1398,Consulting,37,5.6,67,4,12515374,0.0883,0.201,12,2.9,1,3.5,79,0,0.1419,0
1399,Synthetic Employee 1399,Human Resources,42,1.4,16,8,13742491,0.3742,0.368,10,0.2,1,4.0,28,0,0.19,0
1400,Synthetic Employee 1400,Marketing,40,3.7,44,14,12200924,0.1092,0.164,7,0.8,0,3.0,56,0,0.1419,0
1401,Synthetic Employee 1401,Consulting,42,6.3,75,32,17112440,0.488,0.105,7,5.0,0,1.8,87,0,0.19,0
1402,Synthetic Employee 1402,Finance,34,2.1,25,5,15365260,0.0975,0.181,6,0.4,1,3.9,33,1,0.1419,1
1403,Synthetic Employee 1403,Marketing,40,1.3,15,12,10147844,-0.0775,0.266,6,0.4,1,4.3,27,0,0.2994,0
1404,Synthetic Employee 1404,Consulting,33,0.4,4,33,11509743,0.0008,0.114,5,0.3,2,3.7,16,0,0.1824,0
1405,Synthetic Employee 1405,Engineering,21,2.8,33,2,16113305,0.0742,0.687,10,0.4,0,3.5,45,0,0.2227,0
1406,Synthetic Employee 1406,Marketing,33,5.1,61,3,10587446,-0.0375,0.089,5,1.4,1,3.4,73,0,0.0871,0
1407,Synthetic Employee 1407,Operations,31,4.4,52,13,10496462,0.1049,0.405,11,1.4,3,2.9,64,0,0.31,0
1408,Synthetic Employee 1408,Marketing,48,2.6,31,10,13478514,0.2253,0.429,18,1.2,1,4.2,43,0,0.1359,0
1409,Synthetic Employee 1409,Consulting,39,5.3,63,14,11033957,-0.0405,0.093,10,1.3,1,2.6,75,0,0.0871,0
1410,Synthetic Employee 1410,Finance,32,7.9,94,10,22043730,0.5746,0.226,14,4.0,0,2.8,106,0,0.1751,0
1411,Synthetic Employee 1411,Finance,48,4.2,50,18,17269853,0.2336,0.345,12,2.9,0,4.2,62,0,0.1359,0
1412,Synthetic Employee 1412,Operations,31,2.6,31,27,12502455,0.316,0.132,14,0.4,0,4.6,43,0,0.0497,0
1413,Synthetic Employee 1413,Human Resources,34,2.6,31,10,10001121,0.0001,0.124,18,1.9,0,2.3,43,0,0.1545,0
1414,Synthetic Employee 1414,Consulting,29,3.3,39,8,8534176,-0.2579,0.09,8,2.4,0,2.6,51,0,0.1978,0
1415,Synthetic Employee 1415,Sales,21,0.8,9,12,13928082,0.1607,0.103,8,0.8,3,2.0,21,0,0.19,0
1416,Synthetic Employee 1416,Human Resources,46,0.3,3,12,7841647,-0.2158,0.294,5,0.2,2,3.3,5,1,0.6341,1
1417,Synthetic Employee 1417,Finance,43,1.8,21,20,19425016,0.3875,0.256,11,0.7,0,4.0,33,0,0.1359,0
1418,Synthetic Employee 1418,Human Resources,24,4.6,55,9,12686526,0.2687,0.194,9,1.9,0,3.4,67,0,0.0832,0
1419,Synthetic Employee 1419,Marketing,45,5.1,61,8,12659064,0.1508,0.105,7,4.1,1,4.7,71,1,0.1091,1
1420,Synthetic Employee 1420,Marketing,45,5.6,67,19,14138456,0.2853,0.231,5,1.3,2,2.8,79,0,0.1246,0
1421,Synthetic Employee 1421,Finance,46,5.1,61,17,19405204,0.3861,0.333,12,1.2,0,2.6,73,0,0.1359,0
1422,Synthetic Employee 1422,Consulting,27,8.2,98,5,17470696,0.5192,0.067,9,2.1,0,4.4,110,0,0.0497,0
1423,Synthetic Employee 1423,Finance,50,3.9,46,16,12685620,-0.0939,0.347,7,2.1,1,4.1,58,0,0.2227,0
1424,Synthetic Employee 1424,Human Resources,39,13.6,163,9,17515922,0.7516,0.214,6,1.5,0,3.7,175,0,0.0832,0
1425,Synthetic Employee 1425,Human Resources,45,6.2,74,5,15284286,0.5284,0.285,4,4.1,1,3.1,85,1,0.2689,1
1426,Synthetic Employee 1426,Marketing,32,4.5,54,3,14998975,0.3635,0.206,5,4.2,2,4.2,66,0,0.2497,0
1427,Synthetic Employee 1427,Consulting,38,7.5,90,6,16891644,0.4688,0.285,10,7.0,0,3.0,102,0,0.2689,0
1428,Synthetic Employee 1428,Sales,37,0.8,9,12,12174954,0.0146,0.1,2,0.4,1,3.6,21,0,0.1246,0
1429,Synthetic Employee 1429,Operations,41,0.5,6,10,10409657,0.0958,0.465,3,0.3,1,3.3,7,1,0.2994,1
1430,Synthetic Employee 1430,Sales,21,3.6,43,18,11805230,-0.0162,0.314,7,0.9,2,4.3,55,0,0.31,0
1431,Synthetic Employee 1431,Finance,42,1.9,22,37,14498410,0.0356,0.091,10,1.6,0,3.4,34,0,0.1359,0
1432,Synthetic Employee 1432,Human Resources,21,2.5,30,9,8837368,-0.1163,0.495,12,0.7,0,1.8,41,1,0.3543,1
1433,Synthetic Employee 1433,Sales,43,0.7,8,11,13883874,0.157,0.236,12,0.5,0,3.5,20,0,0.1192,0
1434,Synthetic Employee 1434,Consulting,27,2.6,31,5,14026530,0.2197,0.433,9,0.5,0,3.5,43,0,0.1359,0
1435,Synthetic Employee 1435,Consulting,48,1.2,14,17,11760321,0.0226,0.224,7,1.2,0,3.5,22,1,0.1978,1
1436,Synthetic Employee 1436,Human Resources,37,3.4,40,10,14015493,0.4015,0.229,11,2.8,0,4.0,52,0,0.0832,0
1437,Synthetic Employee 1437,Engineering,47,1.5,18,5,14618658,-0.0254,0.107,12,1.0,1,2.9,30,0,0.0871,0
1438,Synthetic Employee 1438,Marketing,34,10.8,129,17,16498610,0.4999,0.258,13,3.2,0,2.9,141,0,0.2689,0
1439,Synthetic Employee 1439,Operations,33,1.3,15,6,12291518,0.2938,0.075,7,0.5,0,4.2,27,0,0.0724,0
1440,Synthetic Employee 1440,Human Resources,32,1.1,13,19,10524603,0.0525,0.339,8,0.5,0,3.3,25,0,0.2994,0
1441,Synthetic Employee 1441,Operations,41,3.7,44,23,9757355,0.0271,0.074,7,1.3,2,3.1,56,0,0.1301,0
1442,Synthetic Employee 1442,Consulting,38,0.3,3,4,9966787,-0.1333,0.084,6,0.2,1,4.8,15,0,0.2689,0
1443,Synthetic Employee 1443,Human Resources,45,5.1,61,4,10856794,0.0857,0.296,9,2.8,0,2.0,66,1,0.3543,1
1444,Synthetic Employee 1444,Human Resources,27,11.6,139,7,15934634,0.5935,0.277,10,6.6,0,2.8,146,1,0.2689,1
1445,Synthetic Employee 1445,Operations,43,1.6,19,17,8653946,-0.0891,0.104,5,0.6,1,4.1,31,0,0.0871,0
1446,Synthetic Employee 1446,Consulting,45,1.6,19,16,13764327,0.1969,0.495,10,0.3,2,2.2,27,1,0.3208,1
1447,Synthetic Employee 1447,Consulting,39,2.9,34,8,14841528,0.2906,0.737,9,1.9,2,3.2,36,1,0.1978,1
1448,Synthetic Employee 1448,Operations,23,3.6,43,15,11250817,0.1843,0.074,9,1.3,0,3.8,51,1,0.0497,1
1449,Synthetic Employee 1449,Sales,46,0.3,3,15,13375455,0.1146,0.16,7,0.2,0,4.5,15,0,0.1978,0
1450,Synthetic Employee 1450,Human Resources,41,3.8,45,8,10528236,0.0528,0.373,13,2.2,1,2.1,57,0,0.3543,0
1451,Synthetic Employee 1451,Engineering,36,0.4,4,8,11937784,-0.2041,0.462,2,0.2,1,3.5,16,0,0.525,0
1452,Synthetic Employee 1452,Sales,32,0.8,9,18,11501399,-0.0416,0.462,5,0.6,1,3.5,21,0,0.2994,0
1453,Synthetic Employee 1453,Finance,42,1.0,12,35,12512392,-0.1063,0.28,6,0.3,0,2.6,24,0,0.2994,0
1454,Synthetic Employee 1454,Finance,37,14.5,174,6,17025944,0.2161,0.11,10,0.5,2,2.8,186,0,0.0759,0
1455,Synthetic Employee 1455,Marketing,53,5.2,62,41,13374596,0.2159,0.43,10,5.0,0,3.8,72,1,0.3775,1
1456,Synthetic Employee 1456,Consulting,47,7.3,87,14,13651744,0.1871,0.017,8,6.4,0,3.0,99,0,0.1091,0
1457,Synthetic Employee 1457,Engineering,26,3.0,36,14,17453302,0.1636,0.434,6,1.5,1,3.3,48,0,0.1359,0
1458,Synthetic Employee 1458,Consulting,49,1.7,20,18,14221138,0.2366,0.277,10,1.1,1,3.5,32,0,0.1359,0
1459,Synthetic Employee 1459,Consulting,24,1.5,18,8,13818931,0.2016,0.168,7,0.3,0,3.2,30,0,0.0832,0
1460,Synthetic Employee 1460,Human Resources,32,1.9,22,3,11476007,0.1476,0.663,10,0.7,2,2.8,34,0,0.31,0
1461,Synthetic Employee 1461,Engineering,32,5.2,62,18,18118973,0.2079,0.311,9,2.8,0,3.3,74,0,0.1359,0
1462,Synthetic Employee 1462,Finance,32,2.2,26,20,13788489,-0.0151,0.493,11,1.2,0,3.0,38,0,0.2227,0
1463,Synthetic Employee 1463,Human Resources,25,4.9,58,20,9128213,-0.0872,0.313,14,1.2,2,4.3,70,0,0.31,0
1464,Synthetic Employee 1464,Engineering,29,11.8,141,16,20579293,0.372,0.391,12,4.0,2,3.9,153,0,0.3659,0
1465,Synthetic Employee 1465,Operations,39,0.3,3,29,10002716,0.0529,0.335,17,0.3,0,2.9,15,0,0.2994,0
1466,Synthetic Employee 1466,Sales,50,6.0,72,8,13944295,0.162,0.322,9,0.3,0,4.0,84,0,0.1359,0
1467,Synthetic Employee 1467,Human Resources,50,0.4,4,23,9332673,-0.0667,0.333,9,0.2,0,3.6,16,0,0.2994,0
1468,Synthetic Employee 1468,Consulting,28,4.3,51,6,10859512,-0.0557,0.326,10,4.2,0,3.4,54,1,0.4013,1
1469,Synthetic Employee 1469,Operations,32,3.8,45,5,8101662,-0.1472,0.101,10,0.9,0,2.7,57,0,0.1978,0
1470,Synthetic Employee 1470,Sales,50,1.1,13,18,11979682,-0.0017,0.109,12,0.3,0,2.3,25,0,0.2142,0
1471,Synthetic Employee 1471,Engineering,38,1.4,16,13,18144863,0.2097,0.353,4,1.3,0,2.3,28,0,0.31,0
1472,Synthetic Employee 1472,Human Resources,43,2.5,30,17,10116694,0.0117,0.085,7,1.8,2,3.1,38,1,0.1301,1
1473,Synthetic Employee 1473,Consulting,44,3.1,37,11,12079146,0.0504,0.239,12,1.8,0,3.2,49,0,0.1419,0
1474,Synthetic Employee 1474,Marketing,27,0.8,9,12,9920760,-0.0981,0.092,12,0.5,1,2.8,16,1,0.1246,1
1475,Synthetic Employee 1475,Marketing,34,0.4,4,29,12422054,0.1293,0.422,8,0.3,1,3.6,16,0,0.2994,0
1476,Synthetic Employee 1476,Finance,23,1.0,12,6,16027412,0.1448,0.227,6,0.9,0,3.2,24,0,0.1978,0
1477,Synthetic Employee 1477,Operations,36,5.5,66,2,11190688,0.178,0.221,8,3.0,0,3.0,78,0,0.1751,0
1478,Synthetic Employee 1478,Human Resources,26,4.9,58,11,11426343,0.1426,0.091,13,2.5,2,2.8,70,0,0.1301,0
1479,Synthetic Employee 1479,Operations,21,2.2,26,9,8935411,-0.0594,0.242,8,0.4,1,3.4,38,0,0.1419,0
1480,Synthetic Employee 1480,Engineering,40,16.2,194,35,17732604,0.1822,0.316,6,5.0,2,4.1,206,0,0.3659,0
1481,Synthetic Employee 1481,Consulting,21,8.3,99,13,16769979,0.4583,0.286,9,2.0,1,2.9,111,0,0.1359,0
1482,Synthetic Employee 1482,Marketing,22,2.0,24,17,9190489,-0.1645,0.362,8,1.2,1,4.0,33,1,0.4256,1
1483,Synthetic Employee 1483,Consulting,31,5.2,62,6,12829176,0.1156,0.199,7,4.0,1,3.1,74,0,0.2789,0
1484,Synthetic Employee 1484,Operations,32,2.7,32,8,10803830,0.1372,0.368,8,1.4,0,4.3,44,0,0.2227,0
1485,Synthetic Employee 1485,Consulting,33,1.4,16,11,11790497,0.0253,0.427,9,1.1,0,3.9,21,1,0.2994,1
1486,Synthetic Employee 1486,Finance,26,0.5,6,10,13710436,-0.0207,0.239,7,0.3,0,4.1,18,0,0.1978,0
1487,Synthetic Employee 1487,Human Resources,50,0.7,8,14,9032993,-0.0967,0.108,2,0.5,0,4.1,20,0,0.1246,0
1488,Synthetic Employee 1488,Marketing,45,0.4,4,39,9819297,-0.1073,0.293,4,0.3,0,2.9,12,1,0.4134,1
1489,Synthetic Employee 1489,Operations,31,4.1,49,14,10988920,0.1567,0.214,12,1.4,0,3.9,61,0,0.0832,0
1490,Synthetic Employee 1490,Operations,41,20.0,240,15,12130800,0.2769,0.195,5,1.0,1,5.0,252,0,0.0832,0
1491,Synthetic Employee 1491,Consulting,36,9.4,112,6,18565974,0.6144,0.112,8,2.2,1,2.6,124,0,0.0497,0
1492,Synthetic Employee 1492,Human Resources,28,2.0,24,14,12685438,0.2685,0.271,13,0.7,0,3.2,35,1,0.1359,1
1493,Synthetic Employee 1493,Consulting,49,1.1,13,14,8416012,-0.2682,0.495,12,0.2,0,2.8,25,0,0.525,0
1494,Synthetic Employee 1494,Finance,34,3.3,39,7,16767663,0.1977,0.217,17,0.3,0,3.3,51,0,0.0832,0
1495,Synthetic Employee 1495,Engineering,38,0.3,3,18,21858628,0.4572,0.203,7,0.3,0,2.9,15,0,0.1192,0
1496,Synthetic Employee 1496,Finance,28,5.2,62,24,21282206,0.5202,0.434,12,2.0,0,3.3,74,0,0.1359,0
1497,Synthetic Employee 1497,Engineering,25,1.7,20,19,19023084,0.2682,0.173,10,1.7,0,3.8,32,0,0.0832,0
1498,Synthetic Employee 1498,Sales,45,4.9,58,13,14874027,0.2395,0.22,11,1.3,0,2.0,70,0,0.148,0
1499,Synthetic Employee 1499,Operations,42,3.4,40,24,13293959,0.3994,0.11,7,0.5,0,4.4,52,0,0.0497,0
1500,Synthetic Employee 1500,Operations,43,3.0,36,4,8663162,-0.0881,0.264,9,1.9,0,3.4,48,0,0.2227,0
1501,Synthetic Employee 1501,Marketing,44,1.7,20,3,13812248,0.2557,0.179,4,0.8,1,3.5,32,0,0.0832,0
1502,Synthetic Employee 1502,Sales,35,12.4,148,12,22387570,0.8656,0.141,6,2.7,1,2.6,160,0,0.0497,0
1503,Synthetic Employee 1503,Operations,29,0.3,3,10,7799428,-0.179,0.148,10,0.2,2,3.3,15,0,0.3659,0
1504,Synthetic Employee 1504,Engineering,38,2.0,24,7,17660123,0.1773,0.339,14,1.6,3,3.7,35,1,0.1978,1
1505,Synthetic Employee 1505,Human Resources,34,5.2,62,5,10300276,0.03,0.307,13,1.5,1,3.3,74,0,0.2227,0
1506,Synthetic Employee 1506,Engineering,34,0.3,3,9,17556154,0.1704,0.321,9,0.2,1,3.6,15,0,0.19,0
1507,Synthetic Employee 1507,Consulting,43,0.4,4,9,15446065,0.3431,0.531,11,0.2,0,3.9,16,0,0.19,0
1508,Synthetic Employee 1508,Operations,42,1.3,15,16,11132747,0.1719,0.188,9,0.2,3,3.8,27,0,0.1751,0
1509,Synthetic Employee 1509,Operations,26,3.5,42,14,12945384,0.3627,0.388,5,1.3,1,2.7,54,0,0.1359,0
1510,Synthetic Employee 1510,Consulting,35,8.6,103,8,14512702,0.262,0.381,11,2.4,1,2.2,115,0,0.2315,0
1511,Synthetic Employee 1511,Engineering,41,0.4,4,11,13899265,-0.0734,0.219,13,0.3,2,3.5,13,1,0.2789,1
1512,Synthetic Employee 1512,Human Resources,22,0.3,3,12,11238301,0.1238,0.078,8,0.2,1,2.8,15,0,0.1246,0
1513,Synthetic Employee 1513,Sales,29,5.2,62,13,15360015,0.28,0.285,9,4.2,0,4.1,74,0,0.2689,0
1514,Synthetic Employee 1514,Operations,36,3.2,38,15,6378961,-0.3285,0.13,11,1.9,0,3.9,50,0,0.1978,0
1515,Synthetic Employee 1515,Marketing,48,2.7,32,11,13078322,0.1889,0.028,8,1.8,0,2.8,44,0,0.0497,0
1516,Synthetic Employee 1516,Engineering,29,1.3,15,6,16842659,0.1228,0.127,7,0.5,1,3.5,27,0,0.1246,0
1517,Synthetic Employee 1517,Engineering,39,0.6,7,2,16868202,0.1245,0.337,6,0.5,0,3.9,19,0,0.2994,0
1518,Synthetic Employee 1518,Marketing,49,7.5,90,19,14717514,0.338,0.422,8,3.8,1,3.7,102,0,0.2689,0
1519,Synthetic Employee 1519,Consulting,39,4.0,48,2,13730455,0.194,0.018,10,3.6,0,3.5,60,0,0.1091,0
1520,Synthetic Employee 1520,Engineering,45,1.2,14,29,17513430,0.1676,0.367,8,0.4,2,3.0,26,0,0.2689,0
1521,Synthetic Employee 1521,Marketing,23,2.1,25,10,12012101,0.092,0.476,5,1.2,0,2.0,37,0,0.3543,0
1522,Synthetic Employee 1522,Marketing,40,1.4,16,9,14392037,0.3084,0.439,11,1.3,0,3.5,28,0,0.19,0
1523,Synthetic Employee 1523,Marketing,31,3.3,39,4,13687183,0.2443,0.132,10,2.2,1,3.5,51,0,0.0497,0
1524,Synthetic Employee 1524,Human Resources,45,1.4,16,15,10481231,0.0481,0.073,6,0.8,3,3.1,28,0,0.1824,0
1525,Synthetic Employee 1525,Sales,34,2.4,28,6,10872552,-0.094,0.34,8,1.4,0,3.3,40,0,0.2227,0
1526,Synthetic Employee 1526,Sales,24,2.2,26,6,12928562,0.0774,0.176,5,1.0,0,3.9,38,0,0.1419,0
1527,Synthetic Employee 1527,Finance,34,2.1,25,19,16920520,0.2086,0.109,11,0.7,0,2.8,37,0,0.0497,0
1528,Synthetic Employee 1528,Human Resources,33,14.1,169,6,10278478,0.0278,0.082,8,3.5,0,4.5,181,0,0.1824,0
1529,Synthetic Employee 1529,Finance,21,0.4,4,16,11567878,-0.1737,0.266,8,0.4,1,3.0,10,1,0.525,1
1530,Synthetic Employee 1530,Operations,37,1.3,15,26,12758875,0.343,0.483,9,1.0,1,3.5,27,0,0.19,0
1531,Synthetic Employee 1531,Consulting,43,7.9,94,30,12876526,0.1197,0.149,7,2.7,0,3.9,106,0,0.0871,0
1532,Synthetic Employee 1532,Sales,30,0.4,4,14,13224714,0.1021,0.299,8,0.4,0,3.0,16,0,0.2994,0
1533,Synthetic Employee 1533,Sales,35,2.5,30,17,17624184,0.4687,0.104,7,2.3,2,4.4,42,0,0.0759,0
1534,Synthetic Employee 1534,Sales,34,3.2,38,7,12679056,0.0566,0.152,6,0.3,0,3.0,44,1,0.1419,1
1535,Synthetic Employee 1535,Engineering,36,6.1,73,7,19928430,0.3286,0.157,15,1.1,0,3.3,85,0,0.0832,0
1536,Synthetic Employee 1536,Finance,27,2.0,24,18,17037532,0.217,0.233,11,1.3,0,4.1,36,0,0.0832,0
1537,Synthetic Employee 1537,Consulting,41,0.7,8,13,11364591,-0.0118,0.029,9,0.6,2,3.3,20,0,0.1824,0
1538,Synthetic Employee 1538,Human Resources,30,1.0,12,22,10523356,0.0523,0.173,5,0.9,0,3.8,24,0,0.1978,0
1539,Synthetic Employee 1539,Finance,35,0.3,3,7,14434142,0.031,0.127,7,0.2,1,4.1,15,0,0.1246,0
1540,Synthetic Employee 1540,Operations,34,12.1,145,15,13485018,0.4195,0.257,11,0.2,1,3.0,149,1,0.1359,1
1541,Synthetic Employee 1541,Sales,42,1.3,15,3,11994010,-0.0005,0.15,4,1.0,0,2.6,27,0,0.1246,0
1542,Synthetic Employee 1542,Human Resources,33,6.1,73,14,15289331,0.5289,0.201,14,0.2,0,3.4,85,0,0.0832,0
1543,Synthetic Employee 1543,Finance,43,1.9,22,15,14284252,0.0203,0.363,5,1.2,0,3.6,34,0,0.2227,0
1544,Synthetic Employee 1544,Sales,42,0.3,3,8,15011000,0.2509,0.148,9,0.3,3,3.5,15,0,0.1091,0
1545,Synthetic Employee 1545,Sales,24,9.5,114,39,16107830,0.3423,0.173,11,7.6,0,3.1,121,1,0.2592,1
1546,Synthetic Employee 1546,Human Resources,40,1.5,18,16,8277655,-0.1722,0.156,19,1.1,0,3.8,30,0,0.2994,0
1547,Synthetic Employee 1547,Operations,38,2.0,24,11,9330276,-0.0179,0.246,9,1.2,0,3.1,36,0,0.1419,0
1548,Synthetic Employee 1548,Marketing,44,2.9,34,23,12697835,0.1543,0.121,9,0.5,0,4.1,40,1,0.0497,1
1549,Synthetic Employee 1549,Human Resources,21,1.9,22,18,11724996,0.1725,0.069,15,0.7,3,2.5,34,0,0.0759,0
1550,Synthetic Employee 1550,Marketing,51,0.4,4,14,9891188,-0.1008,0.565,4,0.3,1,3.1,16,0,0.2994,0
1551,Synthetic Employee 1551,Operations,21,1.3,15,9,10725753,0.129,0.068,10,0.2,3,3.2,19,1,0.1824,1
1552,Synthetic Employee 1552,Engineering,35,0.3,3,8,14788868,-0.0141,0.285,8,0.3,0,3.4,15,0,0.2994,0
1553,Synthetic Employee 1553,Consulting,34,0.3,3,28,13909060,0.2095,0.295,7,0.2,0,2.7,15,0,0.19,0
1554,Synthetic Employee 1554,Human Resources,51,5.2,62,12,15318329,0.5318,0.188,12,3.7,1,2.3,74,0,0.2891,0
1555,Synthetic Employee 1555,Marketing,30,10.9,130,15,15030548,0.3664,0.293,10,6.1,1,4.0,142,0,0.2689,0
1556,Synthetic Employee 1556,Operations,32,12.0,144,7,11733007,0.2351,0.079,10,5.3,0,3.9,156,0,0.1091,0
1557,Synthetic Employee 1557,Finance,33,0.4,4,9,13745671,-0.0182,0.279,9,0.2,2,2.6,16,0,0.4013,0
1558,Synthetic Employee 1558,Sales,37,0.8,9,8,11796155,-0.017,0.236,4,0.2,0,3.1,21,0,0.1978,0
1559,Synthetic Employee 1559,Engineering,26,1.6,19,13,20742620,0.3828,0.185,6,1.1,0,2.3,31,0,0.148,0
1560,Synthetic Employee 1560,Human Resources,52,5.7,68,9,9856832,-0.0143,0.215,4,4.3,1,3.6,80,0,0.2789,0
1561,Synthetic Employee 1561,Marketing,35,5.2,62,16,12692771,0.1539,0.437,7,1.5,0,3.4,74,0,0.1359,0
1562,Synthetic Employee 1562,Finance,44,0.3,3,2,13872832,-0.0091,0.141,6,0.2,0,4.3,15,0,0.1246,0
1563,Synthetic Employee 1563,Marketing,28,0.5,6,55,12342093,0.122,0.242,15,0.4,0,3.6,13,1,0.2891,1
1564,Synthetic Employee 1564,Operations,39,4.5,54,17,16451933,0.7318,0.399,11,2.6,2,3.1,66,0,0.1978,0
1565,Synthetic Employee 1565,Human Resources,31,0.3,3,24,12391118,0.2391,0.384,12,0.2,0,4.4,15,0,0.19,0
1566,Synthetic Employee 1566,Operations,43,0.5,6,22,8308924,-0.1254,0.173,10,0.5,0,3.8,18,0,0.3894,0
1567,Synthetic Employee 1567,Marketing,21,2.9,34,5,13317718,0.2107,0.112,11,1.6,1,4.3,46,0,0.0497,0
1568,Synthetic Employee 1568,Human Resources,28,6.0,72,3,7020863,-0.2979,0.204,9,4.7,1,3.8,81,1,0.5,1
1569,Synthetic Employee 1569,Consulting,38,10.0,120,23,18885004,0.6422,0.501,12,3.2,1,3.6,127,1,0.2689,1
1570,Synthetic Employee 1570,Marketing,41,3.8,45,39,10582965,-0.0379,0.418,10,1.5,0,2.0,57,0,0.475,0
1571,Synthetic Employee 1571,Sales,32,1.2,14,6,13420523,0.1184,0.359,6,1.2,0,3.4,26,0,0.2994,0
1572,Synthetic Employee 1572,Human Resources,48,0.3,3,14,10636643,0.0637,0.272,9,0.3,0,3.1,15,0,0.2994,0
1573,Synthetic Employee 1573,Consulting,36,4.0,48,35,16995823,0.4779,0.508,7,1.5,0,3.5,60,0,0.1359,0
1574,Synthetic Employee 1574,Human Resources,26,4.2,50,2,12945418,0.2945,0.415,11,3.9,1,3.3,51,1,0.2689,1
1575,Synthetic Employee 1575,Engineering,21,1.3,15,15,12981617,-0.1346,0.284,7,1.1,0,3.6,24,1,0.525,1
1576,Synthetic Employee 1576,Sales,32,5.4,64,5,14921570,0.2435,0.219,13,0.9,2,3.4,65,1,0.1246,1
1577,Synthetic Employee 1577,Human Resources,28,7.6,91,11,7694516,-0.2305,0.197,14,1.8,0,2.7,103,0,0.2994,0
1578,Synthetic Employee 1578,Finance,35,2.0,24,19,15598056,0.1141,0.158,11,1.8,2,3.4,36,0,0.2059,0
1579,Synthetic Employee 1579,Marketing,39,0.6,7,7,11628882,0.0572,0.105,4,0.4,0,3.7,12,1,0.1246,1
1580,Synthetic Employee 1580,Finance,21,7.8,93,14,16890993,0.2065,0.189,10,6.0,0,3.8,105,0,0.1751,0
1581,Synthetic Employee 1581,Marketing,37,0.3,3,22,11408856,0.0372,0.339,8,0.2,0,3.3,9,1,0.2994,1
1582,Synthetic Employee 1582,Operations,38,3.4,40,8,12146793,0.2786,0.205,12,3.0,0,3.5,52,0,0.1751,0
1583,Synthetic Employee 1583,Marketing,48,1.7,20,4,11731760,0.0665,0.16,10,1.1,1,3.4,32,0,0.1419,0
1584,Synthetic Employee 1584,Engineering,38,0.7,8,23,16459845,0.0973,0.146,6,0.7,3,3.0,20,0,0.1824,0
1585,Synthetic Employee 1585,Consulting,33,2.2,26,4,12730881,0.107,0.119,8,0.7,1,4.1,38,0,0.0871,0
1586,Synthetic Employee 1586,Operations,28,0.3,3,19,9146510,-0.0372,0.128,10,0.2,0,4.4,15,0,0.1246,0
1587,Synthetic Employee 1587,Human Resources,48,3.2,38,8,12307807,0.2308,0.14,10,0.5,1,3.1,50,0,0.0497,0
1588,Synthetic Employee 1588,Marketing,35,5.1,61,5,12231822,0.112,0.188,9,2.4,0,3.3,73,0,0.1419,0
1589,Synthetic Employee 1589,Engineering,37,9.3,111,30,19464241,0.2976,0.25,6,4.1,1,2.2,123,0,0.2891,0
1590,Synthetic Employee 1590,Finance,44,8.3,99,16,19493958,0.3924,0.189,8,0.8,1,2.8,111,0,0.0832,0
1591,Synthetic Employee 1591,Consulting,48,6.5,78,7,10138384,-0.1184,0.355,14,3.1,0,4.5,86,1,0.4013,1
1592,Synthetic Employee 1592,Operations,50,1.8,21,4,12124718,0.2763,0.297,12,1.2,0,3.3,33,0,0.1359,0
1593,Synthetic Employee 1593,Consulting,32,1.6,19,12,14843148,0.2907,0.05,4,0.7,0,4.1,29,1,0.0497,1
1594,Synthetic Employee 1594,Operations,36,0.8,9,3,8967237,-0.0561,0.289,5,0.6,1,3.4,21,0,0.2994,0
1595,Synthetic Employee 1595,Engineering,33,1.8,21,28,21206509,0.4138,0.279,7,0.3,1,3.9,33,0,0.1359,0
1596,Synthetic Employee 1596,Finance,30,3.3,39,17,13351475,-0.0463,0.22,5,2.8,1,3.5,51,0,0.1419,0
1597,Synthetic Employee 1597,Operations,45,3.0,36,11,11935986,0.2564,0.081,6,0.6,1,4.5,48,0,0.0497,0
1598,Synthetic Employee 1598,Human Resources,29,1.7,20,18,11728059,0.1728,0.449,9,0.3,0,3.5,32,0,0.1359,0
1599,Synthetic Employee 1599,Consulting,27,2.3,27,4,12811747,0.1141,0.216,12,2.2,0,2.2,39,0,0.2405,0
1600,Synthetic Employee 1600,Marketing,41,6.8,81,14,14256637,0.2961,0.171,19,2.2,1,3.9,93,0,0.0832,0
1601,Synthetic Employee 1601,Consulting,34,2.7,32,31,13523833,0.176,0.377,11,0.3,0,3.9,44,0,0.1359,0
1602,Synthetic Employee 1602,Consulting,34,1.7,20,7,14495563,0.2605,0.087,11,0.9,0,2.4,32,0,0.0911,0
1603,Synthetic Employee 1603,Sales,35,0.3,3,18,12631122,0.0526,0.163,5,0.3,0,3.0,15,0,0.1978,0
1604,Synthetic Employee 1604,Finance,45,0.3,3,14,13382220,-0.0441,0.134,9,0.3,1,3.0,15,0,0.1246,0
1605,Synthetic Employee 1605,Consulting,39,0.5,6,10,13424498,0.1673,0.155,9,0.4,0,3.0,18,0,0.1192,0
1606,Synthetic Employee 1606,Marketing,29,8.5,102,10,14591308,0.3265,0.332,7,3.5,3,3.3,106,1,0.3659,1
1607,Synthetic Employee 1607,Sales,45,3.4,40,36,14743210,0.2286,0.216,4,1.7,1,3.9,52,0,0.1301,0
1608,Synthetic Employee 1608,Operations,31,0.5,6,6,10346520,0.0891,0.271,8,0.3,1,2.8,18,0,0.2994,0
1609,Synthetic Employee 1609,Sales,36,3.2,38,10,10868212,-0.0943,0.378,8,1.6,2,4.1,50,0,0.31,0
1610,Synthetic Employee 1610,Finance,33,9.2,110,5,21535078,0.5382,0.405,8,2.2,2,3.3,122,0,0.1978,0
1611,Synthetic Employee 1611,Marketing,34,2.5,30,30,14407057,0.3097,0.241,11,2.0,0,3.2,42,0,0.0832,0
1612,Synthetic Employee 1612,Operations,47,2.0,24,9,9760847,0.0275,0.306,7,0.4,2,3.7,36,0,0.31,0
1613,Synthetic Employee 1613,Consulting,48,4.0,48,7,11142985,-0.031,0.182,6,0.6,0,3.4,60,0,0.1419,0
1614,Synthetic Employee 1614,Operations,22,5.9,70,24,11530317,0.2137,0.557,10,1.0,2,3.2,82,0,0.1978,0
1615,Synthetic Employee 1615,Consulting,45,4.2,50,12,11825278,0.0283,0.172,9,2.3,0,3.6,62,0,0.1419,0
1616,Synthetic Employee 1616,Operations,29,7.2,86,19,12269069,0.2915,0.082,7,5.0,0,3.0,95,1,0.1091,1
1617,Synthetic Employee 1617,Operations,34,12.0,144,9,14252133,0.5002,0.065,7,1.8,0,3.3,156,0,0.0497,0
1618,Synthetic Employee 1618,Consulting,41,1.4,16,27,12745399,0.1083,0.297,6,0.8,0,3.9,28,0,0.2994,0
1619,Synthetic Employee 1619,Sales,31,2.3,27,28,17112414,0.426,0.05,9,2.2,0,4.4,39,0,0.0497,0
1620,Synthetic Employee 1620,Operations,21,0.5,6,3,8890627,-0.0641,0.27,18,0.3,0,4.6,18,0,0.2994,0
1621,Synthetic Employee 1621,Engineering,33,2.4,28,18,14732389,-0.0178,0.07,13,1.7,0,3.3,40,0,0.0871,0
1622,Synthetic Employee 1622,Operations,29,11.9,142,17,13709141,0.4431,0.213,10,4.0,2,2.4,145,1,0.3894,1
1623,Synthetic Employee 1623,Operations,41,4.3,51,11,12273914,0.292,0.086,9,4.0,0,4.7,63,0,0.1091,0
1624,Synthetic Employee 1624,Engineering,34,0.7,8,4,14489172,-0.0341,0.509,12,0.4,0,3.6,20,0,0.2994,0
1625,Synthetic Employee 1625,Marketing,32,11.0,132,18,22378577,1.0344,0.253,10,6.0,1,3.3,138,1,0.2689,1
1626,Synthetic Employee 1626,Consulting,44,0.6,7,9,12068518,0.0494,0.053,11,0.3,0,4.0,10,1,0.1246,1
1627,Synthetic Employee 1627,Human Resources,41,4.3,51,23,8059756,-0.194,0.259,7,3.0,1,4.1,61,1,0.6341,1
1628,Synthetic Employee 1628,Engineering,38,0.3,3,11,12924724,-0.1384,0.273,11,0.2,0,4.1,15,0,0.525,0
1629,Synthetic Employee 1629,Finance,49,1.5,18,12,17140576,0.2243,0.267,7,1.5,1,4.2,30,0,0.1359,0
1630,Synthetic Employee 1630,Marketing,39,10.2,122,22,10557908,-0.0402,0.119,10,2.1,0,2.6,134,0,0.0871,0
1631,Synthetic Employee 1631,Operations,45,5.0,60,11,15379262,0.6189,0.286,8,2.6,0,2.8,72,0,0.1359,0
1632,Synthetic Employee 1632,Sales,30,3.7,44,16,12376880,0.0314,0.423,8,1.0,1,3.5,56,0,0.2227,0
1633,Synthetic Employee 1633,Engineering,37,4.1,49,18,14024188,-0.0651,0.239,16,0.6,0,4.8,56,1,0.1419,1
1634,Synthetic Employee 1634,Marketing,39,3.5,42,10,10533622,-0.0424,0.553,8,0.3,1,4.4,47,1,0.2227,1
1635,Synthetic Employee 1635,Marketing,30,1.0,12,7,12867884,0.1698,0.088,12,0.6,3,3.4,17,1,0.1091,1
1636,Synthetic Employee 1636,Operations,36,4.5,54,13,10329225,0.0873,0.102,10,2.1,0,3.5,66,0,0.0871,0
1637,Synthetic Employee 1637,Human Resources,36,6.8,81,7,15573616,0.5574,0.045,6,0.4,0,3.5,93,0,0.0497,0
1638,Synthetic Employee 1638,Sales,24,1.5,18,13,15417548,0.2848,0.344,8,1.3,0,2.4,25,1,0.2315,1
1639,Synthetic Employee 1639,Sales,53,2.1,25,14,11473969,-0.0438,0.372,8,1.6,0,3.7,28,1,0.2227,1
1640,Synthetic Employee 1640,Sales,41,1.3,15,25,13483187,0.1236,0.247,8,0.2,0,3.3,27,0,0.1978,0
1641,Synthetic Employee 1641,Consulting,31,2.1,25,16,8555820,-0.256,0.139,9,0.5,0,3.2,37,0,0.1978,0
1642,Synthetic Employee 1642,Finance,29,1.1,13,19,12018182,-0.1416,0.112,11,1.0,1,4.3,16,1,0.2689,1
1643,Synthetic Employee 1643,Marketing,21,1.3,15,19,11260594,0.0237,0.082,12,0.6,0,4.0,27,0,0.1246,0
1644,Synthetic Employee 1644,Finance,38,1.6,19,10,10964605,-0.2168,0.311,9,0.4,0,3.4,20,1,0.4256,1
1645,Synthetic Employee 1645,Finance,21,2.9,34,15,19364416,0.3832,0.524,7,0.4,0,2.8,46,0,0.1359,0
1646,Synthetic Employee 1646,Marketing,26,18.2,218,9,14429119,0.3117,0.339,17,7.4,0,4.1,230,0,0.2689,0
1647,Synthetic Employee 1647,Consulting,37,6.1,73,30,12832739,0.1159,0.401,6,5.6,0,3.7,85,0,0.4013,0
1648,Synthetic Employee 1648,Sales,30,1.9,22,6,12184503,0.0154,0.265,7,1.0,0,3.3,34,0,0.2227,0
1649,Synthetic Employee 1649,Marketing,48,0.3,3,12,13548307,0.2317,0.575,11,0.3,0,2.8,15,0,0.19,0
1650,Synthetic Employee 1650,Consulting,31,3.3,39,19,15815306,0.3752,0.442,7,0.9,0,3.4,51,0,0.1359,0
1651,Synthetic Employee 1651,Human Resources,41,0.9,10,21,10387445,0.0387,0.155,7,0.5,1,2.9,21,1,0.1978,1
1652,Synthetic Employee 1652,Consulting,52,1.2,14,20,9539989,-0.1704,0.156,2,0.4,0,2.3,26,0,0.5498,0
1653,Synthetic Employee 1653,Marketing,24,4.3,51,12,14621019,0.3292,0.346,8,1.4,2,2.9,63,0,0.1978,0
1654,Synthetic Employee 1654,Operations,28,8.5,102,13,14159386,0.4905,0.207,12,0.8,0,2.6,114,0,0.0832,0
1655,Synthetic Employee 1655,Consulting,33,4.3,51,8,13920691,0.2105,0.094,9,3.7,0,4.8,55,1,0.1091,1
1656,Synthetic Employee 1656,Marketing,30,6.4,76,11,10238673,-0.0692,0.194,5,0.5,2,3.5,88,0,0.2059,0
1657,Synthetic Employee 1657,Consulting,37,7.1,85,10,19619715,0.7061,0.198,7,4.5,2,4.3,97,0,0.2497,0
1658,Synthetic Employee 1658,Engineering,30,2.6,31,14,15625022,0.0417,0.364,13,2.6,1,3.9,43,0,0.2227,0
1659,Synthetic Employee 1659,Human Resources,26,0.5,6,7,7851014,-0.2149,0.088,7,0.5,0,3.5,7,1,0.2689,1
1660,Synthetic Employee 1660,Engineering,30,3.7,44,9,17781060,0.1854,0.66,14,0.8,2,3.3,56,0,0.1978,0
1661,Synthetic Employee 1661,Sales,32,3.4,40,12,9267995,-0.2277,0.022,7,2.8,3,3.5,52,0,0.2789,0
1662,Synthetic Employee 1662,Consulting,21,8.5,102,5,19833605,0.7247,0.38,14,0.8,1,2.8,114,0,0.1359,0
1663,Synthetic Employee 1663,Sales,23,3.2,38,15,10147997,-0.1543,0.189,10,1.7,0,4.9,50,0,0.2994,0
1664,Synthetic Employee 1664,Consulting,29,0.6,7,12,9426298,-0.1803,0.256,11,0.6,0,2.7,10,1,0.525,1
1665,Synthetic Employee 1665,Operations,33,0.3,3,6,12174661,0.2815,0.483,7,0.2,1,3.7,15,0,0.19,0
1666,Synthetic Employee 1666,Operations,40,13.6,163,7,15883302,0.6719,0.246,15,6.3,0,3.2,175,0,0.1751,0
1667,Synthetic Employee 1667,Operations,33,1.3,15,18,9754881,0.0268,0.179,6,0.8,1,3.5,27,0,0.1978,0
1668,Synthetic Employee 1668,Human Resources,38,1.5,18,22,10527294,0.0527,0.158,11,0.7,0,4.2,30,0,0.1419,0
1669,Synthetic Employee 1669,Consulting,48,7.4,88,13,4376624,-0.6194,0.335,8,6.5,0,3.1,100,0,0.6341,0
1670,Synthetic Employee 1670,Consulting,42,4.5,54,4,12247780,0.065,0.285,11,4.3,0,3.3,59,1,0.4013,1
1671,Synthetic Employee 1671,Finance,35,1.8,21,22,13398397,-0.043,0.169,6,1.0,2,3.0,28,1,0.2059,1
1672,Synthetic Employee 1672,Marketing,39,0.3,3,30,11455711,0.0414,0.222,12,0.2,0,3.5,15,0,0.1978,0
1673,Synthetic Employee 1673,Engineering,30,0.6,7,19,16172997,0.0782,0.42,7,0.5,0,2.8,16,1,0.2994,1
1674,Synthetic Employee 1674,Consulting,23,5.9,70,15,17292477,0.5037,0.467,16,2.8,0,4.2,82,0,0.1359,0
1675,Synthetic Employee 1675,Human Resources,35,8.2,98,29,11911576,0.1912,0.378,8,5.7,2,2.3,108,1,0.525,1
1676,Synthetic Employee 1676,Engineering,34,0.6,7,17,11766270,-0.2156,0.493,7,0.3,0,3.9,19,0,0.525,0
1677,Synthetic Employee 1677,Marketing,37,1.4,16,10,12316844,0.1197,0.273,8,1.2,1,2.9,28,0,0.2994,0
1678,Synthetic Employee 1678,Finance,30,3.1,37,5,12741727,-0.0899,0.052,16,1.6,0,4.7,49,0,0.0871,0
1679,Synthetic Employee 1679,Engineering,29,0.3,3,4,12902133,-0.1399,0.218,7,0.3,0,4.1,15,0,0.3894,0
1680,Synthetic Employee 1680,Human Resources,43,1.6,19,27,10634456,0.0634,0.606,8,1.6,0,2.6,31,0,0.2227,0
1681,Synthetic Employee 1681,Marketing,27,1.0,12,7,9890420,-0.1009,0.56,11,0.4,0,3.7,18,1,0.2994,1
1682,Synthetic Employee 1682,Operations,27,4.6,55,23,9212668,-0.0302,0.357,14,1.3,0,3.0,67,0,0.2227,0
1683,Synthetic Employee 1683,Operations,28,10.5,126,9,12781075,0.3454,0.268,9,2.1,0,3.7,138,0,0.1359,0
1684,Synthetic Employee 1684,Operations,39,0.8,9,9,7907501,-0.1676,0.196,7,0.4,1,3.1,20,1,0.3894,1
1685,Synthetic Employee 1685,Marketing,36,0.9,10,2,10793654,-0.0188,0.199,5,0.5,0,3.8,22,0,0.1978,0
1686,Synthetic Employee 1686,Finance,21,0.3,3,9,18371059,0.3122,0.358,7,0.3,0,3.8,15,0,0.19,0
1687,Synthetic Employee 1687,Human Resources,21,5.7,68,23,12536341,0.2536,0.481,4,0.7,2,3.7,80,0,0.1978,0
1688,Synthetic Employee 1688,Consulting,42,7.2,86,25,14357884,0.2485,0.114,12,1.7,1,1.0,98,0,0.0911,0
1689,Synthetic Employee 1689,Operations,37,6.7,80,14,13324294,0.4026,0.398,16,1.0,1,3.6,92,0,0.1359,0
1690,Synthetic Employee 1690,Marketing,27,5.4,64,4,14232403,0.2939,0.256,7,5.1,0,4.3,76,0,0.2689,0
1691,Synthetic Employee 1691,Engineering,36,2.6,31,7,18142807,0.2095,0.459,11,1.4,0,3.7,43,0,0.1359,0
1692,Synthetic Employee 1692,Operations,21,1.3,15,14,8591329,-0.0956,0.392,5,1.2,0,3.9,27,0,0.2994,0
1693,Synthetic Employee 1693,Sales,34,3.5,42,29,14111617,0.176,0.21,16,2.5,0,3.1,54,0,0.0832,0
1694,Synthetic Employee 1694,Human Resources,44,6.4,76,7,13698852,0.3699,0.522,10,5.4,1,3.0,77,1,0.2689,1
1695,Synthetic Employee 1695,Engineering,30,8.4,100,18,25730763,0.7154,0.279,11,2.8,0,3.1,112,0,0.1359,0
1696,Synthetic Employee 1696,Finance,25,9.6,115,6,20840503,0.4886,0.585,9,3.4,1,2.9,127,0,0.2689,0
1697,Synthetic Employee 1697,Finance,37,8.7,104,5,19398251,0.3856,0.361,6,7.6,0,4.1,116,0,0.2689,0
1698,Synthetic Employee 1698,Marketing,29,4.1,49,8,15305752,0.3914,0.027,6,0.9,0,3.0,61,0,0.0497,0
1699,Synthetic Employee 1699,Finance,38,2.2,26,14,14641646,0.0458,0.232,9,1.5,0,3.0,38,0,0.1419,0
1700,Synthetic Employee 1700,Sales,29,4.8,57,8,14988782,0.2491,0.319,4,3.4,1,3.2,58,1,0.2689,1
1701,Synthetic Employee 1701,Operations,33,0.4,4,17,9471766,-0.003,0.065,7,0.4,0,3.5,5,1,0.1246,1
1702,Synthetic Employee 1702,Engineering,36,4.4,52,13,20168303,0.3446,0.138,7,2.9,0,4.4,64,0,0.0497,0
1703,Synthetic Employee 1703,Operations,34,0.3,3,4,6913125,-0.2723,0.252,5,0.3,2,4.3,13,1,0.6341,1
1704,Synthetic Employee 1704,Consulting,48,4.0,48,11,10654857,-0.0735,0.201,12,1.3,0,3.0,60,0,0.1419,0
1705,Synthetic Employee 1705,Human Resources,26,1.3,15,13,10567238,0.0567,0.151,11,1.0,1,5.0,27,0,0.1978,0
1706,Synthetic Employee 1706,Operations,51,3.7,44,30,12406375,0.3059,0.318,14,2.0,1,4.3,56,0,0.1359,0
1707,Synthetic Employee 1707,Marketing,43,6.1,73,8,14127744,0.2843,0.119,8,4.1,0,3.6,85,0,0.1091,0
1708,Synthetic Employee 1708,Operations,48,1.5,18,15,12397396,0.305,0.227,10,0.6,0,3.4,30,0,0.0832,0
1709,Synthetic Employee 1709,Human Resources,41,6.5,78,7,10087287,0.0087,0.41,11,0.6,0,3.5,90,0,0.2227,0
1710,Synthetic Employee 1710,Engineering,31,1.5,18,4,18455242,0.2303,0.31,3,1.4,1,3.1,30,0,0.1359,0
1711,Synthetic Employee 1711,Sales,50,0.6,7,7,13350845,0.1126,0.069,7,0.6,2,2.7,19,0,0.1824,0
1712,Synthetic Employee 1712,Engineering,37,1.2,14,14,13247981,-0.1168,0.072,12,0.9,0,4.5,26,0,0.1246,0
1713,Synthetic Employee 1713,Engineering,37,0.4,4,20,14450790,-0.0366,0.514,6,0.2,0,4.5,5,1,0.2994,1
1714,Synthetic Employee 1714,Marketing,21,10.4,124,11,12425541,0.1296,0.193,12,2.1,0,3.2,136,0,0.1419,0
1715,Synthetic Employee 1715,Human Resources,30,1.2,14,5,9786865,-0.0213,0.221,9,1.0,0,4.7,19,1,0.1978,1
1716,Synthetic Employee 1716,Engineering,29,0.6,7,13,10838379,-0.2774,0.447,10,0.4,0,3.4,11,1,0.525,1
1717,Synthetic Employee 1717,Engineering,30,0.4,4,7,15545344,0.0364,0.418,11,0.3,2,3.9,16,0,0.4013,0
1718,Synthetic Employee 1718,Sales,38,4.6,55,10,18568245,0.5474,0.214,20,3.9,0,2.9,67,0,0.1751,0
1719,Synthetic Employee 1719,Finance,21,1.4,16,6,15206316,0.0862,0.426,10,0.9,1,3.5,28,0,0.2994,0
1720,Synthetic Employee 1720,Sales,27,3.0,36,5,12579900,0.0483,0.305,2,1.8,2,3.1,48,0,0.31,0
1721,Synthetic Employee 1721,Human Resources,34,3.6,43,17,9251978,-0.0748,0.044,10,0.3,0,4.2,55,0,0.0871,0
1722,Synthetic Employee 1722,Human Resources,34,8.4,100,10,12587595,0.2588,0.346,10,2.3,0,2.6,103,1,0.1359,1
1723,Synthetic Employee 1723,Marketing,30,1.0,12,8,10796633,-0.0185,0.188,9,0.7,2,3.0,24,0,0.2789,0
1724,Synthetic Employee 1724,Operations,31,5.5,66,7,16021702,0.6865,0.188,5,2.7,0,3.0,78,0,0.0832,0
1725,Synthetic Employee 1725,Operations,55,3.3,39,8,14179471,0.4926,0.321,9,3.2,2,2.3,48,1,0.525,1
1726,Synthetic Employee 1726,Operations,34,0.3,3,26,11716684,0.2333,0.271,12,0.3,0,4.1,15,0,0.19,0
1727,Synthetic Employee 1727,Finance,31,5.4,64,18,17061633,0.2187,0.316,10,3.7,0,3.2,76,0,0.2689,0
1728,Synthetic Employee 1728,Human Resources,44,3.2,38,9,9103703,-0.0896,0.35,9,2.6,0,4.7,46,1,0.2227,1
1729,Synthetic Employee 1729,Finance,27,4.5,54,3,17150736,0.2251,0.138,11,3.5,0,2.3,66,0,0.19,0
1730,Synthetic Employee 1730,Operations,28,1.5,18,29,9374657,-0.0132,0.253,11,1.4,1,2.1,29,1,0.3543,1
1731,Synthetic Employee 1731,Operations,30,4.7,56,9,11126398,0.1712,0.351,9,1.9,0,3.5,68,0,0.1359,0
1732,Synthetic Employee 1732,Sales,26,8.4,100,9,19221174,0.6018,0.083,3,2.8,1,4.1,112,0,0.0497,0
1733,Synthetic Employee 1733,Human Resources,31,2.0,24,29,10549222,0.0549,0.364,15,1.6,1,3.1,35,1,0.2227,1
1734,Synthetic Employee 1734,Operations,21,13.1,157,18,14796712,0.5575,0.099,6,2.0,1,3.2,169,0,0.0497,0
1735,Synthetic Employee 1735,Engineering,26,3.2,38,5,17677295,0.1785,0.175,11,0.3,0,3.7,50,0,0.0832,0
1736,Synthetic Employee 1736,Consulting,33,12.1,145,6,12176021,0.0588,0.17,6,1.2,0,3.0,157,0,0.1419,0
1737,Synthetic Employee 1737,Human Resources,34,0.8,9,6,10415935,0.0416,0.099,9,0.3,2,1.9,21,0,0.2994,0
1738,Synthetic Employee 1738,Finance,30,1.9,22,5,13030064,-0.0693,0.181,7,1.5,0,2.9,34,0,0.1419,0
1739,Synthetic Employee 1739,Human Resources,32,2.7,32,18,9828191,-0.0172,0.042,6,2.5,1,2.7,44,0,0.0871,0
1740,Synthetic Employee 1740,Marketing,33,1.6,19,3,8449789,-0.2318,0.319,6,1.0,1,4.9,31,0,0.4256,0
1741,Synthetic Employee 1741,Engineering,44,0.3,3,13,16732067,0.1155,0.129,8,0.3,0,4.2,15,0,0.1246,0
1742,Synthetic Employee 1742,Operations,46,1.5,18,5,8970193,-0.0558,0.226,15,0.4,1,3.6,30,0,0.1419,0
1743,Synthetic Employee 1743,Marketing,51,0.8,9,22,11035380,0.0032,0.121,8,0.6,0,3.6,17,1,0.1246,1
1744,Synthetic Employee 1744,Sales,34,2.9,34,4,9161530,-0.2365,0.368,9,2.1,1,3.5,46,0,0.4256,0
1745,Synthetic Employee 1745,Human Resources,27,1.6,19,6,13284326,0.3284,0.135,11,1.4,0,3.9,31,0,0.0497,0
1746,Synthetic Employee 1746,Human Resources,31,13.5,162,6,15004545,0.5005,0.244,6,7.0,0,3.7,174,0,0.1751,0
1747,Synthetic Employee 1747,Sales,37,1.9,22,7,16015421,0.3346,0.534,11,1.4,1,4.3,24,1,0.1359,1
1748,Synthetic Employee 1748,Consulting,38,6.6,79,27,18069574,0.5713,0.311,8,3.4,0,3.1,91,0,0.2689,0
1749,Synthetic Employee 1749,Marketing,33,3.9,46,15,14014773,0.2741,0.089,6,2.1,0,3.4,58,0,0.0497,0
1750,Synthetic Employee 1750,Engineering,31,0.3,3,7,16855683,0.1237,0.396,8,0.3,0,3.4,15,0,0.2994,0
1751,Synthetic Employee 1751,Operations,41,2.8,33,13,13134356,0.3826,0.311,4,1.0,0,1.8,45,0,0.2315,0
1752,Synthetic Employee 1752,Marketing,36,2.1,25,10,13083638,0.1894,0.079,11,2.0,1,2.9,37,0,0.0497,0
1753,Synthetic Employee 1753,Finance,44,3.2,38,18,12200328,-0.1285,0.284,15,2.1,0,3.1,47,1,0.4256,1
1754,Synthetic Employee 1754,Operations,26,0.9,10,11,10166547,0.0702,0.327,6,0.4,0,2.0,21,1,0.4502,1
1755,Synthetic Employee 1755,Marketing,40,0.6,7,4,10103245,-0.0815,0.275,10,0.2,0,2.8,19,0,0.2994,0
1756,Synthetic Employee 1756,Engineering,39,0.5,6,3,16163077,0.0775,0.239,6,0.3,0,4.6,18,0,0.1978,0
1757,Synthetic Employee 1757,Human Resources,21,5.8,69,14,15462447,0.5462,0.284,10,3.9,0,3.6,74,1,0.2689,1
1758,Synthetic Employee 1758,Marketing,31,1.1,13,7,11281828,0.0256,0.06,7,1.1,3,3.4,25,0,0.1824,0
1759,Synthetic Employee 1759,Sales,42,1.9,22,4,16023937,0.3353,0.119,5,0.2,0,3.6,34,0,0.0497,0
1760,Synthetic Employee 1760,Engineering,45,7.6,91,7,17732220,0.1821,0.249,4,0.4,0,2.9,103,0,0.0832,0
1761,Synthetic Employee 1761,Consulting,29,5.5,66,13,12398626,0.0781,0.257,14,3.0,1,2.5,67,1,0.4013,1
1762,Synthetic Employee 1762,Consulting,27,1.3,15,11,9681139,-0.1582,0.134,6,0.4,0,2.7,27,0,0.2689,0
1763,Synthetic Employee 1763,Human Resources,37,7.1,85,3,14494397,0.4494,0.079,14,1.4,0,3.0,97,0,0.0497,0
1764,Synthetic Employee 1764,Engineering,29,2.5,30,10,14334559,-0.0444,0.191,3,1.1,2,2.8,42,0,0.2059,0
1765,Synthetic Employee 1765,Operations,43,5.1,61,7,11669325,0.2283,0.206,13,0.6,0,2.6,73,0,0.0832,0
1766,Synthetic Employee 1766,Sales,27,4.0,48,20,12451243,0.0376,0.099,8,3.4,3,3.1,60,0,0.2592,0
1767,Synthetic Employee 1767,Operations,40,2.2,26,22,7870741,-0.1715,0.501,14,0.5,0,3.1,27,1,0.4256,1
1768,Synthetic Employee 1768,Operations,21,3.3,39,10,10107563,0.064,0.115,13,2.6,3,2.9,51,0,0.1301,0
1769,Synthetic Employee 1769,Finance,30,0.3,3,12,14184494,0.0132,0.341,12,0.3,0,2.1,15,0,0.4502,0
1770,Synthetic Employee 1770,Engineering,22,0.5,6,4,12735297,-0.151,0.161,8,0.2,0,4.0,11,1,0.3894,1
1771,Synthetic Employee 1771,Engineering,39,1.7,20,6,17433291,0.1622,0.482,8,0.3,0,4.3,32,0,0.1359,0
1772,Synthetic Employee 1772,Consulting,42,3.5,42,9,11435577,-0.0056,0.127,10,2.0,0,3.4,54,0,0.0871,0
1773,Synthetic Employee 1773,Marketing,51,0.3,3,15,9240273,-0.16,0.185,12,0.3,0,3.6,15,0,0.3894,0
1774,Synthetic Employee 1774,Sales,41,9.9,118,17,21600708,0.8001,0.067,7,4.2,0,3.9,130,0,0.1091,0
1775,Synthetic Employee 1775,Sales,42,0.3,3,13,15944651,0.3287,0.189,12,0.2,0,4.2,15,0,0.1192,0
1776,Synthetic Employee 1776,Consulting,24,5.7,68,5,13188564,0.1468,0.198,9,1.8,1,2.8,80,0,0.1419,0
1777,Synthetic Employee 1777,Finance,36,0.3,3,6,12230166,-0.1264,0.177,7,0.2,0,3.7,15,0,0.3894,0
1778,Synthetic Employee 1778,Sales,30,1.9,22,7,16289533,0.3575,0.611,3,0.3,2,3.8,34,0,0.1978,0
1779,Synthetic Employee 1779,Engineering,40,2.8,33,20,15578724,0.0386,0.09,14,2.6,0,2.9,45,0,0.0871,0
1780,Synthetic Employee 1780,Consulting,41,6.0,72,11,12689707,0.1035,0.113,10,5.5,1,3.7,84,0,0.1824,0
1781,Synthetic Employee 1781,Consulting,45,4.0,48,6,15686186,0.364,0.56,7,3.4,1,3.6,60,0,0.2689,0
1782,Synthetic Employee 1782,Finance,44,1.2,14,32,17786218,0.2704,0.206,8,1.0,0,3.4,26,0,0.1192,0
1783,Synthetic Employee 1783,Sales,21,0.3,3,5,17527942,0.4607,0.092,3,0.2,1,2.7,15,0,0.0724,0
1784,Synthetic Employee 1784,Finance,35,0.9,10,6,13332361,-0.0477,0.252,8,0.4,0,3.1,22,0,0.2994,0
1785,Synthetic Employee 1785,Sales,33,2.1,25,14,16481875,0.3735,0.106,12,1.3,2,3.7,27,1,0.0759,1
1786,Synthetic Employee 1786,Consulting,26,2.2,26,17,14211411,0.2358,0.246,12,1.9,0,3.8,38,0,0.0832,0
1787,Synthetic Employee 1787,Consulting,52,2.5,30,15,12647032,0.0997,0.115,5,0.9,1,4.4,42,0,0.0871,0
1788,Synthetic Employee 1788,Sales,36,7.3,87,18,16135909,0.3447,0.106,6,4.1,1,3.4,99,0,0.1091,0
1789,Synthetic Employee 1789,Marketing,31,2.3,27,3,17847339,0.6225,0.343,7,0.3,0,3.4,39,0,0.1359,0
1790,Synthetic Employee 1790,Consulting,27,0.7,8,9,10462387,-0.0902,0.143,6,0.5,0,3.8,20,0,0.1246,0
1791,Synthetic Employee 1791,Sales,42,0.5,6,12,12873493,0.0728,0.037,11,0.2,1,3.9,18,0,0.1246,0
1792,Synthetic Employee 1792,Consulting,24,4.5,54,2,13669226,0.1886,0.535,10,1.8,0,4.4,66,0,0.1359,0
1793,Synthetic Employee 1793,Finance,45,3.0,36,17,17506851,0.2505,0.192,6,1.0,0,2.6,38,1,0.0832,1
1794,Synthetic Employee 1794,Engineering,31,8.2,98,16,25663667,0.7109,0.151,12,4.8,0,3.7,110,0,0.1751,0
1795,Synthetic Employee 1795,Marketing,21,1.2,14,1,9111861,-0.1716,0.094,9,1.1,0,3.7,26,0,0.2689,0
1796,Synthetic Employee 1796,Consulting,32,15.3,183,13,13956101,0.2136,0.208,11,4.6,0,3.8,195,0,0.1751,0
1797,Synthetic Employee 1797,Sales,42,0.3,3,16,9212069,-0.2323,0.287,10,0.2,0,4.0,15,0,0.525,0
1798,Synthetic Employee 1798,Sales,53,4.0,48,7,12299060,0.0249,0.443,9,2.7,2,2.9,60,0,0.31,0
1799,Synthetic Employee 1799,Finance,32,12.4,148,27,24569857,0.755,0.261,11,6.9,2,3.7,150,1,0.3659,1
1800,Synthetic Employee 1800,Marketing,29,7.9,94,6,11805750,0.0732,0.309,8,1.1,0,2.7,106,0,0.2227,0
1801,Synthetic Employee 1801,Consulting,40,7.6,91,20,18476807,0.6067,0.22,9,0.6,0,2.7,103,0,0.0832,0
1802,Synthetic Employee 1802,Sales,21,5.7,68,10,17234822,0.4362,0.262,14,0.4,2,2.6,74,1,0.1978,1
1803,Synthetic Employee 1803,Engineering,32,0.6,7,30,16604520,0.107,0.085,11,0.6,0,1.5,12,1,0.2142,1
1804,Synthetic Employee 1804,Operations,24,4.9,58,4,9732710,0.0245,0.231,9,0.4,0,4.1,70,0,0.1419,0
1805,Synthetic Employee 1805,Consulting,38,3.7,44,9,15822896,0.3759,0.538,7,2.9,0,3.3,46,1,0.1359,1
1806,Synthetic Employee 1806,Engineering,49,8.5,102,5,22052643,0.4702,0.111,9,6.5,0,2.8,114,0,0.1091,0
1807,Synthetic Employee 1807,Sales,53,6.6,79,18,12959329,0.0799,0.206,9,0.7,3,3.9,91,0,0.2059,0
1808,Synthetic Employee 1808,Engineering,41,2.1,25,7,17046556,0.1364,0.295,12,1.8,2,2.7,32,1,0.31,1
1809,Synthetic Employee 1809,Marketing,44,2.5,30,7,12874101,0.1704,0.108,11,1.6,0,3.3,42,0,0.0497,0
1810,Synthetic Employee 1810,Consulting,32,5.4,64,5,17001915,0.4784,0.392,11,3.7,0,4.6,76,0,0.2689,0
1811,Synthetic Employee 1811,Consulting,26,1.4,16,7,7710523,-0.3295,0.148,8,0.9,0,3.3,23,1,0.2689,1
1812,Synthetic Employee 1812,Sales,43,3.7,44,2,12273805,0.0228,0.05,8,3.0,0,3.7,56,0,0.1824,0
1813,Synthetic Employee 1813,Finance,28,0.6,7,10,13220987,-0.0556,0.104,10,0.5,2,2.1,19,0,0.2994,0
1814,Synthetic Employee 1814,Marketing,41,1.7,20,16,8575178,-0.2204,0.285,4,1.5,2,3.0,22,1,0.5374,1
1815,Synthetic Employee 1815,Engineering,33,1.0,12,12,11703033,-0.2198,0.026,5,0.6,0,3.1,20,1,0.2689,1
1816,Synthetic Employee 1816,Sales,39,0.8,9,10,13064065,0.0887,0.242,13,0.3,1,3.9,21,0,0.1978,0
1817,Synthetic Employee 1817,Marketing,42,0.3,3,10,7341964,-0.3325,0.145,5,0.3,0,2.5,15,0,0.2689,0
1818,Synthetic Employee 1818,Engineering,35,1.0,12,18,18772175,0.2515,0.145,11,0.4,0,3.6,24,0,0.0724,0
1819,Synthetic Employee 1819,Sales,33,2.0,24,10,15477371,0.2898,0.338,8,0.2,1,4.6,36,0,0.1359,0
1820,Synthetic Employee 1820,Operations,39,7.8,93,15,13346073,0.4048,0.164,10,1.2,0,2.7,105,0,0.0832,0
1821,Synthetic Employee 1821,Human Resources,31,0.6,7,23,11463017,0.1463,0.052,8,0.4,3,2.0,19,0,0.2994,0
1822,Synthetic Employee 1822,Finance,34,3.5,42,18,14535384,0.0382,0.399,11,3.3,0,3.8,54,0,0.4013,0
1823,Synthetic Employee 1823,Engineering,26,5.1,61,21,17526803,0.1685,0.42,14,4.2,1,2.3,73,0,0.4134,0
1824,Synthetic Employee 1824,Operations,37,6.2,74,1,11427337,0.2029,0.217,10,3.8,0,3.3,86,0,0.1751,0
1825,Synthetic Employee 1825,Engineering,38,2.6,31,7,15142641,0.0095,0.369,10,1.3,0,3.7,43,0,0.2227,0
1826,Synthetic Employee 1826,Human Resources,28,3.5,42,3,10880453,0.088,0.422,6,0.4,0,3.5,54,0,0.2227,0
1827,Synthetic Employee 1827,Human Resources,25,9.0,108,23,15213035,0.5213,0.268,14,1.7,2,3.3,120,0,0.1978,0
1828,Synthetic Employee 1828,Consulting,43,1.4,16,10,13569466,0.18,0.095,7,1.3,1,3.9,28,0,0.0724,0
1829,Synthetic Employee 1829,Marketing,43,5.3,63,4,16592741,0.5084,0.334,10,2.0,1,2.4,75,0,0.2315,0
1830,Synthetic Employee 1830,Finance,33,3.2,38,7,16151936,0.1537,0.048,7,0.7,1,4.6,50,0,0.0497,0
1831,Synthetic Employee 1831,Finance,23,8.9,106,25,23737420,0.6955,0.096,6,2.1,1,3.3,118,0,0.0497,0
1832,Synthetic Employee 1832,Engineering,26,4.4,52,27,18657132,0.2438,0.305,6,0.8,2,4.0,64,0,0.1978,0
1833,Synthetic Employee 1833,Human Resources,34,6.9,82,6,11145542,0.1146,0.349,6,4.3,0,3.7,92,1,0.4013,1
1834,Synthetic Employee 1834,Finance,31,12.3,147,14,23623134,0.6874,0.402,4,5.9,0,3.6,159,0,0.2689,0
1835,Synthetic Employee 1835,Sales,38,9.6,115,19,21869937,0.8225,0.486,14,0.5,0,4.0,127,0,0.1359,0
1836,Synthetic Employee 1836,Finance,36,6.0,72,18,15626738,0.1162,0.22,8,4.1,1,2.8,73,1,0.2789,1
1837,Synthetic Employee 1837,Engineering,30,2.0,24,13,14933272,-0.0044,0.075,9,0.3,0,3.3,36,0,0.0871,0
1838,Synthetic Employee 1838,Operations,30,0.4,4,6,9485751,-0.0015,0.2,7,0.4,0,3.8,16,0,0.1978,0
1839,Synthetic Employee 1839,Consulting,39,15.4,184,17,19303841,0.6786,0.474,13,5.9,1,4.4,196,0,0.2689,0
1840,Synthetic Employee 1840,Consulting,46,5.2,62,18,11134611,-0.0318,0.148,9,1.2,0,3.0,74,0,0.0871,0
1841,Synthetic Employee 1841,Operations,34,1.8,21,22,9096726,-0.0424,0.616,5,1.4,1,4.4,33,0,0.2227,0
1842,Synthetic Employee 1842,Finance,40,0.5,6,12,13440335,-0.04,0.242,16,0.4,0,4.4,18,0,0.1978,0
1843,Synthetic Employee 1843,Marketing,26,11.0,132,3,17875229,0.625,0.304,12,2.6,2,2.4,134,1,0.3208,1
1844,Synthetic Employee 1844,Human Resources,36,0.3,3,5,13526987,0.3527,0.154,9,0.3,0,3.7,15,0,0.1192,0
1845,Synthetic Employee 1845,Operations,28,1.4,16,14,13901361,0.4633,0.357,11,0.2,0,2.9,25,1,0.19,1
1846,Synthetic Employee 1846,Engineering,46,1.6,19,5,13879655,-0.0747,0.184,10,0.8,0,3.3,31,0,0.1419,0
1847,Synthetic Employee 1847,Engineering,61,0.3,3,9,14013466,-0.0658,0.168,10,0.2,2,3.2,15,0,0.2789,0
1848,Synthetic Employee 1848,Human Resources,28,2.3,27,16,10227510,0.0228,0.303,10,0.3,0,4.1,35,1,0.2227,1
1849,Synthetic Employee 1849,Consulting,37,4.0,48,16,16495751,0.4344,0.192,9,2.6,1,3.1,60,0,0.0832,0
1850,Synthetic Employee 1850,Human Resources,35,1.9,22,7,7046946,-0.2953,0.401,3,1.1,1,3.3,34,0,0.4256,0
1851,Synthetic Employee 1851,Human Resources,32,2.6,31,10,9362580,-0.0637,0.191,9,1.6,0,4.3,43,0,0.1419,0
1852,Synthetic Employee 1852,Operations,35,1.5,18,21,10327751,0.0871,0.058,6,0.6,0,4.0,30,0,0.0871,0
1853,Synthetic Employee 1853,Engineering,31,3.8,45,11,16455318,0.097,0.491,7,3.7,1,3.5,57,0,0.4013,0
1854,Synthetic Employee 1854,Human Resources,25,0.4,4,9,12241166,0.2241,0.272,12,0.3,0,3.6,16,0,0.19,0
1855,Synthetic Employee 1855,Operations,21,6.4,76,18,10210376,0.0748,0.364,14,5.5,1,3.0,88,0,0.4013,0
1856,Synthetic Employee 1856,Human Resources,24,0.3,3,10,9731385,-0.0269,0.087,8,0.3,0,3.7,4,1,0.1246,1
1857,Synthetic Employee 1857,Engineering,55,0.4,4,16,16716334,0.1144,0.296,5,0.4,0,1.4,16,0,0.4502,0
1858,Synthetic Employee 1858,Engineering,38,1.5,18,7,17029628,0.1353,0.204,8,0.2,0,4.4,30,0,0.1419,0
1859,Synthetic Employee 1859,Marketing,41,2.3,27,8,14712270,0.3375,0.302,9,1.2,0,2.8,39,0,0.1359,0
1860,Synthetic Employee 1860,Finance,29,2.2,26,16,15294671,0.0925,0.437,4,1.9,0,2.8,35,1,0.2227,1
1861,Synthetic Employee 1861,Sales,35,1.3,15,23,12975631,0.0813,0.442,9,0.3,1,4.2,27,0,0.2994,0
1862,Synthetic Employee 1862,Engineering,32,3.7,44,5,15336354,0.0224,0.26,8,3.0,0,2.7,56,0,0.4013,0
1863,Synthetic Employee 1863,Sales,35,1.8,21,3,14030572,0.1692,0.054,10,1.3,2,1.7,33,0,0.1359,0
1864,Synthetic Employee 1864,Marketing,42,1.7,20,17,9091260,-0.1735,0.304,7,1.3,0,3.5,32,0,0.4256,0
1865,Synthetic Employee 1865,Finance,32,1.6,19,22,16413160,0.1724,0.131,9,1.1,0,2.6,31,0,0.0497,0
1866,Synthetic Employee 1866,Operations,44,0.7,8,15,9426810,-0.0077,0.175,7,0.7,3,4.1,20,0,0.2789,0
1867,Synthetic Employee 1867,Finance,25,1.7,20,19,17955927,0.2826,0.253,7,0.5,0,3.5,32,0,0.1359,0
1868,Synthetic Employee 1868,Finance,48,2.6,31,31,15325466,0.0947,0.29,7,0.8,0,3.4,43,0,0.2227,0
1869,Synthetic Employee 1869,Operations,40,0.8,9,9,8239975,-0.1326,0.203,7,0.7,2,3.1,20,1,0.5,1
1870,Synthetic Employee 1870,Marketing,35,2.8,33,5,11076674,0.007,0.04,12,1.8,2,3.1,45,0,0.1301,0
1871,Synthetic Employee 1871,Human Resources,42,8.0,96,5,17398519,0.7399,0.221,12,7.0,0,3.3,108,0,0.1751,0
1872,Synthetic Employee 1872,Finance,25,5.4,64,18,17422241,0.2444,0.1,8,5.2,1,2.4,76,0,0.19,0
1873,Synthetic Employee 1873,Finance,24,12.4,148,12,20545189,0.4675,0.431,3,0.3,1,1.8,160,0,0.2315,0
1874,Synthetic Employee 1874,Marketing,35,1.2,14,17,12299215,0.1181,0.532,8,0.2,2,3.7,23,1,0.4013,1
1875,Synthetic Employee 1875,Human Resources,25,10.8,129,7,17016225,0.7016,0.511,10,2.3,0,3.7,140,1,0.1359,1
1876,Synthetic Employee 1876,Finance,40,1.4,16,8,18519253,0.3228,0.336,9,0.7,1,2.6,28,0,0.19,0
1877,Synthetic Employee 1877,Finance,34,2.6,31,10,15323850,0.0946,0.144,9,0.3,0,3.9,43,0,0.0871,0
1878,Synthetic Employee 1878,Human Resources,32,1.8,21,21,11977019,0.1977,0.182,6,0.4,0,4.2,33,0,0.0832,0
1879,Synthetic Employee 1879,Engineering,23,0.3,3,16,13082764,-0.1278,0.19,15,0.3,0,2.6,15,0,0.3894,0
1880,Synthetic Employee 1880,Consulting,28,3.6,43,9,14434393,0.2552,0.325,13,0.8,0,4.3,55,0,0.1359,0
1881,Synthetic Employee 1881,Operations,36,6.5,78,13,14050983,0.4791,0.222,11,5.6,0,3.4,90,0,0.1751,0
1882,Synthetic Employee 1882,Engineering,45,4.8,57,4,20644541,0.3763,0.357,8,4.5,2,4.4,59,1,0.3659,1
1883,Synthetic Employee 1883,Consulting,26,6.1,73,7,15209856,0.3226,0.14,14,1.6,0,3.0,85,0,0.0497,0
1884,Synthetic Employee 1884,Operations,34,1.4,16,12,9955298,0.0479,0.37,14,0.3,0,2.6,28,0,0.2994,0
1885,Synthetic Employee 1885,Operations,33,0.3,3,9,10197831,0.0735,0.116,13,0.3,0,3.6,15,0,0.1246,0
1886,Synthetic Employee 1886,Consulting,32,0.4,4,9,11043978,-0.0397,0.415,7,0.4,0,4.0,16,0,0.2994,0
1887,Synthetic Employee 1887,Finance,26,7.1,85,6,17076198,0.2197,0.222,9,4.0,0,3.6,97,0,0.1751,0
1888,Synthetic Employee 1888,Operations,53,0.9,10,37,14209703,0.4958,0.05,11,0.7,1,5.0,22,0,0.1141,0
1889,Synthetic Employee 1889,Consulting,47,0.3,3,5,12242504,0.0646,0.019,10,0.2,0,2.4,15,0,0.2142,0
1890,Synthetic Employee 1890,Sales,39,1.0,12,14,13626367,0.1355,0.339,11,0.7,1,2.8,24,0,0.2994,0
1891,Synthetic Employee 1891,Human Resources,21,0.3,3,19,11201283,0.1201,0.277,12,0.3,0,3.7,15,0,0.2994,0
1892,Synthetic Employee 1892,Human Resources,35,4.8,57,16,14519708,0.452,0.17,8,3.5,0,3.2,69,0,0.1751,0
1893,Synthetic Employee 1893,Sales,26,2.6,31,13,15508696,0.2924,0.09,9,1.3,2,2.7,43,0,0.0759,0
1894,Synthetic Employee 1894,Human Resources,37,1.4,16,8,10584492,0.0584,0.482,12,0.5,0,3.4,28,0,0.2994,0
1895,Synthetic Employee 1895,Marketing,28,4.8,57,20,10308065,-0.0629,0.351,5,0.4,1,3.3,68,1,0.2227,1
1896,Synthetic Employee 1896,Consulting,49,0.5,6,10,14545512,0.2648,0.163,6,0.4,0,3.9,18,0,0.1192,0
1897,Synthetic Employee 1897,Human Resources,37,4.0,48,7,12177834,0.2178,0.246,11,1.1,1,3.3,60,0,0.0832,0
1898,Synthetic Employee 1898,Human Resources,54,2.9,34,10,10990611,0.0991,0.32,12,1.2,0,3.4,46,0,0.2227,0
1899,Synthetic Employee 1899,Human Resources,59,0.6,7,9,10338645,0.0339,0.149,5,0.2,1,4.0,19,0,0.1246,0
1900,Synthetic Employee 1900,Operations,35,1.5,18,9,10825277,0.1395,0.231,8,1.4,0,3.2,30,0,0.1419,0
1901,Synthetic Employee 1901,Engineering,39,1.9,22,11,17364487,0.1576,0.185,9,1.4,0,4.2,34,0,0.0832,0
1902,Synthetic Employee 1902,Marketing,30,0.7,8,10,10025335,-0.0886,0.285,9,0.4,1,2.9,20,0,0.2994,0
1903,Synthetic Employee 1903,Human Resources,40,5.4,64,18,12907305,0.2907,0.397,8,1.0,0,3.7,76,0,0.1359,0
1904,Synthetic Employee 1904,Marketing,34,0.9,10,9,13112106,0.192,0.487,10,0.3,0,4.5,20,1,0.19,1
1905,Synthetic Employee 1905,Operations,29,0.3,3,18,11799355,0.242,0.136,11,0.3,1,3.3,15,0,0.0724,0
1906,Synthetic Employee 1906,Marketing,38,1.5,18,13,10336567,-0.0603,0.121,14,0.8,2,2.8,30,0,0.1301,0
1907,Synthetic Employee 1907,Marketing,42,1.6,19,9,11002840,0.0003,0.062,10,0.9,1,3.6,24,1,0.0871,1
1908,Synthetic Employee 1908,Sales,39,12.0,144,6,15038829,0.2532,0.292,14,6.6,0,3.6,147,1,0.2689,1
1909,Synthetic Employee 1909,Operations,39,1.4,16,7,9477723,-0.0023,0.174,13,0.7,0,3.2,19,1,0.1978,1
1910,Synthetic Employee 1910,Human Resources,25,4.0,48,18,13212047,0.3212,0.312,10,2.3,0,3.0,60,0,0.1359,0
1911,Synthetic Employee 1911,Engineering,42,6.5,78,13,18189975,0.2127,0.431,14,5.2,0,3.2,90,0,0.2689,0
1912,Synthetic Employee 1912,Engineering,43,0.9,10,14,14788469,-0.0141,0.302,8,0.5,2,3.7,12,1,0.4013,1
1913,Synthetic Employee 1913,Consulting,34,0.3,3,21,11605332,0.0092,0.352,8,0.3,0,3.1,15,0,0.2994,0
1914,Synthetic Employee 1914,Engineering,34,4.0,48,10,14700724,-0.02,0.254,5,3.3,0,3.2,49,1,0.4013,1
1915,Synthetic Employee 1915,Engineering,50,3.7,44,21,18483258,0.2322,0.183,15,1.9,1,3.4,56,0,0.0832,0
1916,Synthetic Employee 1916,Human Resources,33,0.3,3,14,9377585,-0.0622,0.154,8,0.3,3,3.6,6,1,0.2789,1
1917,Synthetic Employee 1917,Engineering,39,4.1,49,15,18278477,0.2186,0.126,10,1.0,0,3.0,61,0,0.0497,0
1918,Synthetic Employee 1918,Operations,40,6.4,76,8,11840496,0.2464,0.177,12,3.7,0,4.5,88,0,0.1751,0
1919,Synthetic Employee 1919,Operations,36,7.0,84,22,7933571,-0.1649,0.193,8,2.7,0,2.3,96,0,0.4502,0
1920,Synthetic Employee 1920,Marketing,40,0.8,9,8,10061313,-0.0853,0.141,9,0.4,3,4.4,21,0,0.1824,0
1921,Synthetic Employee 1921,Consulting,29,0.3,3,21,8383301,-0.271,0.368,8,0.3,3,3.6,5,1,0.6341,1
1922,Synthetic Employee 1922,Sales,41,5.5,66,10,15281174,0.2734,0.446,14,0.9,0,4.9,78,0,0.1359,0
1923,Synthetic Employee 1923,Finance,25,11.7,140,23,17624380,0.2589,0.234,4,7.0,0,2.6,152,0,0.1751,0
1924,Synthetic Employee 1924,Engineering,50,6.7,80,26,16602039,0.1068,0.349,12,5.6,0,3.7,85,1,0.4013,1
1925,Synthetic Employee 1925,Finance,57,6.5,78,18,20798230,0.4856,0.364,15,3.4,0,2.5,87,1,0.2689,1
1926,Synthetic Employee 1926,Finance,43,0.4,4,5,12711718,-0.092,0.352,6,0.4,2,3.8,8,1,0.4013,1
1927,Synthetic Employee 1927,Finance,22,10.4,124,7,22938579,0.6385,0.463,8,0.4,0,3.8,136,0,0.1359,0
1928,Synthetic Employee 1928,Marketing,44,1.5,18,15,13384928,0.2168,0.446,5,0.6,1,2.7,30,0,0.1359,0
1929,Synthetic Employee 1929,Operations,52,7.2,86,7,11251743,0.1844,0.512,10,6.0,0,3.0,98,0,0.2689,0
1930,Synthetic Employee 1930,Engineering,41,1.5,18,19,17338587,0.1559,0.193,6,0.6,0,3.2,30,0,0.0832,0
1931,Synthetic Employee 1931,Human Resources,32,2.1,25,11,11006166,0.1006,0.298,8,0.4,0,3.0,37,0,0.2227,0
1932,Synthetic Employee 1932,Marketing,27,0.5,6,9,9031409,-0.179,0.145,17,0.2,2,3.1,18,0,0.3659,0
1933,Synthetic Employee 1933,Consulting,22,0.3,3,18,11275844,-0.0195,0.106,9,0.3,0,2.7,15,0,0.1246,0
1934,Synthetic Employee 1934,Operations,41,3.9,46,4,10179915,0.0716,0.171,8,2.6,3,3.5,58,0,0.2059,0
1935,Synthetic Employee 1935,Consulting,41,2.4,28,15,12464401,0.0839,0.306,10,1.0,0,2.9,40,0,0.2227,0
1936,Synthetic Employee 1936,Human Resources,42,1.8,21,7,10012825,0.0013,0.132,11,0.6,0,3.8,33,0,0.0871,0
1937,Synthetic Employee 1937,Consulting,32,2.1,25,6,14008788,0.2182,0.319,8,1.7,0,2.5,37,0,0.1359,0
1938,Synthetic Employee 1938,Operations,27,0.5,6,24,11265707,0.1859,0.098,13,0.5,0,3.7,18,0,0.0724,0
1939,Synthetic Employee 1939,Engineering,39,1.7,20,11,16477871,0.0985,0.415,4,0.6,1,3.2,21,1,0.2227,1
1940,Synthetic Employee 1940,Marketing,38,0.9,10,11,10329725,-0.0609,0.096,9,0.3,0,2.3,22,0,0.2142,0
1941,Synthetic Employee 1941,Finance,21,0.3,3,15,13672290,-0.0234,0.218,3,0.3,0,2.9,10,1,0.1978,1
1942,Synthetic Employee 1942,Marketing,41,6.6,79,13,16395688,0.4905,0.335,10,4.2,0,3.3,91,0,0.2689,0
1943,Synthetic Employee 1943,Marketing,47,2.4,28,5,14915727,0.356,0.437,10,1.7,0,3.8,40,0,0.1359,0
1944,Synthetic Employee 1944,Engineering,21,1.7,20,20,14985795,-0.0009,0.181,6,1.6,0,4.3,21,1,0.1419,1
1945,Synthetic Employee 1945,Finance,46,0.4,4,15,12031871,-0.1406,0.096,2,0.4,0,4.1,16,0,0.2689,0
1946,Synthetic Employee 1946,Finance,41,1.7,20,45,15811221,0.1294,0.48,6,0.6,0,2.9,32,0,0.3208,0
1947,Synthetic Employee 1947,Sales,37,1.9,22,2,13771995,0.1477,0.255,8,0.6,0,4.0,34,0,0.2227,0
1948,Synthetic Employee 1948,Sales,31,1.1,13,10,11569076,-0.0359,0.084,7,0.3,0,3.2,25,0,0.1246,0
1949,Synthetic Employee 1949,Operations,21,2.8,33,3,10917149,0.1492,0.091,8,0.7,0,3.4,45,0,0.0871,0
1950,Synthetic Employee 1950,Human Resources,33,1.2,14,8,11608341,0.1608,0.402,8,0.5,0,3.4,26,0,0.19,0
1951,Synthetic Employee 1951,Sales,31,2.4,28,15,13323875,0.1103,0.498,13,0.8,0,2.7,40,0,0.2227,0
1952,Synthetic Employee 1952,Consulting,42,1.3,15,8,11708973,0.0182,0.184,17,0.4,2,3.8,27,0,0.2789,0
1953,Synthetic Employee 1953,Engineering,32,10.3,123,12,18901280,0.2601,0.166,12,3.5,0,2.3,135,0,0.2891,0
1954,Synthetic Employee 1954,Marketing,28,0.3,3,7,10372843,-0.057,0.427,8,0.2,0,4.0,15,0,0.2994,0
1955,Synthetic Employee 1955,Consulting,35,0.9,10,14,7932090,-0.3103,0.459,11,0.5,0,3.2,22,0,0.525,0
1956,Synthetic Employee 1956,Finance,28,0.4,4,19,14823714,0.0588,0.208,5,0.3,0,2.7,16,0,0.1978,0
1957,Synthetic Employee 1957,Marketing,24,4.1,49,6,13288418,0.208,0.382,10,0.5,0,3.4,61,0,0.1359,0
1958,Synthetic Employee 1958,Engineering,26,7.0,84,12,22991626,0.5328,0.551,8,6.0,0,4.5,96,0,0.2689,0
1959,Synthetic Employee 1959,Consulting,44,9.2,110,22,15067183,0.3102,0.209,9,7.4,0,3.3,122,0,0.1751,0
1960,Synthetic Employee 1960,Marketing,30,8.8,105,22,18364132,0.6695,0.163,11,1.7,0,3.4,117,0,0.0832,0
1961,Synthetic Employee 1961,Finance,25,9.9,118,9,16934659,0.2096,0.356,9,5.9,0,3.2,130,0,0.2689,0
1962,Synthetic Employee 1962,Sales,40,2.5,30,15,11093907,-0.0755,0.222,10,1.5,1,4.2,42,0,0.1419,0
1963,Synthetic Employee 1963,Consulting,38,0.3,3,8,11757779,0.0224,0.178,6,0.2,2,3.7,15,0,0.2789,0
1964,Synthetic Employee 1964,Human Resources,48,5.5,66,12,11194015,0.1194,0.085,12,4.5,0,3.4,78,0,0.1824,0
1965,Synthetic Employee 1965,Consulting,45,16.2,194,18,13972251,0.215,0.109,5,4.8,0,3.5,197,1,0.1091,1
1966,Synthetic Employee 1966,Finance,29,3.6,43,13,19885507,0.4204,0.456,8,3.4,2,4.5,55,0,0.3659,0
1967,Synthetic Employee 1967,Consulting,28,7.3,87,13,16670982,0.4497,0.202,9,7.3,1,4.5,99,0,0.1751,0
1968,Synthetic Employee 1968,Consulting,33,0.8,9,3,14276335,0.2414,0.176,8,0.4,0,1.7,21,0,0.2059,0
1969,Synthetic Employee 1969,Finance,39,1.0,12,28,14443448,0.0317,0.123,7,1.0,0,2.9,24,0,0.1246,0
1970,Synthetic Employee 1970,Finance,22,1.6,19,18,15079923,0.0771,0.269,5,1.0,1,2.9,31,0,0.2227,0
1971,Synthetic Employee 1971,Operations,23,0.6,7,4,8718021,-0.0823,0.207,13,0.3,0,4.6,19,0,0.1978,0
1972,Synthetic Employee 1972,Operations,38,1.3,15,3,12093871,0.273,0.055,12,0.2,0,4.5,27,0,0.0724,0
1973,Synthetic Employee 1973,Finance,39,1.8,21,28,12259306,-0.1243,0.313,9,0.7,1,4.4,33,0,0.4256,0
1974,Synthetic Employee 1974,Engineering,37,3.8,45,7,18955659,0.2637,0.132,7,2.5,0,3.6,57,0,0.0497,0
1975,Synthetic Employee 1975,Finance,38,3.2,38,15,15067095,0.0762,0.151,13,2.7,0,3.6,50,0,0.1419,0
1976,Synthetic Employee 1976,Operations,30,5.1,61,14,15055438,0.5848,0.157,4,2.2,0,2.3,73,0,0.148,0
1977,Synthetic Employee 1977,Consulting,44,2.3,27,19,13666533,0.1884,0.242,4,1.0,0,2.9,39,0,0.0832,0
1978,Synthetic Employee 1978,Operations,27,0.5,6,8,8438564,-0.1117,0.585,10,0.4,0,3.0,18,0,0.2994,0
1979,Synthetic Employee 1979,Marketing,38,6.7,80,16,18743349,0.7039,0.015,12,4.1,0,3.8,92,0,0.1091,0
1980,Synthetic Employee 1980,Engineering,35,0.5,6,5,17226157,0.1484,0.077,13,0.4,2,4.1,18,0,0.1824,0
1981,Synthetic Employee 1981,Sales,44,1.0,12,10,15891557,0.3243,0.269,8,0.4,0,2.8,24,0,0.19,0
1982,Synthetic Employee 1982,Marketing,45,2.0,24,36,8666530,-0.2121,0.104,9,1.6,1,2.2,28,1,0.4378,1
1983,Synthetic Employee 1983,Operations,32,5.4,64,8,13058024,0.3745,0.258,12,4.8,0,3.4,76,0,0.2689,0
1984,Synthetic Employee 1984,Consulting,34,2.1,25,22,12440113,0.0817,0.039,10,0.9,1,4.0,37,0,0.0871,0
1985,Synthetic Employee 1985,Marketing,31,0.5,6,10,12782775,0.1621,0.314,8,0.3,0,4.4,11,1,0.19,1
1986,Synthetic Employee 1986,Marketing,46,14.3,171,6,14024916,0.275,0.14,9,5.5,0,4.3,183,0,0.1091,0
1987,Synthetic Employee 1987,Marketing,25,0.6,7,16,10678196,-0.0293,0.44,12,0.5,2,3.7,19,0,0.4013,0
1988,Synthetic Employee 1988,Engineering,36,0.8,9,10,18141049,0.2094,0.159,9,0.6,0,3.2,21,0,0.1192,0
1989,Synthetic Employee 1989,Sales,31,0.3,3,39,11528814,-0.0393,0.304,11,0.3,0,2.1,11,1,0.5744,1
1990,Synthetic Employee 1990,Consulting,38,12.8,153,16,22010542,0.914,0.368,5,4.0,0,3.7,165,0,0.2689,0
1991,Synthetic Employee 1991,Sales,31,1.1,13,7,15691290,0.3076,0.375,8,0.9,1,3.3,25,0,0.19,0
1992,Synthetic Employee 1992,Finance,21,1.6,19,5,16688782,0.1921,0.293,7,1.0,0,3.9,31,0,0.1359,0
1993,Synthetic Employee 1993,Operations,53,0.4,4,23,11442004,0.2044,0.221,8,0.3,0,2.8,16,0,0.1192,0
1994,Synthetic Employee 1994,Human Resources,42,0.6,7,21,7444207,-0.2556,0.085,15,0.5,0,3.6,13,1,0.2689,1
1995,Synthetic Employee 1995,Engineering,52,12.7,152,7,25359862,0.6907,0.096,7,5.0,1,3.1,164,0,0.1091,0
1996,Synthetic Employee 1996,Sales,39,0.6,7,7,14253520,0.1878,0.067,5,0.3,1,2.5,19,0,0.0724,0
1997,Synthetic Employee 1997,Operations,35,1.2,14,14,9834751,0.0352,0.071,10,0.6,0,4.3,26,0,0.1246,0
1998,Synthetic Employee 1998,Operations,35,4.6,55,41,11010064,0.159,0.117,7,4.2,0,3.6,67,0,0.168,0
1999,Synthetic Employee 1999,Engineering,32,0.8,9,15,17591914,0.1728,0.196,8,0.3,0,3.3,21,0,0.1192,0
2000,Synthetic Employee 2000,Engineering,41,4.9,58,7,17523261,0.1682,0.064,9,4.0,0,3.1,70,0,0.1091,0
2001,Synthetic Employee 2001,Operations,47,0.7,8,11,11127715,0.1713,0.342,10,0.4,0,2.9,20,0,0.19,0
2002,Synthetic Employee 2002,Finance,25,2.5,30,17,14187469,0.0134,0.182,2,1.8,3,3.7,42,0,0.2059,0
2003,Synthetic Employee 2003,Sales,49,1.0,12,6,14898374,0.2415,0.443,4,0.3,1,2.7,24,0,0.19,0
2004,Synthetic Employee 2004,Human Resources,47,0.4,4,23,9762937,-0.0237,0.083,8,0.2,0,3.2,16,0,0.1246,0
2005,Synthetic Employee 2005,Human Resources,38,0.5,6,13,7706181,-0.2294,0.272,16,0.4,0,3.0,18,0,0.525,0
2006,Synthetic Employee 2006,Human Resources,46,2.6,31,10,16534582,0.6535,0.068,10,1.5,0,4.6,43,0,0.0497,0
2007,Synthetic Employee 2007,Marketing,37,1.3,15,7,11983148,0.0894,0.465,9,0.7,0,3.0,23,1,0.2994,1
2008,Synthetic Employee 2008,Sales,29,1.4,16,22,15437847,0.2865,0.511,12,1.4,0,3.6,28,0,0.19,0
2009,Synthetic Employee 2009,Marketing,30,3.1,37,21,17211339,0.5647,0.059,10,2.2,1,3.7,49,0,0.0497,0
2010,Synthetic Employee 2010,Marketing,21,3.4,40,9,12524549,0.1386,0.292,3,0.4,0,2.9,52,0,0.2227,0
2011,Synthetic Employee 2011,Operations,33,1.7,20,5,11079226,0.1662,0.478,10,0.7,0,4.3,32,0,0.1359,0
2012,Synthetic Employee 2012,Marketing,26,12.2,146,26,13745891,0.2496,0.418,3,4.1,0,2.9,151,1,0.2689,1
2013,Synthetic Employee 2013,Consulting,38,2.8,33,15,15481381,0.3462,0.429,7,1.2,3,4.3,45,0,0.1978,0
2014,Synthetic Employee 2014,Finance,27,1.4,16,16,11248330,-0.1965,0.253,8,0.6,3,3.0,22,1,0.6341,1
2015,Synthetic Employee 2015,Finance,35,3.0,36,13,16420523,0.1729,0.204,10,1.9,0,3.5,48,0,0.0832,0
2016,Synthetic Employee 2016,Engineering,50,7.1,85,4,19712230,0.3141,0.608,11,2.7,1,4.8,97,0,0.1359,0
2017,Synthetic Employee 2017,Engineering,40,5.9,70,22,14352658,-0.0432,0.515,9,4.6,0,2.1,78,1,0.5622,1
2018,Synthetic Employee 2018,Sales,40,5.7,68,28,12866619,0.0722,0.191,8,5.6,3,3.5,80,0,0.3775,0
2019,Synthetic Employee 2019,Sales,35,0.3,3,15,9729999,-0.1892,0.342,13,0.3,0,3.4,15,0,0.525,0
2020,Synthetic Employee 2020,Consulting,30,1.4,16,33,12754164,0.1091,0.008,8,0.7,0,5.0,24,1,0.1246,1
2021,Synthetic Employee 2021,Finance,47,3.3,39,9,14888003,0.0634,0.018,5,1.0,0,3.3,51,0,0.0871,0
2022,Synthetic Employee 2022,Engineering,35,0.4,4,11,16026977,0.0685,0.069,11,0.3,0,3.5,16,0,0.1246,0
2023,Synthetic Employee 2023,Operations,44,3.1,37,14,10149648,0.0684,0.055,5,1.2,1,3.0,49,0,0.0871,0
2024,Synthetic Employee 2024,Engineering,33,1.5,18,16,14210881,-0.0526,0.227,9,1.3,0,3.1,26,1,0.1419,1
2025,Synthetic Employee 2025,Marketing,47,0.6,7,11,12623071,0.1476,0.324,11,0.5,0,3.8,19,0,0.2994,0
2026,Synthetic Employee 2026,Human Resources,22,4.1,49,5,6446171,-0.3554,0.357,14,3.2,2,3.5,55,1,0.7311,1
2027,Synthetic Employee 2027,Operations,35,4.3,51,15,11810704,0.2432,0.213,7,1.3,1,4.2,63,0,0.0832,0
2028,Synthetic Employee 2028,Human Resources,27,1.0,12,9,12420682,0.2421,0.252,7,0.5,0,3.3,24,0,0.19,0
2029,Synthetic Employee 2029,Human Resources,38,0.5,6,4,9652241,-0.0348,0.27,5,0.3,0,4.5,18,0,0.2994,0
2030,Synthetic Employee 2030,Finance,36,2.9,34,19,23049080,0.6464,0.138,9,2.5,0,3.6,46,0,0.0497,0
2031,Synthetic Employee 2031,Human Resources,26,0.8,9,19,10645886,0.0646,0.271,9,0.6,1,3.5,21,0,0.2994,0
2032,Synthetic Employee 2032,Human Resources,30,2.5,30,3,8550706,-0.1449,0.043,12,0.3,0,4.2,37,1,0.1978,1
2033,Synthetic Employee 2033,Marketing,42,0.6,7,4,9138919,-0.1692,0.313,8,0.5,0,3.7,18,1,0.525,1
2034,Synthetic Employee 2034,Sales,40,2.4,28,22,15901556,0.3251,0.358,5,1.6,3,3.1,40,0,0.1978,0
2035,Synthetic Employee 2035,Consulting,38,1.6,19,17,14796996,0.2867,0.138,11,0.6,2,3.2,31,0,0.0759,0
2036,Synthetic Employee 2036,Finance,50,10.0,120,18,21348774,0.5249,0.047,13,7.2,0,4.3,132,0,0.1091,0
2037,Synthetic Employee 2037,Engineering,39,0.3,3,26,16587822,0.1059,0.267,8,0.2,2,3.2,6,1,0.4013,1
2038,Synthetic Employee 2038,Marketing,52,3.1,37,16,10610751,-0.0354,0.203,16,1.3,0,3.0,49,0,0.1419,0
2039,Synthetic Employee 2039,Human Resources,24,2.7,32,5,13724461,0.3724,0.11,8,0.8,0,4.0,44,0,0.0497,0
2040,Synthetic Employee 2040,Engineering,31,0.8,9,8,18342632,0.2228,0.046,15,0.3,1,3.4,21,0,0.0724,0
2041,Synthetic Employee 2041,Marketing,24,2.9,34,17,13821274,0.2565,0.379,9,2.1,0,3.3,46,0,0.1359,0
2042,Synthetic Employee 2042,Operations,40,7.4,88,21,12117023,0.2755,0.434,13,2.3,0,3.7,91,1,0.1359,1
2043,Synthetic Employee 2043,Operations,47,3.3,39,19,11623782,0.2236,0.153,3,2.8,0,3.1,51,0,0.0832,0
2044,Synthetic Employee 2044,Finance,50,6.4,76,15,22985638,0.6418,0.181,7,5.8,0,4.2,88,0,0.1751,0
2045,Synthetic Employee 2045,Human Resources,30,6.8,81,27,11929716,0.193,0.17,10,5.4,0,4.2,93,0,0.1751,0
2046,Synthetic Employee 2046,Finance,32,1.9,22,10,13011580,-0.0706,0.207,13,1.7,0,2.1,34,0,0.2405,0
2047,Synthetic Employee 2047,Operations,21,5.5,66,25,9101942,-0.0419,0.278,3,2.7,0,4.3,78,0,0.2227,0
2048,Synthetic Employee 2048,Marketing,24,9.9,118,26,19247033,0.7497,0.145,8,3.5,1,3.8,130,0,0.1091,0
2049,Synthetic Employee 2049,Engineering,38,0.5,6,27,19418240,0.2945,0.198,5,0.3,0,4.4,7,1,0.1192,1
2050,Synthetic Employee 2050,Sales,31,1.1,13,29,12012202,0.001,0.327,12,0.6,2,2.1,20,1,0.5622,1
2051,Synthetic Employee 2051,Human Resources,44,3.7,44,15,6333750,-0.3666,0.253,11,1.8,1,4.1,51,1,0.4256,1
2052,Synthetic Employee 2052,Finance,34,0.9,10,4,14730593,0.0522,0.294,12,0.2,1,2.9,22,0,0.2994,0
2053,Synthetic Employee 2053,Engineering,21,5.2,62,19,20086599,0.3391,0.426,11,4.1,0,3.4,74,0,0.2689,0
2054,Synthetic Employee 2054,Engineering,23,2.2,26,3,16236969,0.0825,0.243,13,1.3,0,3.9,38,0,0.1419,0
2055,Synthetic Employee 2055,Sales,35,5.8,69,17,14675671,0.223,0.271,7,3.6,0,2.6,78,1,0.2689,1
2056,Synthetic Employee 2056,Marketing,44,1.4,16,28,12214970,0.1105,0.466,10,0.5,1,2.9,23,1,0.2994,1
2057,Synthetic Employee 2057,Sales,21,0.6,7,24,10390706,-0.1341,0.128,11,0.6,2,4.7,13,1,0.3659,1
2058,Synthetic Employee 2058,Consulting,32,2.2,26,10,16882202,0.468,0.208,7,1.2,1,3.6,38,0,0.0832,0
2059,Synthetic Employee 2059,Sales,30,1.2,14,24,14895628,0.2413,0.142,7,1.0,3,2.8,26,0,0.1091,0
2060,Synthetic Employee 2060,Consulting,36,8.0,96,14,17195853,0.4953,0.305,16,3.7,0,3.8,107,1,0.2689,1
2061,Synthetic Employee 2061,Marketing,36,8.7,104,10,17761802,0.6147,0.311,12,2.3,0,4.8,116,0,0.1359,0
2062,Synthetic Employee 2062,Marketing,29,2.6,31,33,7718546,-0.2983,0.019,10,1.8,2,2.8,36,1,0.2789,1
2063,Synthetic Employee 2063,Marketing,33,1.0,12,6,10071577,-0.0844,0.295,6,0.4,0,2.9,24,0,0.2994,0
2064,Synthetic Employee 2064,Engineering,45,5.6,67,17,17086812,0.1391,0.202,4,3.6,0,3.0,70,1,0.2789,1
2065,Synthetic Employee 2065,Engineering,53,0.9,10,12,12483226,-0.1678,0.31,15,0.4,0,3.2,22,0,0.525,0
2066,Synthetic Employee 2066,Human Resources,42,6.8,81,9,12302761,0.2303,0.097,8,0.2,1,2.2,93,0,0.0911,0
2067,Synthetic Employee 2067,Operations,29,2.3,27,13,10124294,0.0657,0.466,7,2.2,0,2.1,39,0,0.3543,0
2068,Synthetic Employee 2068,Human Resources,44,1.1,13,25,13076472,0.3076,0.158,12,0.5,0,2.9,25,0,0.1192,0
2069,Synthetic Employee 2069,Sales,38,12.7,152,14,14354621,0.1962,0.248,11,2.1,1,2.5,164,0,0.0832,0
2070,Synthetic Employee 2070,Sales,45,10.6,127,34,18776540,0.5647,0.282,10,2.8,1,4.4,139,0,0.1359,0
2071,Synthetic Employee 2071,Human Resources,52,3.5,42,19,10007082,0.0007,0.293,4,3.3,1,2.1,54,0,0.5622,0
2072,Synthetic Employee 2072,Finance,34,5.1,61,20,17904985,0.2789,0.307,13,5.0,2,3.2,73,0,0.3659,0
2073,Synthetic Employee 2073,Operations,23,4.7,56,15,14147813,0.4892,0.234,8,4.1,0,3.9,68,0,0.1751,0
2074,Synthetic Employee 2074,Sales,36,5.5,66,4,14606949,0.2172,0.132,10,4.7,0,3.7,78,0,0.1091,0
2075,Synthetic Employee 2075,Finance,21,5.0,60,17,17890567,0.2779,0.249,4,1.9,0,3.6,72,0,0.0832,0
2076,Synthetic Employee 2076,Finance,34,3.0,36,17,14342297,0.0244,0.299,5,2.2,1,3.6,48,0,0.2227,0
2077,Synthetic Employee 2077,Consulting,31,0.3,3,6,9434214,-0.1796,0.219,8,0.2,3,3.4,11,1,0.5,1
2078,Synthetic Employee 2078,Operations,42,7.1,85,4,11882737,0.2508,0.067,7,5.3,0,2.8,92,1,0.1091,1
2079,Synthetic Employee 2079,Consulting,33,6.2,74,26,8434446,-0.2666,0.079,9,4.2,0,2.3,77,1,0.525,1
2080,Synthetic Employee 2080,Marketing,36,0.3,3,21,9164945,-0.1668,0.3,13,0.2,0,3.0,13,1,0.525,1
2081,Synthetic Employee 2081,Engineering,28,2.8,33,7,21950082,0.4633,0.13,7,2.0,2,3.5,45,0,0.0759,0
2082,Synthetic Employee 2082,Human Resources,42,19.4,232,19,14816911,0.4817,0.384,12,6.6,3,3.3,244,0,0.3659,0
2083,Synthetic Employee 2083,Consulting,39,1.0,12,10,8435181,-0.2665,0.235,7,0.3,1,3.2,14,1,0.3894,1
2084,Synthetic Employee 2084,Operations,27,0.4,4,8,10936966,0.1513,0.058,17,0.3,0,4.6,16,0,0.0724,0
2085,Synthetic Employee 2085,Engineering,32,0.3,3,8,14753046,-0.0165,0.257,10,0.2,1,2.6,5,1,0.2994,1
2086,Synthetic Employee 2086,Human Resources,36,0.6,7,21,9436032,-0.0564,0.231,11,0.3,0,2.4,19,0,0.3208,0
2087,Synthetic Employee 2087,Engineering,21,1.2,14,24,17196125,0.1464,0.467,11,1.0,1,4.0,17,1,0.2994,1
2088,Synthetic Employee 2088,Human Resources,37,1.4,16,17,9342868,-0.0657,0.069,6,1.3,0,2.6,28,0,0.1246,0
2089,Synthetic Employee 2089,Engineering,23,2.5,30,28,14261444,-0.0492,0.235,8,1.3,0,2.8,42,0,0.1419,0
2090,Synthetic Employee 2090,Consulting,49,1.6,19,5,17290618,0.5035,0.334,9,0.9,0,3.6,31,0,0.1359,0
2091,Synthetic Employee 2091,Marketing,55,8.5,102,7,14735850,0.3396,0.288,15,0.4,0,3.0,114,0,0.1359,0
2092,Synthetic Employee 2092,Finance,28,5.3,63,25,13058608,-0.0672,0.414,5,4.4,0,3.3,75,0,0.4013,0
2093,Synthetic Employee 2093,Human Resources,44,3.0,36,4,9809470,-0.0191,0.229,4,1.7,1,4.6,48,0,0.1419,0
2094,Synthetic Employee 2094,Finance,32,1.2,14,33,16602169,0.1859,0.092,10,0.3,0,3.4,15,1,0.0724,1
2095,Synthetic Employee 2095,Human Resources,33,1.1,13,11,7527020,-0.2473,0.302,10,0.6,0,3.5,25,0,0.525,0
2096,Synthetic Employee 2096,Operations,50,3.6,43,16,9078549,-0.0444,0.209,14,1.4,0,4.8,55,0,0.1419,0
2097,Synthetic Employee 2097,Operations,24,3.5,42,1,11405521,0.2006,0.264,9,1.7,0,3.7,54,0,0.1359,0
2098,Synthetic Employee 2098,Human Resources,39,7.6,91,13,15236140,0.5236,0.091,6,5.7,0,3.1,103,0,0.1091,0
2099,Synthetic Employee 2099,Marketing,51,1.6,19,12,11697068,0.0634,0.245,8,1.6,3,3.8,23,1,0.2059,1
2100,Synthetic Employee 2100,Engineering,38,1.7,20,13,13810325,-0.0793,0.347,4,0.9,0,4.1,32,0,0.2227,0
2101,Synthetic Employee 2101,Human Resources,21,0.8,9,6,9239449,-0.0761,0.391,9,0.7,0,3.8,11,1,0.2994,1
2102,Synthetic Employee 2102,Engineering,29,1.6,19,10,17034854,0.1357,0.207,13,0.7,0,2.7,31,0,0.1419,0
2103,Synthetic Employee 2103,Marketing,26,1.3,15,17,10463906,-0.0487,0.09,12,1.0,0,4.2,21,1,0.1246,1
2104,Synthetic Employee 2104,Sales,37,7.2,86,14,22181166,0.8484,0.275,14,2.6,1,3.4,98,0,0.1359,0
2105,Synthetic Employee 2105,Consulting,26,15.6,187,44,12732091,0.1071,0.236,8,2.8,0,4.3,189,1,0.2142,1
2106,Synthetic Employee 2106,Finance,37,1.0,12,17,15367809,0.0977,0.109,9,0.7,1,4.0,24,0,0.1246,0
2107,Synthetic Employee 2107,Human Resources,31,16.6,199,9,15709714,0.571,0.268,12,6.4,1,4.1,206,1,0.2689,1
2108,Synthetic Employee 2108,Consulting,28,4.6,55,12,10903800,-0.0518,0.341,12,0.9,0,3.0,67,0,0.2227,0
2109,Synthetic Employee 2109,Operations,37,0.3,3,10,7969973,-0.1611,0.056,12,0.3,1,4.0,15,0,0.2689,0
2110,Synthetic Employee 2110,Marketing,23,6.4,76,15,12878081,0.1707,0.333,8,6.3,0,2.9,88,0,0.2689,0
2111,Synthetic Employee 2111,Engineering,37,1.2,14,6,12604772,-0.1597,0.445,11,0.5,0,3.8,21,1,0.525,1
2112,Synthetic Employee 2112,Human Resources,42,0.8,9,23,12885436,0.2885,0.132,7,0.7,0,4.5,21,0,0.0724,0
2113,Synthetic Employee 2113,Consulting,51,9.4,112,10,19112600,0.662,0.035,10,1.0,0,3.7,119,1,0.0497,1
2114,Synthetic Employee 2114,Engineering,54,1.0,12,5,12948196,-0.1368,0.238,9,1.0,0,1.7,23,1,0.5498,1
2115,Synthetic Employee 2115,Sales,29,4.6,55,34,16829033,0.4024,0.11,10,0.5,0,3.5,67,0,0.0497,0
2116,Synthetic Employee 2116,Human Resources,33,5.6,67,11,12296057,0.2296,0.195,8,2.4,0,3.2,79,0,0.0832,0
2117,Synthetic Employee 2117,Finance,42,11.3,135,13,22593058,0.6138,0.107,10,1.4,0,2.6,147,0,0.0497,0
2118,Synthetic Employee 2118,Human Resources,37,9.0,108,6,16525981,0.6526,0.457,16,7.3,0,3.0,116,1,0.2689,1
2119,Synthetic Employee 2119,Finance,36,2.3,27,9,17123829,0.2231,0.306,7,1.2,2,3.5,39,0,0.1978,0
2120,Synthetic Employee 2120,Engineering,43,6.5,78,18,21230642,0.4154,0.266,8,6.1,0,3.0,85,1,0.2689,1
2121,Synthetic Employee 2121,Human Resources,21,5.8,69,20,10862877,0.0863,0.165,6,3.3,0,2.5,81,0,0.2789,0
2122,Synthetic Employee 2122,Consulting,35,2.3,27,15,15252762,0.3263,0.318,11,1.6,1,2.5,39,0,0.1359,0
2123,Synthetic Employee 2123,Marketing,56,0.3,3,7,15230455,0.3846,0.351,9,0.2,0,3.6,15,0,0.19,0
2124,Synthetic Employee 2124,Operations,34,5.8,69,20,11506053,0.2112,0.353,6,1.8,0,4.7,81,0,0.1359,0
2125,Synthetic Employee 2125,Marketing,41,3.7,44,8,10930487,-0.0063,0.34,5,2.7,1,3.0,49,1,0.2227,1
2126,Synthetic Employee 2126,Sales,37,5.4,64,15,15180372,0.265,0.358,11,0.9,2,4.4,76,0,0.1978,0
2127,Synthetic Employee 2127,Marketing,21,3.1,37,5,11365427,0.0332,0.055,6,2.9,1,2.2,49,0,0.1545,0
2128,Synthetic Employee 2128,Consulting,31,4.9,58,10,18787189,0.6337,0.154,8,1.4,0,3.2,70,0,0.0832,0
2129,Synthetic Employee 2129,Sales,44,0.4,4,2,16093023,0.3411,0.223,11,0.4,1,3.0,16,0,0.1192,0
2130,Synthetic Employee 2130,Engineering,33,2.4,28,13,17676026,0.1784,0.312,3,1.1,1,3.0,40,0,0.1359,0
2131,Synthetic Employee 2131,Finance,36,2.1,25,13,21005556,0.5004,0.32,4,0.9,1,2.7,37,0,0.1359,0
2132,Synthetic Employee 2132,Operations,30,2.0,24,10,10444852,0.0995,0.176,9,1.5,1,2.6,27,1,0.1419,1
2133,Synthetic Employee 2133,Engineering,54,3.9,46,8,17772054,0.1848,0.309,6,0.7,1,3.4,53,1,0.1359,1
2134,Synthetic Employee 2134,Finance,46,0.3,3,17,12442494,-0.1113,0.319,8,0.2,0,2.5,15,0,0.2994,0
2135,Synthetic Employee 2135,Finance,24,2.0,24,6,14536540,0.0383,0.357,13,1.2,2,4.5,36,0,0.31,0
2136,Synthetic Employee 2136,Sales,37,5.1,61,10,14390012,0.1992,0.3,8,2.7,0,2.5,73,0,0.1359,0
2137,Synthetic Employee 2137,Consulting,36,1.3,15,41,13483682,0.1725,0.146,9,1.2,0,4.2,27,0,0.1141,0
2138,Synthetic Employee 2138,Marketing,38,0.7,8,3,10356681,-0.0585,0.117,14,0.5,2,3.0,20,0,0.1824,0
2139,Synthetic Employee 2139,Marketing,30,8.0,96,5,14144811,0.2859,0.345,8,7.8,0,2.9,104,1,0.2689,1
2140,Synthetic Employee 2140,Operations,36,2.4,28,14,12714514,0.3384,0.469,9,1.0,1,4.6,40,0,0.1359,0
2141,Synthetic Employee 2141,Consulting,42,1.1,13,18,13162860,0.1446,0.376,8,0.7,1,3.4,25,0,0.2994,0
2142,Synthetic Employee 2142,Operations,37,5.5,66,6,13191265,0.3886,0.13,10,4.1,0,3.2,78,0,0.1091,0
2143,Synthetic Employee 2143,Consulting,28,1.6,19,12,8982039,-0.219,0.315,9,0.4,0,2.3,25,1,0.5866,1
2144,Synthetic Employee 2144,Sales,36,2.3,27,15,13674318,0.1395,0.192,11,0.5,2,3.7,39,0,0.2059,0
2145,Synthetic Employee 2145,Sales,30,2.0,24,25,14919527,0.2433,0.448,8,0.9,2,3.8,36,0,0.1978,0
2146,Synthetic Employee 2146,Engineering,45,1.9,22,10,19599150,0.3066,0.459,8,1.7,2,3.8,34,0,0.1978,0
2147,Synthetic Employee 2147,Sales,29,1.4,16,32,11388442,-0.051,0.184,9,0.7,0,4.4,28,0,0.1978,0
2148,Synthetic Employee 2148,Marketing,38,1.3,15,17,12247761,0.1134,0.327,7,1.3,0,2.9,22,1,0.2994,1
2149,Synthetic Employee 2149,Sales,31,12.7,152,4,22211069,0.8509,0.135,8,6.5,0,4.1,164,0,0.1091,0
2150,Synthetic Employee 2150,Sales,33,1.4,16,23,13799754,0.15,0.251,9,1.1,0,3.9,28,0,0.2994,0
2151,Synthetic Employee 2151,Finance,35,4.1,49,7,10585663,-0.2439,0.264,4,3.9,0,3.9,56,1,0.6341,1
2152,Synthetic Employee 2152,Sales,49,1.4,16,21,13500740,0.1251,0.327,7,0.3,0,2.9,28,0,0.2994,0
2153,Synthetic Employee 2153,Consulting,27,2.1,25,23,9779103,-0.1496,0.203,13,1.0,0,2.8,37,0,0.2994,0
2154,Synthetic Employee 2154,Consulting,41,1.8,21,17,15038576,0.3077,0.371,14,1.7,0,3.3,33,0,0.1359,0
2155,Synthetic Employee 2155,Operations,33,4.5,54,25,13723171,0.4445,0.447,6,1.0,0,4.1,66,0,0.1359,0
2156,Synthetic Employee 2156,Engineering,41,7.1,85,27,17473392,0.1649,0.241,7,5.7,0,3.6,90,1,0.1751,1
2157,Synthetic Employee 2157,Sales,35,1.2,14,13,12503047,0.0419,0.08,10,0.5,0,3.2,16,1,0.1246,1
2158,Synthetic Employee 2158,Consulting,34,0.9,10,30,8711436,-0.2425,0.428,7,0.3,0,2.6,22,0,0.525,0
2159,Synthetic Employee 2159,Operations,31,4.0,48,10,11228478,0.1819,0.102,6,3.5,0,3.1,60,0,0.1091,0
2160,Synthetic Employee 2160,Human Resources,42,4.0,48,24,12729581,0.273,0.174,9,0.8,1,4.7,60,0,0.0832,0
2161,Synthetic Employee 2161,Human Resources,21,3.8,45,3,14190888,0.4191,0.25,8,1.3,0,3.4,57,0,0.0832,0
2162,Synthetic Employee 2162,Consulting,28,4.4,52,16,16871806,0.4671,0.307,3,0.8,0,4.3,64,0,0.1359,0
2163,Synthetic Employee 2163,Finance,35,3.0,36,15,12439579,-0.1115,0.306,9,0.7,1,4.9,48,0,0.2227,0
2164,Synthetic Employee 2164,Consulting,49,2.9,34,8,11161650,-0.0294,0.065,12,1.4,0,4.8,46,0,0.0871,0
2165,Synthetic Employee 2165,Finance,36,1.7,20,5,14246740,0.0176,0.135,7,1.4,1,3.2,32,0,0.0871,0
2166,Synthetic Employee 2166,Human Resources,48,4.8,57,7,11161343,0.1161,0.185,9,4.2,0,2.9,62,1,0.2789,1
2167,Synthetic Employee 2167,Operations,25,1.5,18,26,10380214,0.0927,0.187,9,1.4,1,3.1,30,0,0.1419,0
2168,Synthetic Employee 2168,Finance,26,4.6,55,10,22633992,0.6167,0.003,3,2.7,0,3.6,60,1,0.0497,1
2169,Synthetic Employee 2169,Operations,35,4.3,51,14,9174648,-0.0342,0.282,12,3.4,0,3.3,63,0,0.4013,0
2170,Synthetic Employee 2170,Operations,44,2.4,28,11,7799454,-0.179,0.015,7,2.0,1,3.5,40,0,0.1978,0
2171,Synthetic Employee 2171,Finance,31,7.0,84,10,19920948,0.4229,0.152,10,4.8,1,3.4,96,0,0.1751,0
2172,Synthetic Employee 2172,Marketing,42,0.3,3,4,7545604,-0.314,0.292,6,0.3,1,3.1,10,1,0.525,1
2173,Synthetic Employee 2173,Consulting,40,0.3,3,12,14254694,0.2395,0.121,10,0.2,0,3.3,15,0,0.0724,0
2174,Synthetic Employee 2174,Operations,32,0.4,4,15,12117589,0.2755,0.23,15,0.4,0,3.4,16,0,0.1192,0
2175,Synthetic Employee 2175,Marketing,29,0.3,3,31,12285033,0.1168,0.186,7,0.3,2,2.4,13,1,0.4256,1
2176,Synthetic Employee 2176,Sales,35,4.6,55,14,12318854,0.0266,0.138,12,4.2,0,2.0,67,0,0.2994,0
2177,Synthetic Employee 2177,Human Resources,21,12.5,150,7,16894819,0.6895,0.297,6,2.6,0,3.7,162,0,0.1359,0
2178,Synthetic Employee 2178,Engineering,48,7.2,86,23,20787185,0.3858,0.093,10,1.7,3,2.5,98,0,0.0759,0
2179,Synthetic Employee 2179,Human Resources,49,9.4,112,16,15357767,0.5358,0.189,9,3.6,1,3.1,124,0,0.1751,0
2180,Synthetic Employee 2180,Human Resources,45,1.4,16,7,7740834,-0.2259,0.029,9,1.1,1,2.9,28,0,0.2689,0
2181,Synthetic Employee 2181,Operations,27,5.6,67,9,13787058,0.4513,0.175,10,3.0,0,4.3,79,0,0.1751,0
2182,Synthetic Employee 2182,Marketing,49,2.5,30,3,13233919,0.2031,0.153,5,1.0,1,4.0,42,0,0.0832,0
2183,Synthetic Employee 2183,Consulting,24,0.3,3,1,11406899,-0.0081,0.102,4,0.3,2,2.4,15,0,0.2994,0
2184,Synthetic Employee 2184,Marketing,21,2.5,30,12,15222554,0.3839,0.069,10,1.1,1,5.0,42,0,0.0497,0
2185,Synthetic Employee 2185,Finance,35,0.3,3,11,15464250,0.1046,0.262,12,0.2,0,2.6,15,0,0.2994,0
2186,Synthetic Employee 2186,Engineering,49,4.1,49,23,15987889,0.0659,0.216,10,1.9,0,2.8,61,0,0.1419,0
2187,Synthetic Employee 2187,Marketing,28,1.9,22,8,13304075,0.2095,0.368,6,0.4,0,4.2,34,0,0.1359,0
2188,Synthetic Employee 2188,Finance,29,0.4,4,14,13317410,-0.0488,0.268,7,0.3,0,2.6,16,0,0.2994,0
2189,Synthetic Employee 2189,Engineering,30,7.4,88,11,13933851,-0.0711,0.37,6,5.3,0,4.5,100,0,0.4013,0
2190,Synthetic Employee 2190,Marketing,42,0.8,9,15,12018713,0.0926,0.041,6,0.5,1,3.8,21,0,0.1246,0
2191,Synthetic Employee 2191,Human Resources,56,1.4,16,11,12511664,0.2512,0.27,11,0.9,0,3.2,28,0,0.19,0
2192,Synthetic Employee 2192,Human Resources,39,13.4,160,2,16192586,0.6193,0.177,9,7.8,2,3.3,172,0,0.2497,0
2193,Synthetic Employee 2193,Engineering,21,7.7,92,24,21339020,0.4226,0.04,11,5.2,1,4.0,104,0,0.1091,0
2194,Synthetic Employee 2194,Engineering,44,1.3,15,16,15928359,0.0619,0.382,7,0.8,3,3.1,19,1,0.4013,1
2195,Synthetic Employee 2195,Marketing,38,1.4,16,8,13954459,0.2686,0.043,10,0.5,0,3.6,28,0,0.0724,0
2196,Synthetic Employee 2196,Consulting,33,1.0,12,14,16544008,0.4386,0.608,6,0.3,0,3.4,24,0,0.19,0
2197,Synthetic Employee 2197,Marketing,44,0.3,3,20,12410359,0.1282,0.206,7,0.2,1,4.0,15,0,0.1978,0
2198,Synthetic Employee 2198,Engineering,31,6.1,73,16,17396212,0.1597,0.247,8,3.9,0,4.1,77,1,0.1751,1
2199,Synthetic Employee 2199,Operations,25,1.7,20,2,10192137,0.0729,0.096,8,0.4,0,4.0,31,1,0.0871,1
2200,Synthetic Employee 2200,Consulting,33,11.9,142,31,17584767,0.5291,0.199,12,1.8,0,3.6,154,0,0.0832,0
2201,Synthetic Employee 2201,Consulting,56,4.1,49,10,11984431,0.0421,0.129,7,0.2,1,3.6,61,0,0.0871,0
2202,Synthetic Employee 2202,Engineering,46,0.4,4,19,18929321,0.262,0.251,9,0.3,0,3.3,16,0,0.19,0
2203,Synthetic Employee 2203,Finance,32,17.4,208,15,21291828,0.5208,0.48,10,7.4,1,3.9,212,1,0.2689,1
2204,Synthetic Employee 2204,Finance,28,2.4,28,9,15370220,0.0979,0.161,7,1.3,0,3.6,33,1,0.1419,1
2205,Synthetic Employee 2205,Finance,31,8.7,104,8,23085714,0.649,0.07,10,1.3,0,2.9,116,0,0.0497,0
2206,Synthetic Employee 2206,Human Resources,25,0.9,10,9,10682889,0.0683,0.191,9,0.3,0,2.6,22,0,0.1978,0
2207,Synthetic Employee 2207,Human Resources,47,1.9,22,6,10694250,0.0694,0.35,9,1.3,0,4.1,34,0,0.2227,0
2208,Synthetic Employee 2208,Finance,23,0.5,6,19,14287634,0.0205,0.214,2,0.5,0,4.4,18,0,0.1978,0
2209,Synthetic Employee 2209,Finance,37,2.5,30,12,18427161,0.3162,0.124,8,0.3,0,2.5,42,0,0.0497,0
2210,Synthetic Employee 2210,Consulting,35,1.1,13,13,13794916,0.1996,0.504,9,0.6,0,3.5,25,0,0.19,0
2211,Synthetic Employee 2211,Operations,31,5.3,63,12,8596651,-0.0951,0.112,6,5.0,0,4.5,75,0,0.1824,0
2212,Synthetic Employee 2212,Engineering,39,9.2,110,19,18300536,0.22,0.123,11,2.0,0,3.5,122,0,0.0497,0
2213,Synthetic Employee 2213,Human Resources,41,0.3,3,21,11888716,0.1889,0.344,10,0.2,1,2.3,15,0,0.31,0
2214,Synthetic Employee 2214,Consulting,42,1.3,15,26,12503632,0.0873,0.114,10,1.3,2,4.0,27,0,0.1824,0
2215,Synthetic Employee 2215,Finance,34,2.4,28,11,10356535,-0.2602,0.268,8,1.3,1,4.0,29,1,0.4256,1
2216,Synthetic Employee 2216,Operations,35,1.8,21,4,10869764,0.1442,0.131,9,1.4,0,3.5,33,0,0.0871,0
2217,Synthetic Employee 2217,Sales,44,5.6,67,20,17508737,0.4591,0.324,10,1.8,2,5.0,79,0,0.1978,0
2218,Synthetic Employee 2218,Marketing,38,6.1,73,25,13959050,0.269,0.289,11,2.8,0,3.3,85,0,0.1359,0
2219,Synthetic Employee 2219,Finance,21,0.6,7,28,12859516,-0.0815,0.076,8,0.2,0,2.7,19,0,0.1246,0
2220,Synthetic Employee 2220,Human Resources,33,6.6,79,15,10818846,0.0819,0.36,11,4.6,1,3.3,87,1,0.4013,1
2221,Synthetic Employee 2221,Finance,28,5.2,62,8,13524245,-0.034,0.312,5,1.7,3,3.1,68,1,0.31,1
2222,Synthetic Employee 2222,Sales,27,9.0,108,27,13291738,0.1076,0.116,12,3.9,1,2.9,120,0,0.1824,0
2223,Synthetic Employee 2223,Engineering,34,3.8,45,17,15945569,0.063,0.38,10,3.6,3,3.2,50,1,0.5125,1
2224,Synthetic Employee 2224,Human Resources,31,4.1,49,7,11750414,0.175,0.357,8,2.6,2,3.1,61,0,0.1978,0
2225,Synthetic Employee 2225,Engineering,50,0.8,9,9,16283335,0.0856,0.221,10,0.5,2,3.2,21,0,0.2789,0
2226,Synthetic Employee 2226,Consulting,50,0.4,4,10,12452133,0.0828,0.326,16,0.3,0,4.1,16,0,0.2994,0
2227,Synthetic Employee 2227,Consulting,30,3.0,36,12,10513125,-0.0858,0.656,7,0.3,0,3.7,48,0,0.2227,0
2228,Synthetic Employee 2228,Marketing,28,0.3,3,15,12498367,0.1362,0.213,10,0.3,0,2.9,15,0,0.1978,0
2229,Synthetic Employee 2229,Operations,34,1.9,22,17,9726879,0.0239,0.401,5,1.8,0,2.8,29,1,0.2227,1
2230,Synthetic Employee 2230,Engineering,31,0.3,3,26,16367343,0.0912,0.119,9,0.3,0,4.7,15,0,0.1246,0
2231,Synthetic Employee 2231,Finance,49,2.8,33,10,12164148,-0.1311,0.14,16,2.1,1,4.4,45,0,0.1978,0
2232,Synthetic Employee 2232,Operations,36,10.3,123,14,11286994,0.1881,0.208,6,0.7,0,2.8,135,0,0.0832,0
2233,Synthetic Employee 2233,Sales,42,1.9,22,21,13459199,0.1216,0.109,9,1.4,1,1.8,34,0,0.1545,0
2234,Synthetic Employee 2234,Engineering,49,4.0,48,15,19400631,0.2934,0.158,14,1.7,1,3.5,60,0,0.0832,0
2235,Synthetic Employee 2235,Sales,32,0.9,10,23,13249171,0.1041,0.23,9,0.4,2,3.8,20,1,0.2789,1
2236,Synthetic Employee 2236,Operations,45,2.9,34,19,10723606,0.1288,0.379,9,1.0,0,2.0,46,0,0.3543,0
2237,Synthetic Employee 2237,Human Resources,29,0.3,3,10,11256776,0.1257,0.44,9,0.2,0,3.4,15,0,0.2994,0
2238,Synthetic Employee 2238,Human Resources,36,0.3,3,6,12925055,0.2925,0.286,15,0.3,0,3.1,15,0,0.19,0
2239,Synthetic Employee 2239,Finance,42,4.9,58,5,14910487,0.065,0.381,10,0.6,0,4.3,62,1,0.2227,1
2240,Synthetic Employee 2240,Finance,35,0.7,8,19,16466690,0.1762,0.291,10,0.2,0,5.0,9,1,0.19,1
2241,Synthetic Employee 2241,Finance,34,6.7,80,14,18174035,0.2981,0.32,6,2.2,2,3.1,92,0,0.1978,0
2242,Synthetic Employee 2242,Sales,48,0.3,3,7,12666072,0.0555,0.037,11,0.2,2,3.7,15,0,0.1824,0
2243,Synthetic Employee 2243,Marketing,37,2.0,24,7,11224272,0.0204,0.253,10,1.3,0,2.7,27,1,0.2227,1
2244,Synthetic Employee 2244,Marketing,26,1.2,14,21,9427199,-0.143,0.16,10,0.8,3,3.5,26,0,0.5,0
2245,Synthetic Employee 2245,Marketing,48,3.1,37,22,12207015,0.1097,0.078,10,1.7,1,4.4,49,0,0.0871,0
2246,Synthetic Employee 2246,Human Resources,43,0.4,4,17,8966593,-0.1033,0.218,7,0.2,0,2.8,16,0,0.1978,0
2247,Synthetic Employee 2247,Human Resources,50,3.2,38,24,13843890,0.3844,0.066,9,2.4,0,3.6,50,0,0.0497,0
2248,Synthetic Employee 2248,Consulting,45,5.9,70,14,12253297,0.0655,0.166,5,1.3,0,2.8,76,1,0.1419,1
2249,Synthetic Employee 2249,Marketing,24,1.9,22,21,12559263,0.1418,0.019,3,1.6,1,2.6,34,0,0.0871,0
2250,Synthetic Employee 2250,Operations,33,6.3,75,6,11950425,0.2579,0.14,8,2.1,0,4.0,87,0,0.0497,0
2251,Synthetic Employee 2251,Finance,26,1.6,19,8,15077002,0.0769,0.362,10,0.5,1,2.5,31,0,0.2227,0
2252,Synthetic Employee 2252,Engineering,29,12.8,153,32,20231957,0.3488,0.447,11,5.1,0,3.3,165,0,0.2689,0
2253,Synthetic Employee 2253,Consulting,37,7.6,91,19,18243452,0.5864,0.092,12,1.8,0,3.9,103,0,0.0497,0
2254,Synthetic Employee 2254,Operations,25,0.3,3,7,10068449,0.0598,0.073,8,0.2,2,3.2,9,1,0.1824,1
2255,Synthetic Employee 2255,Operations,39,6.1,73,9,8891430,-0.0641,0.451,9,2.6,0,3.5,85,0,0.2227,0
2256,Synthetic Employee 2256,Marketing,44,4.4,52,28,13561870,0.2329,0.157,16,2.4,0,3.4,64,0,0.0832,0
2257,Synthetic Employee 2257,Engineering,49,4.8,57,26,15146170,0.0097,0.249,19,1.6,0,3.3,69,0,0.1419,0
2258,Synthetic Employee 2258,Marketing,23,2.6,31,13,13139687,0.1945,0.12,7,1.9,0,3.1,43,0,0.0497,0
2259,Synthetic Employee 2259,Engineering,32,5.6,67,19,15684303,0.0456,0.338,11,5.5,1,3.0,68,1,0.4013,1
2260,Synthetic Employee 2260,Finance,29,0.4,4,19,15797310,0.1284,0.161,13,0.2,1,2.6,11,1,0.1978,1
2261,Synthetic Employee 2261,Operations,22,0.4,4,14,10820140,0.139,0.447,7,0.2,0,2.8,15,1,0.2994,1
2262,Synthetic Employee 2262,Human Resources,21,3.0,36,14,10738014,0.0738,0.413,8,0.7,1,4.5,48,0,0.2227,0
2263,Synthetic Employee 2263,Marketing,50,4.2,50,6,10291819,-0.0644,0.114,9,1.9,0,3.2,62,0,0.0871,0
2264,Synthetic Employee 2264,Marketing,40,3.7,44,8,14435789,0.3123,0.333,4,1.9,0,4.9,56,0,0.1359,0
2265,Synthetic Employee 2265,Operations,21,11.1,133,2,13901689,0.4633,0.279,10,2.1,0,2.9,145,0,0.1359,0
2266,Synthetic Employee 2266,Consulting,36,0.4,4,19,10588875,-0.0792,0.44,9,0.2,1,3.4,6,1,0.2994,1
2267,Synthetic Employee 2267,Operations,45,3.7,44,10,13453504,0.4162,0.112,9,1.3,0,3.1,56,0,0.0497,0
2268,Synthetic Employee 2268,Finance,31,0.3,3,13,15323532,0.0945,0.223,8,0.2,2,2.1,15,0,0.4256,0
2269,Synthetic Employee 2269,Consulting,31,9.2,110,11,15157391,0.318,0.392,2,2.2,0,3.7,122,0,0.1359,0
2270,Synthetic Employee 2270,Sales,33,5.3,63,4,15998143,0.3332,0.432,9,5.2,0,3.0,75,0,0.2689,0
2271,Synthetic Employee 2271,Marketing,43,2.5,30,20,10295935,-0.064,0.476,6,0.3,0,3.8,42,0,0.2227,0
2272,Synthetic Employee 2272,Engineering,40,2.3,27,16,15368410,0.0246,0.421,16,0.3,1,3.8,36,1,0.2227,1
2273,Synthetic Employee 2273,Finance,34,7.3,87,15,18939720,0.3528,0.283,7,4.4,1,4.0,99,0,0.2689,0
2274,Synthetic Employee 2274,Operations,47,9.5,114,24,11827757,0.245,0.199,5,6.5,0,4.2,126,0,0.1751,0
2275,Synthetic Employee 2275,Sales,51,0.3,3,7,11967037,-0.0027,0.308,13,0.2,0,3.7,15,0,0.2994,0
2276,Synthetic Employee 2276,Marketing,42,1.1,13,11,15093662,0.3722,0.185,9,0.2,1,3.5,25,0,0.1192,0
2277,Synthetic Employee 2277,Marketing,42,0.3,3,59,11997034,0.0906,0.099,10,0.3,0,1.6,15,0,0.31,0
2278,Synthetic Employee 2278,Operations,40,6.1,73,22,10774363,0.1341,0.263,8,5.1,0,3.0,85,0,0.4013,0
2279,Synthetic Employee 2279,Operations,34,2.7,32,13,12935817,0.3617,0.323,9,1.1,0,3.1,44,0,0.1359,0
2280,Synthetic Employee 2280,Operations,33,4.2,50,11,12353519,0.3004,0.351,3,2.6,1,2.7,62,0,0.1359,0
2281,Synthetic Employee 2281,Human Resources,44,0.5,6,20,12610248,0.261,0.261,7,0.2,0,4.2,18,0,0.19,0
2282,Synthetic Employee 2282,Sales,43,2.5,30,29,11340834,-0.0549,0.045,12,2.1,0,3.9,42,0,0.0871,0
2283,Synthetic Employee 2283,Finance,45,0.6,7,6,11371133,-0.1878,0.063,3,0.6,1,2.7,19,0,0.2689,0
2284,Synthetic Employee 2284,Operations,34,4.0,48,12,12106766,0.2744,0.412,10,2.7,0,3.8,55,1,0.1359,1
2285,Synthetic Employee 2285,Engineering,38,3.5,42,7,21556123,0.4371,0.012,7,1.7,1,2.3,54,0,0.0911,0
2286,Synthetic Employee 2286,Marketing,35,5.5,66,29,15513676,0.4103,0.119,10,1.5,1,3.4,78,0,0.0497,0
2287,Synthetic Employee 2287,Finance,41,4.4,52,7,17545547,0.2533,0.347,7,0.7,1,3.7,64,0,0.1359,0
2288,Synthetic Employee 2288,Human Resources,25,3.6,43,12,11852896,0.1853,0.369,8,3.2,1,3.1,55,0,0.2689,0
2289,Synthetic Employee 2289,Operations,37,3.7,44,34,9753969,0.0267,0.118,9,1.3,1,3.7,56,0,0.0871,0
2290,Synthetic Employee 2290,Consulting,39,6.1,73,1,15587429,0.3554,0.279,8,4.6,0,4.0,85,0,0.2689,0
2291,Synthetic Employee 2291,Marketing,30,17.5,210,26,17876966,0.6252,0.215,7,5.4,0,4.5,222,0,0.1751,0
2292,Synthetic Employee 2292,Consulting,46,1.6,19,28,13192249,0.1472,0.493,8,0.3,0,3.0,31,0,0.2227,0
2293,Synthetic Employee 2293,Sales,28,1.0,12,10,12235059,0.0196,0.374,10,0.3,0,4.0,14,1,0.2994,1
2294,Synthetic Employee 2294,Operations,40,7.7,92,15,10205773,0.0743,0.263,9,7.6,1,3.3,98,1,0.4013,1
2295,Synthetic Employee 2295,Operations,37,3.0,36,25,10177338,0.0713,0.167,6,0.4,1,3.9,48,0,0.1419,0
2296,Synthetic Employee 2296,Consulting,42,0.7,8,14,11254368,-0.0214,0.073,11,0.4,0,4.1,20,0,0.1246,0
2297,Synthetic Employee 2297,Operations,34,0.3,3,4,8587433,-0.0961,0.268,12,0.3,0,3.3,15,0,0.2994,0
2298,Synthetic Employee 2298,Operations,40,2.2,26,19,7430075,-0.2179,0.176,9,1.7,1,2.8,38,0,0.2994,0
2299,Synthetic Employee 2299,Finance,22,2.1,25,10,14332091,0.0237,0.368,4,0.7,0,4.4,37,0,0.2227,0
2300,Synthetic Employee 2300,Engineering,34,2.8,33,8,16292329,0.0862,0.258,11,1.6,0,4.1,45,0,0.2227,0
2301,Synthetic Employee 2301,Operations,50,2.3,27,11,11875911,0.2501,0.301,11,2.0,0,3.7,39,0,0.1359,0
2302,Synthetic Employee 2302,Operations,43,2.3,27,7,10356868,0.0902,0.406,8,0.9,0,2.6,39,0,0.2227,0
2303,Synthetic Employee 2303,Human Resources,21,0.3,3,19,12021919,0.2022,0.413,11,0.2,0,3.9,15,0,0.19,0
2304,Synthetic Employee 2304,Finance,32,6.0,72,5,18003138,0.2859,0.114,7,1.1,0,3.9,84,0,0.0497,0
2305,Synthetic Employee 2305,Marketing,33,14.4,172,7,17042129,0.5493,0.093,9,3.9,0,3.0,173,1,0.1091,1
2306,Synthetic Employee 2306,Engineering,31,1.6,19,19,14438062,-0.0375,0.158,7,0.9,0,3.9,31,0,0.1419,0
2307,Synthetic Employee 2307,Marketing,27,1.6,19,12,9811595,-0.108,0.166,11,1.4,0,2.9,31,0,0.1419,0
2308,Synthetic Employee 2308,Marketing,37,8.3,99,15,21965128,0.9968,0.163,9,5.7,0,2.8,111,0,0.1751,0
2309,Synthetic Employee 2309,Sales,41,1.6,19,17,11663240,-0.0281,0.379,10,0.5,0,2.7,31,0,0.2227,0
2310,Synthetic Employee 2310,Sales,29,2.4,28,8,14322130,0.1935,0.384,9,1.9,0,3.8,40,0,0.1359,0
2311,Synthetic Employee 2311,Marketing,43,6.5,78,24,14581635,0.3256,0.268,9,3.1,0,3.4,90,0,0.2689,0
2312,Synthetic Employee 2312,Consulting,27,6.3,75,19,14131546,0.2288,0.033,7,5.5,1,4.9,87,0,0.1091,0
2313,Synthetic Employee 2313,Human Resources,38,2.5,30,11,8113980,-0.1886,0.137,10,1.7,0,3.6,42,0,0.1978,0
2314,Synthetic Employee 2314,Sales,21,5.2,62,9,15474283,0.2895,0.259,9,1.2,0,3.4,74,0,0.1359,0
2315,Synthetic Employee 2315,Sales,21,3.8,45,12,17389307,0.4491,0.135,12,1.7,0,3.5,57,0,0.0497,0
2316,Synthetic Employee 2316,Sales,38,3.0,36,14,14338094,0.1948,0.114,11,1.0,0,3.1,48,0,0.0497,0
2317,Synthetic Employee 2317,Sales,31,2.6,31,30,12908090,0.0757,0.268,9,2.5,0,3.9,43,0,0.2227,0
2318,Synthetic Employee 2318,Engineering,40,0.3,3,5,15408228,0.0272,0.148,7,0.2,0,3.7,15,0,0.1246,0
2319,Synthetic Employee 2319,Marketing,36,0.4,4,5,9971229,-0.0935,0.032,13,0.3,0,1.1,10,1,0.2142,1
2320,Synthetic Employee 2320,Consulting,27,5.2,62,8,11161592,-0.0294,0.381,6,1.3,0,2.8,70,1,0.2227,1
2321,Synthetic Employee 2321,Consulting,35,2.0,24,9,11223826,-0.024,0.283,15,1.0,1,2.7,34,1,0.2227,1
2322,Synthetic Employee 2322,Engineering,43,6.3,75,32,20395490,0.3597,0.116,8,4.0,0,3.4,87,0,0.1091,0
2323,Synthetic Employee 2323,Finance,39,2.6,31,13,16930791,0.2093,0.136,17,1.6,0,4.1,43,0,0.0497,0
2324,Synthetic Employee 2324,Consulting,41,2.8,33,17,12400123,0.0783,0.509,6,2.2,0,2.7,39,1,0.2227,1
2325,Synthetic Employee 2325,Finance,52,5.8,69,3,14336753,0.0241,0.345,8,4.5,0,2.7,81,0,0.4013,0
2326,Synthetic Employee 2326,Consulting,32,0.3,3,5,10250443,-0.1087,0.346,6,0.3,0,2.9,15,0,0.2994,0
2327,Synthetic Employee 2327,Operations,47,6.3,75,8,9393090,-0.0113,0.355,10,4.4,0,2.5,83,1,0.4013,1
2328,Synthetic Employee 2328,Finance,36,7.2,86,16,19249534,0.375,0.244,5,3.9,0,4.3,98,0,0.1751,0
2329,Synthetic Employee 2329,Engineering,41,4.9,58,11,15698909,0.0466,0.295,12,2.3,0,2.1,65,1,0.3543,1
2330,Synthetic Employee 2330,Operations,32,1.2,14,11,11336891,0.1934,0.223,9,1.0,1,2.2,26,0,0.2059,0
2331,Synthetic Employee 2331,Marketing,50,0.3,3,20,14859248,0.3508,0.092,7,0.2,0,3.3,15,0,0.0724,0
2332,Synthetic Employee 2332,Consulting,28,0.3,3,7,11605688,0.0092,0.154,5,0.3,0,3.8,15,0,0.1978,0
2333,Synthetic Employee 2333,Finance,35,1.0,12,15,16326801,0.1662,0.304,6,0.6,1,4.0,24,0,0.19,0
2334,Synthetic Employee 2334,Sales,34,0.3,3,22,15326134,0.2772,0.271,8,0.3,1,3.1,15,0,0.19,0
2335,Synthetic Employee 2335,Finance,26,1.5,18,7,16177991,0.1556,0.548,9,0.4,0,2.1,30,0,0.2315,0
2336,Synthetic Employee 2336,Human Resources,39,2.4,28,10,13106719,0.3107,0.283,10,0.4,1,2.5,40,0,0.1359,0
2337,Synthetic Employee 2337,Sales,40,0.3,3,7,11692763,-0.0256,0.253,12,0.2,2,3.3,7,1,0.4013,1
2338,Synthetic Employee 2338,Sales,40,1.5,18,45,13897841,0.1582,0.479,4,0.3,1,2.8,30,0,0.2059,0
2339,Synthetic Employee 2339,Sales,43,2.9,34,18,13644386,0.137,0.144,8,1.1,0,4.1,46,0,0.0871,0
2340,Synthetic Employee 2340,Consulting,35,0.3,3,21,10436488,-0.0925,0.098,11,0.2,2,2.8,15,0,0.1824,0
2341,Synthetic Employee 2341,Operations,29,10.9,130,8,12406545,0.306,0.333,10,3.4,2,4.3,142,0,0.3659,0
2342,Synthetic Employee 2342,Consulting,46,3.6,43,5,11900223,0.0348,0.364,5,1.9,1,2.1,48,1,0.3543,1
2343,Synthetic Employee 2343,Finance,39,5.8,69,20,15963373,0.1402,0.016,10,3.7,0,4.5,81,0,0.1824,0
2344,Synthetic Employee 2344,Consulting,39,1.6,19,18,11103072,-0.0345,0.544,5,1.1,0,4.4,31,0,0.2227,0
2345,Synthetic Employee 2345,Sales,33,0.4,4,9,12719421,0.06,0.128,9,0.4,0,3.8,16,0,0.1246,0
2346,Synthetic Employee 2346,Operations,29,3.2,38,9,12803567,0.3477,0.267,8,1.9,0,2.9,50,0,0.1359,0
2347,Synthetic Employee 2347,Human Resources,35,3.4,40,17,14867665,0.4868,0.258,6,2.2,0,4.1,46,1,0.1359,1
2348,Synthetic Employee 2348,Engineering,21,8.1,97,17,16002098,0.0668,0.171,12,6.3,1,1.6,109,0,0.4256,0
2349,Synthetic Employee 2349,Human Resources,27,0.3,3,16,8477566,-0.1522,0.248,14,0.3,0,4.3,14,1,0.3894,1
2350,Synthetic Employee 2350,Marketing,25,3.7,44,15,13829838,0.2573,0.06,10,1.4,0,2.5,56,0,0.0497,0
2351,Synthetic Employee 2351,Operations,27,8.0,96,17,13195633,0.389,0.044,7,7.6,0,3.0,108,0,0.1091,0
2352,Synthetic Employee 2352,Operations,41,6.3,75,19,14019312,0.4757,0.263,9,5.9,1,1.5,87,0,0.4134,0
2353,Synthetic Employee 2353,Sales,37,0.7,8,29,8882514,-0.2598,0.41,14,0.3,0,3.2,20,0,0.525,0
2354,Synthetic Employee 2354,Human Resources,35,1.4,16,18,8509256,-0.1491,0.188,13,0.4,0,3.6,24,1,0.3894,1
2355,Synthetic Employee 2355,Finance,38,7.7,92,6,16268581,0.162,0.357,5,3.3,0,4.0,96,1,0.2689,1
2356,Synthetic Employee 2356,Marketing,34,3.3,39,15,11989237,0.0899,0.109,2,0.2,0,2.4,51,0,0.1545,0
2357,Synthetic Employee 2357,Consulting,35,4.3,51,9,10266486,-0.1073,0.343,5,2.1,0,4.1,63,0,0.2227,0
2358,Synthetic Employee 2358,Operations,52,6.5,78,12,6930135,-0.2705,0.128,11,1.1,0,2.8,90,0,0.1978,0
2359,Synthetic Employee 2359,Consulting,40,3.1,37,8,17501574,0.5219,0.308,7,1.4,0,3.7,43,1,0.1359,1
2360,Synthetic Employee 2360,Human Resources,42,4.6,55,14,8760646,-0.1239,0.099,7,4.3,0,4.6,60,1,0.3659,1
2361,Synthetic Employee 2361,Sales,48,1.9,22,3,10466903,-0.1278,0.191,12,0.6,2,2.3,31,1,0.5622,1
2362,Synthetic Employee 2362,Finance,40,0.8,9,23,16177017,0.1555,0.186,6,0.5,3,3.0,21,0,0.1751,0
2363,Synthetic Employee 2363,Sales,35,10.1,121,10,19433765,0.6195,0.137,9,0.5,0,4.4,133,0,0.0497,0
2364,Synthetic Employee 2364,Marketing,21,8.6,103,21,15481614,0.4074,0.261,10,3.7,0,4.4,115,0,0.2689,0
2365,Synthetic Employee 2365,Consulting,39,11.7,140,31,17926811,0.5589,0.179,9,2.7,0,3.1,152,0,0.0832,0
2366,Synthetic Employee 2366,Consulting,37,1.4,16,4,13924186,0.2108,0.316,11,0.7,0,3.2,28,0,0.19,0
2367,Synthetic Employee 2367,Human Resources,30,1.9,22,5,9607602,-0.0392,0.301,7,1.1,0,3.5,34,0,0.2227,0
2368,Synthetic Employee 2368,Consulting,34,3.7,44,31,13926110,0.211,0.26,7,1.1,1,3.9,56,0,0.1359,0
2369,Synthetic Employee 2369,Sales,41,0.7,8,27,10670623,-0.1108,0.156,7,0.3,0,3.0,20,0,0.1978,0
2370,Synthetic Employee 2370,Marketing,40,5.5,66,22,15305507,0.3914,0.2,12,1.9,1,3.5,78,0,0.0832,0
2371,Synthetic Employee 2371,Operations,52,4.1,49,4,11884734,0.251,0.242,11,2.2,0,3.3,61,0,0.0832,0
2372,Synthetic Employee 2372,Finance,37,3.8,45,40,18334160,0.3096,0.264,5,1.6,2,2.6,48,1,0.2891,1
2373,Synthetic Employee 2373,Human Resources,34,10.6,127,13,15906817,0.5907,0.551,6,7.4,0,2.3,139,0,0.4134,0
2374,Synthetic Employee 2374,Human Resources,50,1.9,22,14,9933182,-0.0067,0.466,8,1.6,0,1.5,34,0,0.3543,0
2375,Synthetic Employee 2375,Consulting,35,0.3,3,44,11715870,0.0188,0.242,7,0.3,1,3.7,15,0,0.2891,0
2376,Synthetic Employee 2376,Marketing,31,0.3,3,24,12621706,0.1474,0.109,8,0.3,0,4.8,15,0,0.1246,0
2377,Synthetic Employee 2377,Consulting,37,10.8,129,7,16534199,0.4378,0.225,12,2.5,0,4.3,141,0,0.0832,0
2378,Synthetic Employee 2378,Human Resources,28,2.1,25,14,12704482,0.2704,0.45,11,0.9,1,3.4,37,0,0.1359,0
2379,Synthetic Employee 2379,Finance,29,13.0,156,47,24773199,0.7695,0.214,8,6.2,0,3.6,168,0,0.2592,0
2380,Synthetic Employee 2380,Finance,50,1.5,18,20,14196602,0.014,0.172,8,1.5,1,4.0,27,1,0.1419,1
2381,Synthetic Employee 2381,Human Resources,32,1.5,18,6,12510686,0.2511,0.087,12,0.9,0,3.6,30,0,0.0497,0
2382,Synthetic Employee 2382,Sales,27,4.4,52,5,18213522,0.5178,0.094,7,3.3,0,3.9,64,0,0.1091,0
2383,Synthetic Employee 2383,Consulting,35,0.4,4,18,12166104,0.0579,0.187,12,0.2,2,4.3,15,1,0.2789,1
2384,Synthetic Employee 2384,Sales,34,3.1,37,10,10598107,-0.1168,0.423,15,0.3,2,3.8,48,1,0.31,1
2385,Synthetic Employee 2385,Consulting,30,2.5,30,7,8732575,-0.2406,0.082,9,1.9,0,2.6,42,0,0.1978,0
2386,Synthetic Employee 2386,Finance,21,8.1,97,7,17854768,0.2753,0.16,8,3.4,0,2.9,109,0,0.1751,0
2387,Synthetic Employee 2387,Sales,40,3.0,36,7,10052600,-0.1623,0.238,10,0.7,0,4.1,48,0,0.2994,0
2388,Synthetic Employee 2388,Consulting,21,2.8,33,8,13111451,0.1401,0.119,10,1.9,2,3.3,41,1,0.1301,1
2389,Synthetic Employee 2389,Marketing,56,20.0,240,17,18894626,0.7177,0.426,11,5.8,0,3.4,251,1,0.2689,1
2390,Synthetic Employee 2390,Engineering,51,0.3,3,10,12381373,-0.1746,0.492,9,0.2,1,4.0,14,1,0.525,1
2391,Synthetic Employee 2391,Operations,40,1.7,20,9,12053642,0.2688,0.129,6,0.7,1,2.7,32,0,0.0497,0
2392,Synthetic Employee 2392,Human Resources,22,1.1,13,8,10434018,0.0434,0.338,8,0.8,0,2.8,14,1,0.2994,1
2393,Synthetic Employee 2393,Consulting,32,5.5,66,27,14735922,0.2814,0.105,10,3.7,0,4.6,78,0,0.1091,0
2394,Synthetic Employee 2394,Marketing,39,1.5,18,15,11314196,0.0286,0.36,9,0.5,0,4.0,30,0,0.2227,0
2395,Synthetic Employee 2395,Finance,44,4.6,55,9,13934705,-0.0047,0.214,12,2.6,0,3.7,67,0,0.1419,0
2396,Synthetic Employee 2396,Engineering,36,1.1,13,6,18400401,0.2267,0.125,7,0.4,0,4.3,25,0,0.0724,0
2397,Synthetic Employee 2397,Operations,32,10.0,120,19,17462403,0.8381,0.306,5,7.8,0,3.1,132,0,0.2689,0
2398,Synthetic Employee 2398,Consulting,40,1.9,22,20,11770984,0.0236,0.558,6,1.7,0,3.0,34,0,0.2227,0
2399,Synthetic Employee 2399,Finance,36,0.6,7,9,13392291,-0.0434,0.114,7,0.2,1,3.7,19,0,0.1246,0
2400,Synthetic Employee 2400,Consulting,34,0.3,3,22,9526534,-0.1716,0.382,11,0.3,0,4.2,5,1,0.525,1
2401,Synthetic Employee 2401,Engineering,42,4.9,58,11,16998231,0.1332,0.319,8,0.6,0,3.1,66,1,0.2227,1
2402,Synthetic Employee 2402,Marketing,36,4.2,50,17,12418635,0.129,0.012,8,3.7,0,3.9,60,1,0.1824,1
2403,Synthetic Employee 2403,Engineering,25,0.4,4,10,18061407,0.2041,0.264,10,0.4,0,2.5,16,0,0.19,0
2404,Synthetic Employee 2404,Consulting,21,1.2,14,12,9020505,-0.2156,0.32,8,0.6,1,3.5,15,1,0.525,1
2405,Synthetic Employee 2405,Sales,21,1.9,22,7,14476907,0.2064,0.121,12,0.5,0,3.4,34,0,0.0497,0
2406,Synthetic Employee 2406,Marketing,53,1.3,15,16,10654350,-0.0314,0.465,9,1.0,2,3.1,19,1,0.4013,1
2407,Synthetic Employee 2407,Human Resources,34,2.3,27,31,11384546,0.1385,0.457,8,0.5,0,4.0,39,0,0.2227,0
2408,Synthetic Employee 2408,Finance,48,2.0,24,8,15028848,0.0735,0.076,9,1.8,0,3.3,36,0,0.0871,0
2409,Synthetic Employee 2409,Sales,30,1.9,22,15,9532370,-0.2056,0.265,4,1.2,0,2.9,34,0,0.4256,0
2410,Synthetic Employee 2410,Consulting,39,5.1,61,10,16235171,0.4118,0.287,11,4.3,0,2.6,66,1,0.2689,1
2411,Synthetic Employee 2411,Human Resources,40,1.4,16,12,8776266,-0.1224,0.207,6,0.3,1,2.9,28,0,0.3894,0
2412,Synthetic Employee 2412,Engineering,36,0.3,3,5,11804809,-0.213,0.263,5,0.3,0,4.4,15,0,0.525,0
2413,Synthetic Employee 2413,Sales,38,10.4,124,10,17134694,0.4279,0.143,9,2.8,0,3.4,136,0,0.0497,0
2414,Synthetic Employee 2414,Consulting,51,2.8,33,5,11061089,-0.0382,0.116,8,1.0,2,4.4,45,0,0.1301,0
2415,Synthetic Employee 2415,Human Resources,32,1.4,16,14,10087993,0.0088,0.208,8,0.8,0,3.0,28,0,0.1978,0
2416,Synthetic Employee 2416,Marketing,46,0.3,3,8,13839968,0.2582,0.008,8,0.3,1,4.1,15,0,0.0724,0
2417,Synthetic Employee 2417,Engineering,21,1.4,16,5,15959210,0.0639,0.146,8,1.3,0,3.0,28,0,0.1246,0
2418,Synthetic Employee 2418,Human Resources,40,9.2,110,9,13611288,0.3611,0.371,8,0.9,0,2.0,122,0,0.2315,0
2419,Synthetic Employee 2419,Engineering,28,1.1,13,11,19334735,0.289,0.419,10,0.6,0,3.8,25,0,0.19,0
2420,Synthetic Employee 2420,Human Resources,38,1.3,15,23,8771965,-0.1228,0.071,7,0.5,0,2.5,21,1,0.2689,1
2421,Synthetic Employee 2421,Finance,34,13.8,165,6,23401991,0.6716,0.11,11,2.3,3,2.6,177,0,0.0759,0
2422,Synthetic Employee 2422,Marketing,29,2.0,24,19,10000519,-0.0909,0.24,9,0.8,0,3.1,36,0,0.1419,0
2423,Synthetic Employee 2423,Sales,33,7.6,91,5,14218719,0.1849,0.162,5,5.6,0,4.0,103,0,0.1751,0
2424,Synthetic Employee 2424,Human Resources,21,0.3,3,14,10238128,0.0238,0.16,10,0.3,0,3.1,15,0,0.1978,0
2425,Synthetic Employee 2425,Engineering,35,12.1,145,13,18800350,0.2534,0.331,7,2.3,3,2.0,157,0,0.3208,0
2426,Synthetic Employee 2426,Marketing,28,0.3,3,4,11460441,0.0419,0.439,12,0.3,2,3.6,4,1,0.4013,1
2427,Synthetic Employee 2427,Sales,45,1.4,16,21,14379740,0.1983,0.038,9,0.6,2,3.9,28,0,0.1091,0
2428,Synthetic Employee 2428,Engineering,35,1.5,18,20,15234547,0.0156,0.089,7,0.7,0,4.3,24,1,0.0871,1
2429,Synthetic Employee 2429,Marketing,28,9.1,109,5,14446263,0.3133,0.142,10,1.3,0,3.6,121,0,0.0497,0
2430,Synthetic Employee 2430,Engineering,51,5.0,60,8,13816135,-0.0789,0.111,9,4.4,0,2.9,65,1,0.1824,1
2431,Synthetic Employee 2431,Consulting,40,1.7,20,8,9962478,-0.1337,0.101,6,0.8,0,3.5,32,0,0.1978,0
2432,Synthetic Employee 2432,Operations,51,1.8,21,20,12103298,0.274,0.253,7,0.9,1,4.2,33,0,0.1359,0
2433,Synthetic Employee 2433,Operations,40,7.4,88,16,10520311,0.1074,0.366,8,4.4,0,3.4,94,1,0.4013,1
2434,Synthetic Employee 2434,Marketing,45,6.6,79,9,15204922,0.3823,0.279,12,1.3,0,2.8,91,0,0.1359,0
2435,Synthetic Employee 2435,Consulting,26,3.3,39,10,13167852,0.145,0.152,11,1.6,1,4.4,51,0,0.1419,0
2436,Synthetic Employee 2436,Sales,44,1.2,14,17,11485432,-0.0429,0.068,7,1.1,1,3.7,26,0,0.1246,0
2437,Synthetic Employee 2437,Sales,32,1.0,12,17,15085204,0.2571,0.281,11,0.6,0,2.5,24,0,0.19,0
2438,Synthetic Employee 2438,Engineering,39,3.2,38,6,12211746,-0.1859,0.023,5,1.2,0,3.2,50,0,0.1978,0
2439,Synthetic Employee 2439,Marketing,30,0.3,3,7,12357959,0.1235,0.273,8,0.3,2,3.1,15,0,0.4013,0
2440,Synthetic Employee 2440,Consulting,30,2.1,25,37,13455609,0.1701,0.12,6,0.5,3,3.8,37,0,0.1192,0
2441,Synthetic Employee 2441,Human Resources,27,2.0,24,15,10464186,0.0464,0.268,20,1.0,0,3.1,29,1,0.2227,1
2442,Synthetic Employee 2442,Operations,23,7.9,94,13,13627917,0.4345,0.602,7,4.3,0,2.7,106,0,0.2689,0
2443,Synthetic Employee 2443,Consulting,49,1.2,14,20,11347898,-0.0132,0.217,8,1.1,0,2.9,16,1,0.1978,1
2444,Synthetic Employee 2444,Sales,31,2.5,30,14,13713827,0.1428,0.429,4,0.7,2,4.7,37,1,0.31,1
2445,Synthetic Employee 2445,Consulting,36,1.7,20,8,9103813,-0.2084,0.129,13,1.7,0,3.8,32,0,0.1978,0
2446,Synthetic Employee 2446,Operations,33,3.0,36,4,12668156,0.3335,0.199,8,2.6,0,3.4,48,0,0.0832,0
2447,Synthetic Employee 2447,Human Resources,52,7.8,93,8,14165472,0.4165,0.195,11,6.7,0,3.7,105,0,0.1751,0
2448,Synthetic Employee 2448,Human Resources,31,0.3,3,10,12472978,0.2473,0.161,8,0.2,2,3.3,15,0,0.1751,0
2449,Synthetic Employee 2449,Finance,24,0.8,9,18,13899538,-0.0072,0.099,7,0.7,1,4.3,12,1,0.1246,1
2450,Synthetic Employee 2450,Engineering,38,0.5,6,24,18426247,0.2284,0.158,8,0.4,2,2.3,15,1,0.2891,1
2451,Synthetic Employee 2451,Engineering,33,2.9,34,7,18234574,0.2156,0.3,7,1.3,1,3.2,46,0,0.1359,0
2452,Synthetic Employee 2452,Engineering,27,3.9,46,16,14129050,-0.0581,0.075,10,2.6,1,3.8,58,0,0.0871,0
2453,Synthetic Employee 2453,Marketing,51,9.5,114,17,19992789,0.8175,0.302,16,6.5,2,4.4,126,0,0.3659,0
2454,Synthetic Employee 2454,Sales,42,1.8,21,21,13029495,0.0858,0.195,14,0.8,0,2.8,33,0,0.1419,0
2455,Synthetic Employee 2455,Consulting,49,0.7,8,1,8437419,-0.2663,0.116,3,0.7,0,3.8,20,0,0.2689,0
2456,Synthetic Employee 2456,Sales,21,1.4,16,9,14721677,0.2268,0.026,3,0.3,0,3.8,28,0,0.0724,0
2457,Synthetic Employee 2457,Finance,27,1.9,22,10,12282039,-0.1227,0.191,8,1.8,0,3.1,26,1,0.2994,1
2458,Synthetic Employee 2458,Operations,23,4.5,54,5,9263219,-0.0249,0.17,12,2.0,0,2.8,60,1,0.1419,1
2459,Synthetic Employee 2459,Finance,25,0.4,4,11,13115764,-0.0632,0.054,11,0.4,0,3.8,16,0,0.1246,0
2460,Synthetic Employee 2460,Finance,47,1.6,19,21,13114063,-0.0633,0.191,8,0.8,1,3.7,31,0,0.1419,0
2461,Synthetic Employee 2461,Human Resources,37,9.6,115,21,16258761,0.6259,0.236,12,2.4,0,3.3,127,0,0.0832,0
2462,Synthetic Employee 2462,Engineering,29,1.9,22,14,14395609,-0.0403,0.166,3,0.5,1,3.1,34,0,0.1419,0
2463,Synthetic Employee 2463,Consulting,33,4.0,48,29,10929492,-0.0496,0.215,9,3.6,0,2.8,60,0,0.2789,0
2464,Synthetic Employee 2464,Marketing,37,11.9,142,20,17410158,0.5827,0.225,12,7.2,0,4.0,146,1,0.1751,1
2465,Synthetic Employee 2465,Sales,33,0.3,3,17,15665656,0.3055,0.298,11,0.3,1,3.3,15,0,0.19,0
2466,Synthetic Employee 2466,Marketing,38,7.2,86,21,15917882,0.4471,0.079,10,3.2,1,3.5,98,0,0.1091,0
2467,Synthetic Employee 2467,Engineering,50,2.9,34,13,19269694,0.2846,0.155,7,2.2,0,2.7,46,0,0.0832,0
2468,Synthetic Employee 2468,Engineering,39,1.8,21,8,14678200,-0.0215,0.438,12,0.9,0,4.6,33,0,0.2227,0
2469,Synthetic Employee 2469,Sales,42,13.3,159,13,14505356,0.2088,0.435,12,3.1,0,3.4,171,0,0.2689,0
2470,Synthetic Employee 2470,Human Resources,30,5.1,61,9,12905612,0.2906,0.225,6,1.3,3,3.1,68,1,0.1246,1
2471,Synthetic Employee 2471,Operations,40,0.5,6,10,10517696,0.1071,0.126,13,0.4,0,2.8,18,0,0.1246,0
2472,Synthetic Employee 2472,Consulting,57,1.7,20,24,13156820,0.1441,0.275,5,1.1,0,3.2,32,0,0.2227,0
2473,Synthetic Employee 2473,Finance,33,1.5,18,14,14897605,0.0641,0.288,8,0.6,0,3.5,30,0,0.2227,0
2474,Synthetic Employee 2474,Human Resources,34,1.3,15,15,8561547,-0.1438,0.245,10,0.4,1,3.9,23,1,0.3894,1
2475,Synthetic Employee 2475,Engineering,47,3.4,40,3,17715992,0.1811,0.071,11,2.9,0,2.1,52,0,0.0911,0
2476,Synthetic Employee 2476,Engineering,34,3.0,36,3,17510925,0.1674,0.224,5,0.4,0,1.9,48,0,0.148,0
2477,Synthetic Employee 2477,Consulting,22,9.4,112,2,12295595,0.0692,0.494,11,2.3,0,2.0,124,0,0.3543,0
2478,Synthetic Employee 2478,Human Resources,39,4.3,51,13,12665161,0.2665,0.105,8,3.9,0,3.9,63,0,0.1091,0
2479,Synthetic Employee 2479,Finance,30,6.8,81,8,15083975,0.0774,0.068,12,5.7,1,3.7,86,1,0.1824,1
2480,Synthetic Employee 2480,Finance,35,2.3,27,30,15181945,0.0844,0.184,6,1.0,1,2.2,28,1,0.2405,1
2481,Synthetic Employee 2481,Engineering,39,6.0,72,8,19908355,0.3272,0.407,13,0.9,0,2.4,84,0,0.2315,0
2482,Synthetic Employee 2482,Operations,36,3.1,37,3,10177866,0.0714,0.357,9,2.2,0,3.5,40,1,0.2227,1
2483,Synthetic Employee 2483,Finance,50,0.4,4,39,11984298,-0.144,0.25,8,0.3,2,3.9,5,1,0.6225,1
2484,Synthetic Employee 2484,Finance,58,5.5,66,19,17798070,0.2713,0.275,11,1.5,0,2.5,78,0,0.1359,0
2485,Synthetic Employee 2485,Sales,43,0.9,10,8,14970831,0.2476,0.089,8,0.4,0,3.8,22,0,0.0724,0
2486,Synthetic Employee 2486,Operations,29,11.4,136,10,13475310,0.4185,0.028,11,2.4,0,3.5,148,0,0.0497,0
2487,Synthetic Employee 2487,Sales,36,9.7,116,14,16410815,0.3676,0.128,18,4.2,1,3.9,128,0,0.1091,0
2488,Synthetic Employee 2488,Marketing,45,4.5,54,4,13712123,0.2466,0.255,3,1.6,0,3.1,66,0,0.1359,0
2489,Synthetic Employee 2489,Human Resources,36,0.6,7,16,12353032,0.2353,0.108,9,0.4,0,4.7,19,0,0.0724,0
2490,Synthetic Employee 2490,Engineering,39,5.2,62,17,17966995,0.1978,0.571,10,1.8,1,3.0,74,0,0.1359,0
2491,Synthetic Employee 2491,Finance,28,5.1,61,7,20646788,0.4748,0.396,7,3.3,0,3.3,73,0,0.2689,0
2492,Synthetic Employee 2492,Marketing,43,2.0,24,7,11736403,0.0669,0.073,10,0.4,0,4.2,36,0,0.0871,0
2493,Synthetic Employee 2493,Sales,24,6.3,75,12,15282381,0.2735,0.2,7,1.6,0,4.5,87,0,0.0832,0
2494,Synthetic Employee 2494,Finance,29,0.3,3,32,15426807,0.1019,0.412,13,0.2,0,5.0,10,1,0.2994,1
2495,Synthetic Employee 2495,Human Resources,33,2.6,31,15,9188648,-0.0811,0.093,10,0.9,0,3.7,43,0,0.0871,0
2496,Synthetic Employee 2496,Sales,30,1.4,16,17,16404897,0.3671,0.155,7,1.4,0,2.1,28,0,0.2059,0
2497,Synthetic Employee 2497,Operations,39,12.4,148,15,11472619,0.2076,0.125,11,7.3,0,3.7,150,1,0.1091,1
2498,Synthetic Employee 2498,Operations,33,7.8,93,14,9649025,0.0157,0.171,5,4.9,1,3.8,97,1,0.2789,1
2499,Synthetic Employee 2499,Engineering,35,1.0,12,22,14812430,-0.0125,0.187,9,0.3,3,3.0,24,0,0.2789,0
2500,Synthetic Employee 2500,Finance,21,1.3,15,14,13117806,-0.063,0.081,4,1.1,0,2.6,27,0,0.1246,0
